Cells, ranges and cell references<br><br>How does Excel name one box on the sheet, and how do you point to a whole block of boxes in a formula?<br><br>A1: 10<br>A2: 20<br>A3: 30<br>B1: =SUM(A1:A3)	MEANING (SHORT):<br>A cell is one box on the sheet, and a range is a block of cells.<br><br>MEANING IN LEARNER'S LANGUAGE:<br>सेल = शीट का एक खाना; रेंज = कई खानों का समूह<br><br>CODE:<br>A1: 10<br>A2: 20<br>A3: 30<br>B1: =SUM(A1:A3)<br><br>OUTPUT:<br>60<br><br>EXPLANATION:<br>A cell address is the column letter followed by the row number. A range uses a colon between its first and last cell, so A1:A3 means A1, A2 and A3. Formulas use these addresses so the answer updates when the numbers change.<br><br>SIMPLE EXPLANATION (HINGLISH):<br>Har khane ka ek address hota hai, jaise A1. Kai khane ek saath lene hon to colon lagate hain, jaise A1:A3. Formula me address likhne se number badalne par answer khud badal jata hai.<br><br>REAL-LIFE ANALOGY:<br>Like a cinema seat number: row and seat together tell you exactly one seat, and a seat block is a group of neighbouring seats.<br><br>SYNTAX PATTERN:<br>=FUNCTION(first_cell:last_cell)<br><br>ANATOMY:<br>A = column letter | 1 = row number | A1 = one cell | A1:A3 = range from A1 down to A3<br><br>EXAMPLE 1:<br>A1: 10<br>B1: =A1 (shows 10, B1 just points to one cell)<br><br>EXAMPLE 2:<br>A1: 10<br>A2: 20<br>A3: 30<br>B1: =SUM(A1:A3) (shows 60, a range down one column)<br><br>EXAMPLE 3:<br>A1: 5<br>A2: 10<br>B1: 15<br>B2: 20<br>C1: =SUM(A1:B2) (shows 50, a block across two columns)<br><br>VARIATION:<br>=SUM(A1,A3) adds only A1 and A3 (comma picks separate cells)<br>=SUM(A:A) adds the whole column A<br>Name Box: type D10 and press Enter to jump to D10<br><br>USED WITH:<br>SUM, AVERAGE, Name Box, formulas<br><br>RELATED CONCEPTS:<br>Worksheet, Workbook, Named range, Table<br><br>ALTERNATIVES:<br>Named range, Excel Table column reference<br><br>FAMILY / GROUP:<br>cell, range, row, column, address, selection<br><br>WHERE IT IS USED:<br>Budgets and totals | Marks sheets | Any formula you write<br><br>MINI CONVERSATION:<br>A: My total shows 0, what did I do wrong? | B: Check your range; you may have typed A1:A2 instead of A1:A3 and missed a row.<br><br>COMMON MISTAKE:<br>✗ A1:A3 means only the two cells A1 and A3 → ✓ A1:A3 means every cell from A1 through A3, including A2<br><br>COMMONLY CONFUSED WITH:<br>A1:A3 vs A1,A3: the colon takes the whole block, the comma takes only the cells you name.<br><br>AVOID / DON'T:<br>Do not type numbers into a formula when the cell address can be used, or the answer will not update.<br><br>WRONG CODE:<br>A1: 10<br>A2: 20<br>A3: 30<br>B1: =SUM(A1,A3)<br><br>RIGHT CODE:<br>A1: 10<br>A2: 20<br>A3: 30<br>B1: =SUM(A1:A3)<br><br>MEMORY TRICK:<br>Colon = continues through all cells; comma = counts only the ones named.<br><br>REAL LIFE: PROJECT / WORK:<br>A school clerk sums the marks of one student by pointing a formula at the row range of that student.<br><br>REAL LIFE: INTERVIEW / EXAM:<br>Interview question: What is the difference between a cell reference and a range, and which symbol makes a range?<br><br>REAL LIFE: DAILY LIFE:<br>It is like telling a friend your flat number instead of saying the whole street, and a floor range instead of one flat.	01_Basics_&_Cells_Beginner_XL-001
Data types: text, number, date<br><br>Why can a cell that looks like a number refuse to add up, and what does Excel secretly store behind a date?<br><br>A1: 100<br>A2: '100 (typed with an apostrophe, so it is text)<br>B1: =ISNUMBER(A1)<br>B2: =ISNUMBER(A2)	MEANING (SHORT):<br>Excel stores each entry as text, a number or a date, and treats them differently.<br><br>MEANING IN LEARNER'S LANGUAGE:<br>टेक्स्ट = शब्द, नंबर = संख्या, डेट = तारीख<br><br>CODE:<br>A1: 100<br>A2: '100 (typed with an apostrophe, so it is text)<br>B1: =ISNUMBER(A1)<br>B2: =ISNUMBER(A2)<br><br>OUTPUT:<br>B1 shows TRUE and B2 shows FALSE<br><br>EXPLANATION:<br>ISNUMBER checks if a cell holds a real number. A1 is a number, but A2 was stored as text because of the apostrophe, even though it looks the same. Dates are numbers too: Excel counts days from 1 January 1900, and 1 January 2024 is stored as 45292.<br><br>SIMPLE EXPLANATION (HINGLISH):<br>Excel teen cheez alag rakhta hai: text, number aur date. Text ke andar 100 likha ho to wo jodne me nahi aata. Date asal me ek number hai jo din ginta hai.<br><br>REAL-LIFE ANALOGY:<br>Like a bank counter with separate windows for cash, cheques and letters, each handled by different rules.<br><br>SYNTAX PATTERN:<br>=ISNUMBER(cell)  |  =ISTEXT(cell)<br><br>ANATOMY:<br>ISNUMBER = test function | cell = what to check | result = TRUE or FALSE<br><br>EXAMPLE 1:<br>A1: Asha<br>B1: =ISTEXT(A1) (shows TRUE, a word is text)<br><br>EXAMPLE 2:<br>A1: 100<br>A2: '100<br>B1: =SUM(A1:A2) (shows 100, SUM skips the text one)<br><br>EXAMPLE 3:<br>A1: =DATE(2024,1,1)<br>A2: =DATE(2024,3,1)<br>B1: =A2-A1 (cell format General, shows 60 days)<br><br>VARIATION:<br>Format cell as General to see the date serial number, for example 45292<br>=VALUE(A2) converts text like "100" into the number 100<br>Data tab > Text to Columns > Finish converts a column of text numbers<br><br>USED WITH:<br>ISNUMBER, ISTEXT, VALUE, Format Cells<br><br>RELATED CONCEPTS:<br>Number format, Text to Columns, Date serial number, VALUE<br><br>ALTERNATIVES:<br>VALUE function, Text to Columns, multiply by 1<br><br>FAMILY / GROUP:<br>text, number, date, time, logical, error value<br><br>WHERE IT IS USED:<br>Importing data from other systems | Cleaning mark lists | Date calculations like due dates<br><br>MINI CONVERSATION:<br>A: My SUM ignores some numbers in the column, why? | B: They are probably stored as text; look for left-aligned values and convert them.<br><br>COMMON MISTAKE:<br>✗ Anything that looks like a number is a number → ✓ A value can look like 100 but be stored as text, and then SUM ignores it<br><br>COMMONLY CONFUSED WITH:<br>Text 100 vs number 100: text looks the same but is ignored by SUM and sorts like a word.<br><br>AVOID / DON'T:<br>Do not type numbers with extra spaces or apostrophes if you need to calculate with them.<br><br>WRONG CODE:<br>A1: 100<br>A2: '100<br>A3: 50<br>B1: =SUM(A1:A3) (expecting 250)<br><br>RIGHT CODE:<br>A1: 100<br>A2: '100<br>A3: 50<br>B2: =VALUE(A2)<br>B1: =SUM(A1,B2,A3) (shows 250)<br><br>MEMORY TRICK:<br>Left = Letters (text), Right = Right numbers; this is the default alignment.<br><br>REAL LIFE: PROJECT / WORK:<br>A sales analyst imports a CSV and converts text numbers so that totals match the source report.<br><br>REAL LIFE: INTERVIEW / EXAM:<br>Interview question: Why does SUM give the wrong total when some numbers are stored as text?<br><br>REAL LIFE: DAILY LIFE:<br>It is like a shopkeeper who counts only real notes and puts photocopies of notes aside.	01_Basics_&_Cells_Beginner_XL-002
AutoFill and the fill handle<br><br>Which tiny square at a cell's corner lets you drag a pattern or formula down a column?<br><br>A1: 1<br>A2: 2<br>Select A1:A2, drag the fill handle down to A5	MEANING (SHORT):<br>AutoFill copies or continues a pattern by dragging the fill handle.<br><br>MEANING IN LEARNER'S LANGUAGE:<br>ऑटोफ़िल = खींचकर पैटर्न या फ़ॉर्मूला अपने आप भरना<br><br>CODE:<br>A1: 1<br>A2: 2<br>Select A1:A2, drag the fill handle down to A5<br><br>OUTPUT:<br>A3 shows 3, A4 shows 4, A5 shows 5<br><br>EXPLANATION:<br>Excel reads the first two values to find the step, here +1, and continues it. For text such as day names it continues the built-in list. For formulas it copies the formula and moves the relative references.<br><br>SIMPLE EXPLANATION (HINGLISH):<br>Do cell select karke handle kheenchoge to Excel pattern samajh kar aage bhar deta hai. Ek hi number ho to wo copy ho jata hai. Formula ho to wo bhi neeche copy hota hai.<br><br>REAL-LIFE ANALOGY:<br>Like showing a child 2, 4 and then saying carry on; the child continues 6, 8, 10 by the same rule.<br><br>SYNTAX PATTERN:<br>Select cells > drag the fill handle (bottom-right square)<br><br>ANATOMY:<br>Selected cells = the pattern | fill handle = small square | drag direction = where the pattern continues<br><br>EXAMPLE 1:<br>A1: 1<br>A2: 2<br>Select A1:A2, drag the handle to A5 (A5 shows 5, a number series)<br><br>EXAMPLE 2:<br>A1: Mon<br>Drag the handle down to A3 (A2 shows Tue, A3 shows Wed, a text list)<br><br>EXAMPLE 3:<br>A1: 5<br>A2: 7<br>A3: 9<br>B1: =A1*2<br>Double-click the handle of B1 (B2 shows 14, B3 shows 18, a formula copy)<br><br>VARIATION:<br>A single number such as 5 is copied, not counted, when you drag<br>Hold Ctrl while dragging a single number to make it count up (Windows)<br>Click the small Auto Fill Options button after dragging to choose Copy Cells or Fill Series<br><br>USED WITH:<br>Fill series, relative references, Flash Fill, Ctrl+D<br><br>RELATED CONCEPTS:<br>Relative reference, Custom lists, Ctrl+D, Flash Fill<br><br>ALTERNATIVES:<br>Ctrl+D to fill down, Home tab > Fill > Series<br><br>FAMILY / GROUP:<br>AutoFill, fill handle, fill series, fill down, fill right, series<br><br>WHERE IT IS USED:<br>Serial numbers on a list | Dates and months across columns | Copying one formula to every row<br><br>MINI CONVERSATION:<br>A: I typed 1 and dragged but I got 1, 1, 1; why? | B: A single number is copied, so enter 1 and 2 first and drag both cells.<br><br>COMMON MISTAKE:<br>✗ Dragging one number always counts up, 1, 2, 3 → ✓ A single number is copied; give two cells to show the step, or hold Ctrl while dragging<br><br>COMMONLY CONFUSED WITH:<br>Fill handle vs Ctrl+D: the handle drags to any distance and pattern, Ctrl+D copies the cell above into the selected cells.<br><br>AVOID / DON'T:<br>Do not drag blindly over a long list when double-clicking the fill handle does the work in one move.<br><br>WRONG CODE:<br>A1: 1<br>Drag the handle down to A5 (expecting 1, 2, 3, 4, 5)<br><br>RIGHT CODE:<br>A1: 1<br>A2: 2<br>Select A1:A2 and drag the handle down to A5<br><br>MEMORY TRICK:<br>Two cells show the step; one cell shows only copy.<br><br>REAL LIFE: PROJECT / WORK:<br>An office assistant numbers 200 employee rows by dragging the handle instead of typing every number.<br><br>REAL LIFE: INTERVIEW / EXAM:<br>Interview question: How do you quickly copy a formula down 500 rows without dragging?<br><br>REAL LIFE: DAILY LIFE:<br>It is like a teacher writing the first two roll numbers and asking the class monitor to continue the list.	01_Basics_&_Cells_Beginner_XL-003
Flash Fill<br><br>Which feature watches one example you type and then completes the whole column without a formula?<br><br>A1: Asha Rao<br>A2: Sita Devi<br>B1: Asha (typed by you)<br>Click B2, press Ctrl+E	MEANING (SHORT):<br>Flash Fill copies a pattern you typed once to the other rows.<br><br>MEANING IN LEARNER'S LANGUAGE:<br>फ़्लैश फ़िल = एक उदाहरण देखकर बाकी पंक्तियाँ अपने आप भरना<br><br>CODE:<br>A1: Asha Rao<br>A2: Sita Devi<br>B1: Asha (typed by you)<br>Click B2, press Ctrl+E<br><br>OUTPUT:<br>B2 shows Sita<br><br>EXPLANATION:<br>Excel compares your typed example with the cell beside it and finds the pattern, here the first word. It then fills the rest of the column using that pattern. The result is plain text, not a formula, so it will not update later.<br><br>SIMPLE EXPLANATION (HINGLISH):<br>Pehli row me jo chahiye wo khud likho, phir Ctrl+E dabao. Excel pattern pehchan kar baaki sab bhar deta hai. Ye formula nahi hai, sirf text hai.<br><br>REAL-LIFE ANALOGY:<br>Like showing a tailor one sample shirt, then asking him to stitch the rest in exactly the same style.<br><br>SYNTAX PATTERN:<br>Type first example > Ctrl+E (or Data tab > Flash Fill)<br><br>ANATOMY:<br>Source column = the data | typed example = the pattern | Ctrl+E = apply to all rows<br><br>EXAMPLE 1:<br>A1: Asha Rao<br>A2: Sita Devi<br>B1: Asha<br>Click B2, press Ctrl+E (B2 shows Sita, a split)<br><br>EXAMPLE 2:<br>A1: Asha<br>B1: Rao<br>C1: Asha Rao (typed)<br>Click C2, press Ctrl+E (joins first and last name for each row)<br><br>EXAMPLE 3:<br>A1: 9876543210<br>B1: 98765-43210 (typed)<br>Click B2, press Ctrl+E (adds a dash in the same place for all rows)<br><br>VARIATION:<br>Data tab > Flash Fill does the same as Ctrl+E<br>File > Options > Advanced > Automatically Flash Fill turns the live suggestion on or off<br>If the grey preview appears while you type, press Enter to accept it<br><br>USED WITH:<br>Text to Columns, LEFT, MID, CONCAT<br><br>RELATED CONCEPTS:<br>Text to Columns, LEFT and RIGHT, TEXTJOIN, AutoFill<br><br>ALTERNATIVES:<br>Text to Columns, LEFT/MID/RIGHT formulas, TEXTSPLIT in Microsoft 365<br><br>FAMILY / GROUP:<br>Flash Fill, pattern, split, join, extract, clean<br><br>WHERE IT IS USED:<br>Splitting full names | Fixing phone number format | Making email IDs from names<br><br>MINI CONVERSATION:<br>A: I have full names in one column, can I get only first names fast? | B: Type the first name once next to it and press Ctrl+E.<br><br>COMMON MISTAKE:<br>✗ Flash Fill creates a formula that updates when the data changes → ✓ Flash Fill writes fixed values, so you must run it again after the source changes<br><br>COMMONLY CONFUSED WITH:<br>Flash Fill vs AutoFill: Flash Fill learns a text pattern from an example, while AutoFill continues a number or list series.<br><br>AVOID / DON'T:<br>Do not trust Flash Fill blindly on messy data; always scan the results for wrong rows.<br><br>WRONG CODE:<br>A1: Asha Rao<br>A2: Sita Devi<br>Select B2 and press Ctrl+E with B1 left empty<br><br>RIGHT CODE:<br>A1: Asha Rao<br>A2: Sita Devi<br>B1: Asha (typed)<br>Click B2, press Ctrl+E<br><br>MEMORY TRICK:<br>Type one, press Ctrl+E, check all.<br><br>REAL LIFE: PROJECT / WORK:<br>A data entry person splits 1,000 full names into first and last name columns in a few seconds.<br><br>REAL LIFE: INTERVIEW / EXAM:<br>Interview question: How can you split a name column without writing a formula?<br><br>REAL LIFE: DAILY LIFE:<br>It is like showing a friend one correctly written address label and asking him to copy the style on the rest.	01_Basics_&_Cells_Beginner_XL-004
Relative vs absolute references ($)<br><br>Why does a copied formula sometimes point to the wrong cell, and what sign pins a cell in place?<br><br>A2: 200<br>A3: 300<br>B1: 0.1 (rate)<br>C2: =A2*$B$1<br>C3: =A3*$B$1	MEANING (SHORT):<br>A relative reference moves when copied; an absolute reference with dollar signs stays fixed.<br><br>MEANING IN LEARNER'S LANGUAGE:<br>रिलेटिव = कॉपी करने पर बदलता है; एब्सोल्यूट ($) = जगह पर टिका रहता है<br><br>CODE:<br>A2: 200<br>A3: 300<br>B1: 0.1 (rate)<br>C2: =A2*$B$1<br>C3: =A3*$B$1<br><br>OUTPUT:<br>C2 shows 20 and C3 shows 30<br><br>EXPLANATION:<br>When C2 is copied down, A2 becomes A3 because it is relative. $B$1 stays B1 because both its column and row are locked. This lets every row use the same rate cell.<br><br>SIMPLE EXPLANATION (HINGLISH):<br>Normal reference formula ke saath neeche khisakta hai. Dollar lagane se wo cell wahi rukta hai. Isliye rate wale cell par $ lagate hain.<br><br>REAL-LIFE ANALOGY:<br>Like asking each student to check the person next to them (relative), but also asking everyone to look at one fixed notice board (absolute).<br><br>SYNTAX PATTERN:<br>A1 (relative) | $A$1 (absolute) | A$1 or $A1 (mixed)<br><br>ANATOMY:<br>$ before the letter = lock the column | $ before the number = lock the row | no $ = free to move<br><br>EXAMPLE 1:<br>A2: 200<br>A3: 300<br>C2: =A2*2 (copied to C3 it becomes =A3*2 and shows 600, relative)<br><br>EXAMPLE 2:<br>A2: 200<br>A3: 300<br>B1: 0.1<br>C2: =A2*$B$1 (copied to C3 it stays $B$1 and shows 30, absolute)<br><br>EXAMPLE 3:<br>A2: 2<br>A3: 3<br>B1: 4<br>C1: 5<br>B2: =$A2*B$1 (shows 8; copied to C3 it becomes =$A3*C$1 and shows 15, mixed)<br><br>VARIATION:<br>F4 once makes $A$1, twice makes A$1, three times makes $A1, four times gives A1 again<br>Named range, for example Rate, works like an absolute reference<br>Copying a formula right changes the column letter; copying down changes the row number<br><br>USED WITH:<br>AutoFill, SUM, VLOOKUP, percentage calculations<br><br>RELATED CONCEPTS:<br>AutoFill, Named range, Mixed reference, F4 key<br><br>ALTERNATIVES:<br>Named range, Excel Table structured references<br><br>FAMILY / GROUP:<br>relative, absolute, mixed, anchor, lock, F4<br><br>WHERE IT IS USED:<br>Applying one tax or discount rate to a price list | Multiplication tables | Lookup tables that must not shift<br><br>MINI CONVERSATION:<br>A: Only my first row is right after I drag the formula down; the rest show zero. | B: Your rate cell moved; press F4 to lock it as $B$1.<br><br>COMMON MISTAKE:<br>✗ A copied formula always points to the same cells as the original → ✓ A normal reference shifts when copied; only the ones with $ stay fixed<br><br>COMMONLY CONFUSED WITH:<br>B1 vs $B$1: B1 shifts when copied, $B$1 never shifts.<br><br>AVOID / DON'T:<br>Do not copy a formula that uses a fixed rate cell without first adding the dollar signs.<br><br>WRONG CODE:<br>B1: 10<br>A2: 200<br>A3: 300<br>C2: =A2*B1<br>C3 (copied) becomes =A3*B2 and shows 0<br><br>RIGHT CODE:<br>B1: 10<br>A2: 200<br>A3: 300<br>C2: =A2*$B$1<br>C3 (copied) stays =A3*$B$1 and shows 3000<br><br>MEMORY TRICK:<br>Dollar = Done moving; no dollar means the cell can wander.<br><br>REAL LIFE: PROJECT / WORK:<br>A finance analyst applies one GST rate cell to hundreds of price rows using $ in the formula.<br><br>REAL LIFE: INTERVIEW / EXAM:<br>Interview question: What does $A$1 mean, and when would you use it instead of A1?<br><br>REAL LIFE: DAILY LIFE:<br>It is like fixing one price tag to a shelf so that it does not move while the other items change places.	01_Basics_&_Cells_Beginner_XL-005
SUM and AutoSum<br><br>Which function adds a block of numbers, and what shortcut types it for you?<br><br>A1: 10<br>A2: 20<br>A3: 30<br>A4: =SUM(A1:A3)	MEANING (SHORT):<br>SUM adds all the numbers in the cells you give it.<br><br>MEANING IN LEARNER'S LANGUAGE:<br>SUM = जोड़ना, सारी संख्याओं का कुल<br><br>CODE:<br>A1: 10<br>A2: 20<br>A3: 30<br>A4: =SUM(A1:A3)<br><br>OUTPUT:<br>60<br><br>EXPLANATION:<br>SUM adds every number in the range. It ignores text and empty cells in the range. AutoSum, on the Home tab or with Alt+=, writes the SUM formula and guesses the range for you.<br><br>SIMPLE EXPLANATION (HINGLISH):<br>SUM sab number jod deta hai. Text ya khali cell ho to use chhod deta hai. Alt+= dabane se Excel khud formula likh deta hai.<br><br>REAL-LIFE ANALOGY:<br>Like emptying all small piles of money on a table into one big pile and counting that pile.<br><br>SYNTAX PATTERN:<br>=SUM(number1, [number2], ...)<br><br>ANATOMY:<br>= starts a formula | SUM = function name | ( ) = brackets | A1:A3 = numbers to add<br><br>EXAMPLE 1:<br>A1: 10<br>A2: 20<br>A3: 30<br>A4: =SUM(A1:A3) (shows 60, a simple range)<br><br>EXAMPLE 2:<br>A1: 10<br>A2: 20<br>A3: 30<br>B1: =SUM(A1:A3,5) (shows 65, a range plus a typed number)<br><br>EXAMPLE 3:<br>A1: 10<br>A2: n/a<br>A3: 30<br>B1: =SUM(A1:A3) (shows 40, the text n/a is ignored)<br><br>VARIATION:<br>=SUM(A:A) adds the whole column A<br>Select A4 under the numbers and press Alt+= then Enter (Windows) for AutoSum<br>Home tab > Editing group > AutoSum button (the sigma sign) does the same<br><br>USED WITH:<br>AVERAGE, SUMIF, AutoSum, Alt+=<br><br>RELATED CONCEPTS:<br>SUMIF, SUMIFS, AVERAGE, COUNT<br><br>ALTERNATIVES:<br>Plus signs like =A1+A2+A3, the status bar total, SUMIF for conditions<br><br>FAMILY / GROUP:<br>SUM, SUMIF, SUMIFS, SUMPRODUCT, SUBTOTAL, AutoSum<br><br>WHERE IT IS USED:<br>Monthly expense totals | Marks totals | Sales reports<br><br>MINI CONVERSATION:<br>A: How do I add the whole column quickly? | B: Click the empty cell below it and press Alt+=, then Enter.<br><br>COMMON MISTAKE:<br>✗ SUM will turn text like "five" into 5 → ✓ SUM ignores text in a range, so type real numbers<br><br>COMMONLY CONFUSED WITH:<br>SUM vs SUBTOTAL: SUM adds everything in the range, while SUBTOTAL can skip rows hidden by a filter.<br><br>AVOID / DON'T:<br>Do not add a long column with plus signs when one SUM range can do it.<br><br>WRONG CODE:<br>A1: 10<br>A2: 20<br>A3: 30<br>A4: SUM(A1:A3)<br><br>RIGHT CODE:<br>A1: 10<br>A2: 20<br>A3: 30<br>A4: =SUM(A1:A3)<br><br>MEMORY TRICK:<br>SUM = Stack Up Many numbers.<br><br>REAL LIFE: PROJECT / WORK:<br>An accounts assistant totals daily sales in a month column with one SUM formula.<br><br>REAL LIFE: INTERVIEW / EXAM:<br>Interview question: How do you add a column of numbers quickly, and what does SUM do with text?<br><br>REAL LIFE: DAILY LIFE:<br>It is like adding up all the bills on a monthly grocery list.	02_Basic_Functions_Beginner_XL-006
AVERAGE, MIN and MAX<br><br>Which three functions give the typical, smallest and biggest number of a list?<br><br>A1: 70<br>A2: 80<br>A3: 90<br>A4: 60<br>B1: =AVERAGE(A1:A4)<br>B2: =MIN(A1:A4)<br>B3: =MAX(A1:A4)	MEANING (SHORT):<br>AVERAGE gives the mean, MIN the lowest and MAX the highest value.<br><br>MEANING IN LEARNER'S LANGUAGE:<br>एवरेज = औसत, MIN = सबसे छोटा, MAX = सबसे बड़ा<br><br>CODE:<br>A1: 70<br>A2: 80<br>A3: 90<br>A4: 60<br>B1: =AVERAGE(A1:A4)<br>B2: =MIN(A1:A4)<br>B3: =MAX(A1:A4)<br><br>OUTPUT:<br>B1 shows 75, B2 shows 60, B3 shows 90<br><br>EXPLANATION:<br>AVERAGE adds the numbers and divides by how many numbers there are: (70+80+90+60)/4 = 75. MIN finds the lowest, which is 60, and MAX finds the highest, which is 90. All three ignore text and empty cells in a range.<br><br>SIMPLE EXPLANATION (HINGLISH):<br>AVERAGE sab jodkar number ginti se bhaag deta hai. MIN sabse chhota aur MAX sabse bada number batata hai. Khali ya text cell ginti me nahi aate.<br><br>REAL-LIFE ANALOGY:<br>Like checking a class: the shortest student, the tallest student and the typical height of all students.<br><br>SYNTAX PATTERN:<br>=AVERAGE(range)  |  =MIN(range)  |  =MAX(range)<br><br>ANATOMY:<br>AVERAGE, MIN, MAX = function names | range = cells to look at | brackets = hold the range<br><br>EXAMPLE 1:<br>A1: 70<br>A2: 80<br>A3: 90<br>A4: 60<br>B1: =AVERAGE(A1:A4) (shows 75, the mean)<br><br>EXAMPLE 2:<br>A1: 70<br>A2: 80<br>A3: 90<br>B1: =MAX(A1:A3,100) (shows 100, a typed number joins the range)<br><br>EXAMPLE 3:<br>A1: -5<br>A2: 3<br>A3: 0<br>B1: =MIN(A1:A3) (shows -5, negatives count too)<br><br>VARIATION:<br>=AVERAGE(A1:A4) skips blank cells but counts zero<br>=LARGE(A1:A4,2) gives the second biggest number<br>Status bar at the bottom shows Average, Count and Sum for selected cells<br><br>USED WITH:<br>SUM, COUNT, IF, LARGE, SMALL<br><br>RELATED CONCEPTS:<br>MEDIAN, LARGE, SMALL, COUNT<br><br>ALTERNATIVES:<br>MEDIAN, LARGE and SMALL, PivotTable summaries<br><br>FAMILY / GROUP:<br>AVERAGE, AVERAGEIF, MIN, MAX, MEDIAN, LARGE<br><br>WHERE IT IS USED:<br>Class marks analysis | Price comparison | Sales performance reports<br><br>MINI CONVERSATION:<br>A: My class average looks too low, why? | B: Check whether absent students were typed as 0, because zero is counted but blank is not.<br><br>COMMON MISTAKE:<br>✗ AVERAGE ignores zero values like blanks → ✓ AVERAGE counts a typed 0 as a number, but skips empty cells<br><br>COMMONLY CONFUSED WITH:<br>AVERAGE vs MEDIAN: AVERAGE is the sum divided by the count, MEDIAN is the middle value when sorted.<br><br>AVOID / DON'T:<br>Do not type 0 for missing marks if the average must skip them; leave the cell blank.<br><br>WRONG CODE:<br>A1: 70<br>A2: 80<br>A3: 90<br>B1: =AVG(A1:A3)<br><br>RIGHT CODE:<br>A1: 70<br>A2: 80<br>A3: 90<br>B1: =AVERAGE(A1:A3)<br><br>MEMORY TRICK:<br>MIN is little, MAX is big, AVERAGE is the middle ground.<br><br>REAL LIFE: PROJECT / WORK:<br>A teacher finds the highest, lowest and average score of a class test in three cells.<br><br>REAL LIFE: INTERVIEW / EXAM:<br>Interview question: What is the difference between AVERAGE and MEDIAN, and how does a zero affect AVERAGE?<br><br>REAL LIFE: DAILY LIFE:<br>It is like checking the cheapest, costliest and usual price of tomatoes in the market.	02_Basic_Functions_Beginner_XL-007
COUNT, COUNTA and COUNTBLANK<br><br>Which functions count only numbers, count every filled cell, or count the empty ones?<br><br>A1: 10<br>A2: Asha<br>A3: (empty)<br>A4: 25<br>B1: =COUNT(A1:A4)<br>B2: =COUNTA(A1:A4)<br>B3: =COUNTBLANK(A1:A4)	MEANING (SHORT):<br>COUNT counts numbers, COUNTA counts any filled cell and COUNTBLANK counts empty cells.<br><br>MEANING IN LEARNER'S LANGUAGE:<br>COUNT = सिर्फ़ संख्याएँ गिनो, COUNTA = भरे हुए सारे खाने, COUNTBLANK = खाली खाने<br><br>CODE:<br>A1: 10<br>A2: Asha<br>A3: (empty)<br>A4: 25<br>B1: =COUNT(A1:A4)<br>B2: =COUNTA(A1:A4)<br>B3: =COUNTBLANK(A1:A4)<br><br>OUTPUT:<br>B1 shows 2, B2 shows 3, B3 shows 1<br><br>EXPLANATION:<br>COUNT counts only numbers (10 and 25), so it gives 2. COUNTA counts every cell that holds something, here 10, Asha and 25, so it gives 3. COUNTBLANK counts the single empty cell A3, and it also counts cells that hold a formula returning empty text.<br><br>SIMPLE EXPLANATION (HINGLISH):<br>COUNT sirf number ginta hai. COUNTA jo bhi likha ho wo sab ginta hai. COUNTBLANK khali khane ginta hai.<br><br>REAL-LIFE ANALOGY:<br>Like counting only the ticket numbers, then every person on the bus, then the empty seats.<br><br>SYNTAX PATTERN:<br>=COUNT(range)  |  =COUNTA(range)  |  =COUNTBLANK(range)<br><br>ANATOMY:<br>COUNT = numbers only | COUNTA = anything filled | COUNTBLANK = empty cells | range = where to look<br><br>EXAMPLE 1:<br>A1: 10<br>A2: Asha<br>A3: 25<br>B1: =COUNT(A1:A3) (shows 2, numbers only)<br><br>EXAMPLE 2:<br>A1: Ravi<br>A2: Sita<br>A3: Amit<br>B1: =COUNTA(A1:A3) (shows 3, names are counted)<br><br>EXAMPLE 3:<br>B1: P<br>B2: (empty)<br>B3: P<br>B4: (empty)<br>C1: =COUNTBLANK(B1:B4) (shows 2, empty attendance rows)<br><br>VARIATION:<br>=COUNTA(A:A)-1 counts the entries in a column after removing a header row<br>=COUNTIF(A1:A10,"P") counts only cells equal to P<br>=ROWS(A1:A10)-COUNTA(A1:A10) also gives the empty cells count<br><br>USED WITH:<br>COUNTIF, SUM, IF, ISBLANK<br><br>RELATED CONCEPTS:<br>COUNTIF, COUNTIFS, ISBLANK, ROWS<br><br>ALTERNATIVES:<br>COUNTIF, status bar Count, PivotTable count<br><br>FAMILY / GROUP:<br>COUNT, COUNTA, COUNTBLANK, COUNTIF, COUNTIFS, ROWS<br><br>WHERE IT IS USED:<br>Attendance sheets | Survey responses | Checking missing data in a form<br><br>MINI CONVERSATION:<br>A: I need to know how many students submitted their name. | B: Use COUNTA on the name column; COUNT would give zero since names are text.<br><br>COMMON MISTAKE:<br>✗ COUNT counts every filled cell → ✓ COUNT counts only numbers; use COUNTA to count text and numbers together<br><br>COMMONLY CONFUSED WITH:<br>COUNT vs COUNTA: COUNT counts numbers only, COUNTA counts any non-empty cell including text.<br><br>AVOID / DON'T:<br>Do not use COUNT on a column of names, because it will return 0.<br><br>WRONG CODE:<br>A1: Ravi<br>A2: Sita<br>A3: Amit<br>B1: =COUNT(A1:A3) (expecting 3)<br><br>RIGHT CODE:<br>A1: Ravi<br>A2: Sita<br>A3: Amit<br>B1: =COUNTA(A1:A3)<br><br>MEMORY TRICK:<br>A in COUNTA = All entries; COUNT alone = numbers only.<br><br>REAL LIFE: PROJECT / WORK:<br>A coordinator counts how many feedback forms are still blank using COUNTBLANK.<br><br>REAL LIFE: INTERVIEW / EXAM:<br>Interview question: What is the difference between COUNT and COUNTA, and how do you count empty cells?<br><br>REAL LIFE: DAILY LIFE:<br>It is like counting how many seats on a train are taken and how many are still free.	02_Basic_Functions_Beginner_XL-008
ROUND, ROUNDUP and ROUNDDOWN<br><br>Which three functions change a number to fewer digits, rounding normally, always up or always down?<br><br>A1: 7.456<br>B1: =ROUND(A1,2)<br>B2: =ROUNDUP(A1,2)<br>B3: =ROUNDDOWN(A1,2)	MEANING (SHORT):<br>These functions change the stored value to a chosen number of digits.<br><br>MEANING IN LEARNER'S LANGUAGE:<br>ROUND = पास की पूर्ण संख्या पर, ROUNDUP = हमेशा ऊपर, ROUNDDOWN = हमेशा नीचे<br><br>CODE:<br>A1: 7.456<br>B1: =ROUND(A1,2)<br>B2: =ROUNDUP(A1,2)<br>B3: =ROUNDDOWN(A1,2)<br><br>OUTPUT:<br>B1 shows 7.46, B2 shows 7.46, B3 shows 7.45<br><br>EXPLANATION:<br>ROUND looks at the next digit, 6, and rounds up to 7.46. ROUNDUP always moves away from zero, so it also gives 7.46. ROUNDDOWN always cuts toward zero, so it gives 7.45. The second number is how many decimal places to keep.<br><br>SIMPLE EXPLANATION (HINGLISH):<br>ROUND paas wali value par le jata hai. ROUNDUP hamesha upar le jata hai aur ROUNDDOWN hamesha neeche. Doosra number batata hai kitne decimal rakhne hain.<br><br>REAL-LIFE ANALOGY:<br>Like deciding the bus fare: round to the nearest rupee, always charge up, or always drop the paise.<br><br>SYNTAX PATTERN:<br>=ROUND(number, num_digits)<br><br>ANATOMY:<br>number = value or cell | num_digits = decimals to keep | negative digits = round tens, hundreds<br><br>EXAMPLE 1:<br>A1: 2.5<br>B1: =ROUND(A1,0) (shows 3, a half rounds away from zero)<br><br>EXAMPLE 2:<br>A1: 1234<br>B1: =ROUND(A1,-2) (shows 1200, a negative digits value rounds to hundreds)<br><br>EXAMPLE 3:<br>A1: 9.99<br>B1: =ROUNDDOWN(A1,0) (shows 9, the decimals are cut off)<br><br>VARIATION:<br>=ROUNDUP(4.01,0) gives 5<br>=ROUNDDOWN(-3.7,0) gives -3 because it moves toward zero<br>=INT(7.9) gives 7 and always goes to the lower whole number<br><br>USED WITH:<br>SUM, IF, percentage formulas, currency<br><br>RELATED CONCEPTS:<br>INT, TRUNC, CEILING, FLOOR<br><br>ALTERNATIVES:<br>INT, TRUNC, Number format with fewer decimals, MROUND<br><br>FAMILY / GROUP:<br>ROUND, ROUNDUP, ROUNDDOWN, INT, TRUNC, MROUND<br><br>WHERE IT IS USED:<br>Bills and invoices | Tax and interest calculations | Marks converted to whole numbers<br><br>MINI CONVERSATION:<br>A: I formatted the cell to two decimals, but my total is off by a paisa. | B: Formatting only changes the display; use ROUND to change the actual value.<br><br>COMMON MISTAKE:<br>✗ Formatting a cell to 2 decimals also rounds the stored number → ✓ Format only changes how it looks; ROUND changes the stored value<br><br>COMMONLY CONFUSED WITH:<br>ROUNDDOWN vs INT: for negative numbers ROUNDDOWN moves toward zero, while INT moves to the lower whole number.<br><br>AVOID / DON'T:<br>Do not rely on cell formatting when the rounded value must be used in later formulas.<br><br>WRONG CODE:<br>A1: 7.456<br>B1: =ROUND(A1) (expecting 7.46)<br><br>RIGHT CODE:<br>A1: 7.456<br>B1: =ROUND(A1,2)<br><br>MEMORY TRICK:<br>ROUND is Regular, UP is Upwards always, DOWN is Down always.<br><br>REAL LIFE: PROJECT / WORK:<br>A billing clerk rounds each line item to two decimals so that the invoice total matches the bank amount.<br><br>REAL LIFE: INTERVIEW / EXAM:<br>Interview question: What is the difference between formatting to two decimals and using ROUND?<br><br>REAL LIFE: DAILY LIFE:<br>It is like a shopkeeper rounding the bill to the nearest rupee when no small change is available.	02_Basic_Functions_Beginner_XL-009
Number formats (currency, date, percent)<br><br>How can the same stored value appear as money, as a percentage or as a calendar date?<br><br>A1: 0.25<br>Select A1, press Ctrl+Shift+5 (Home tab > Number group > %)	MEANING (SHORT):<br>A number format changes how a value looks without changing the value itself.<br><br>MEANING IN LEARNER'S LANGUAGE:<br>नंबर फ़ॉर्मेट = वही संख्या अलग रूप में दिखाना (पैसा, प्रतिशत, तारीख)<br><br>CODE:<br>A1: 0.25<br>Select A1, press Ctrl+Shift+5 (Home tab > Number group > %)<br><br>OUTPUT:<br>A1 shows 25%<br><br>EXPLANATION:<br>The number format changes only the display. The stored value of A1 is still 0.25, and Percentage format multiplies it by 100 for display and adds the % sign. Dates are stored as serial numbers, so Date format turns 45292 into a calendar date.<br><br>SIMPLE EXPLANATION (HINGLISH):<br>Number format sirf dikhane ka tareeka badalta hai, asli value wahi rehti hai. 0.25 ko percent format dene par 25% dikhta hai. Date bhi asal me ek number hai jise date jaisa dikhaya jata hai.<br><br>REAL-LIFE ANALOGY:<br>Like a person who stays the same but wears different clothes for office, a wedding or a gym.<br><br>SYNTAX PATTERN:<br>Ctrl+1 > Number tab > choose Category (Currency, Percentage, Date)<br><br>ANATOMY:<br>Category = type of format | Decimal places = digits shown | Symbol = currency sign<br><br>EXAMPLE 1:<br>A1: 1234.5<br>Select A1, press Ctrl+Shift+4 (shows $1,234.50 with US English settings, a currency format)<br><br>EXAMPLE 2:<br>A1: 0.25<br>Select A1, press Ctrl+Shift+5 (shows 25%, a percent format)<br><br>EXAMPLE 3:<br>A1: 45292<br>Select A1, press Ctrl+Shift+3 (shows 1-Jan-24 with US English settings, a date format)<br><br>VARIATION:<br>Ctrl+1 > Currency lets you choose the symbol such as the rupee<br>Home tab > Increase Decimal or Decrease Decimal changes the digits shown<br>Typing 25% directly in an empty cell stores 0.25 with Percentage format<br><br>USED WITH:<br>ROUND, TEXT, Format Cells, Home tab<br><br>RELATED CONCEPTS:<br>Format Cells, ROUND, TEXT function, Date serial number<br><br>ALTERNATIVES:<br>TEXT function, Accounting format, Custom number formats<br><br>FAMILY / GROUP:<br>General, Number, Currency, Accounting, Percentage, Date<br><br>WHERE IT IS USED:<br>Invoices and price lists | Growth and discount percentages | Date columns in schedules<br><br>MINI CONVERSATION:<br>A: I typed 0.5 but I want to show 50%. Should I type 50 instead? | B: No, keep 0.5 and apply the Percentage format.<br><br>COMMON MISTAKE:<br>✗ Applying the Percentage format to 5 changes it into 5% → ✓ It shows 500%, because the format multiplies the stored value by 100<br><br>COMMONLY CONFUSED WITH:<br>Number format vs ROUND: a format changes only how the value looks, ROUND changes the stored value.<br><br>AVOID / DON'T:<br>Do not type the currency symbol by hand when a Currency format can add it for you.<br><br>WRONG CODE:<br>A1: 5<br>Select A1 and apply Percentage format (expecting 5%)<br><br>RIGHT CODE:<br>A1: 0.05<br>Select A1 and press Ctrl+Shift+5 (shows 5%)<br><br>MEMORY TRICK:<br>Shift+4 is the dollar key, Shift+5 is the percent key.<br><br>REAL LIFE: PROJECT / WORK:<br>A finance assistant formats a price column as currency and a growth column as percent before sending a report.<br><br>REAL LIFE: INTERVIEW / EXAM:<br>Interview question: If you format 0.25 as a percentage, what is stored in the cell?<br><br>REAL LIFE: DAILY LIFE:<br>It is like the same weight shown in kilograms on one scale and in grams on another.	03_Formatting_&_Organising_Beginner_XL-010
Sort<br><br>Which Excel feature puts rows in order, such as A to Z or smallest to largest, without retyping anything?<br><br>A1: Name<br>B1: Marks<br>A2: Ravi<br>B2: 72<br>A3: Asha<br>B3: 90<br>A4: Meena<br>B4: 65<br>Steps: click B2 > Data tab > Sort Largest to Smallest	MEANING (SHORT):<br>Sort rearranges the rows of a table in order based on the values in one or more columns.<br><br>MEANING IN LEARNER'S LANGUAGE:<br>डेटा को क्रम में लगाना (A से Z या छोटे से बड़े)<br><br>CODE:<br>A1: Name<br>B1: Marks<br>A2: Ravi<br>B2: 72<br>A3: Asha<br>B3: 90<br>A4: Meena<br>B4: 65<br>Steps: click B2 > Data tab > Sort Largest to Smallest<br><br>OUTPUT:<br>Rows become: Asha 90, Ravi 72, Meena 65 (each name stays with its own marks)<br><br>EXPLANATION:<br>Sort reorders whole rows, not just the column you clicked, as long as Excel sees your data as one table. The header row stays on top when Excel detects headers. You can sort text A to Z, numbers small to large, or dates old to new.<br><br>SIMPLE EXPLANATION (HINGLISH):<br>Sort ka matlab hai list ko order me lagana. Ek cell par click karo, Data tab me Sort dabao, aur poori row apne data ke saath move hoti hai.<br><br>REAL-LIFE ANALOGY:<br>Like arranging books on a shelf by their title: every book moves to a new spot, but each book stays in one piece.<br><br>SYNTAX PATTERN:<br>Data tab > Sort A to Z / Sort Z to A, or Data tab > Sort for the full dialog<br><br>ANATOMY:<br>Data tab = where the buttons live | Sort A to Z = smallest or alphabetical first | Sort Z to A = largest or reverse alphabetical first | Sort dialog = choose column, order and extra levels<br><br>EXAMPLE 1:<br>A1: Name<br>A2: Ravi<br>A3: Asha<br>A4: Meena<br>Steps: click A2 > Data tab > Sort A to Z<br>Result: Asha, Meena, Ravi<br><br>EXAMPLE 2:<br>A1: Class, B1: Marks (class A and B mixed)<br>Steps: Data tab > Sort > Sort by Class (A to Z) > Add Level > Then by Marks (Largest to Smallest) > OK<br>Result: classes grouped, and highest marks first inside each class<br><br>EXAMPLE 3:<br>Select only column B (Marks) and click Sort Smallest to Largest<br>Excel asks: Expand the selection or Continue with the current selection<br>Choose Expand the selection so names move with the marks<br><br>VARIATION:<br>Data tab > Sort > Add Level           (sort by two columns)<br>Data tab > Sort > My data has headers  (tick when row 1 is headings)<br>Data tab > Sort > Order: Custom List... (for Low, Medium, High)<br><br>USED WITH:<br>Filter, Excel Tables, Freeze Panes, Conditional Formatting<br><br>RELATED CONCEPTS:<br>Filter, SORT function, Custom Lists, Excel Tables<br><br>ALTERNATIVES:<br>SORT function (Microsoft 365 or Excel 2021 or later), Filter button drop-down sort options<br><br>FAMILY / GROUP:<br>Sort, Filter, Group, Rank, Order<br><br>WHERE IT IS USED:<br>Ranking students by marks | Arranging a customer list A to Z | Putting dates in order before a report<br><br>MINI CONVERSATION:<br>A: My marks list is all mixed up and I need the topper first. | B: Click any cell in the Marks column, then use Data tab > Sort Largest to Smallest.<br><br>COMMON MISTAKE:<br>✗ Sorting one column changes only that column's order → ✓ If you select only one column and choose Continue with the current selection, the other columns do not move and the rows no longer match; pick Expand the selection<br><br>COMMONLY CONFUSED WITH:<br>Sort vs Filter: Sort changes the order of all rows, while Filter only hides rows that do not match and keeps the order.<br><br>AVOID / DON'T:<br>Do not select a single column in the middle of a table and sort it alone, because the rows will no longer match.<br><br>WRONG CODE:<br>Select only B2:B4 > Data tab > Sort Smallest to Largest > Continue with the current selection<br><br>RIGHT CODE:<br>Click one cell inside the table (for example B2) > Data tab > Sort Smallest to Largest (or choose Expand the selection)<br><br>MEMORY TRICK:<br>Sort = Same rows Stay together, they only change order.<br><br>REAL LIFE: PROJECT / WORK:<br>A teacher sorts the class result sheet by total marks so the top ten students are at the top of the report.<br><br>REAL LIFE: INTERVIEW / EXAM:<br>Interviewer asks: How do you sort a table by two columns, such as Department and then Salary?<br><br>REAL LIFE: DAILY LIFE:<br>Arranging contacts in your phone by name so you can find a friend quickly.	03_Formatting_&_Organising_Beginner_XL-011
Filter<br><br>Which Excel feature lets you show only the rows you want, such as one city, while the other rows stay safe but out of sight?<br><br>A1: Name<br>B1: City<br>A2: Asha<br>B2: Delhi<br>A3: Ravi<br>B3: Pune<br>A4: Meena<br>B4: Delhi<br>Steps: click A1 > Ctrl+Shift+L > click arrow in B1 > untick Select All > tick Delhi > OK	MEANING (SHORT):<br>Filter hides the rows that do not match your condition and shows only the rows that do.<br><br>MEANING IN LEARNER'S LANGUAGE:<br>सिर्फ़ ज़रूरी पंक्तियाँ दिखाना, बाकी छिपाना<br><br>CODE:<br>A1: Name<br>B1: City<br>A2: Asha<br>B2: Delhi<br>A3: Ravi<br>B3: Pune<br>A4: Meena<br>B4: Delhi<br>Steps: click A1 > Ctrl+Shift+L > click arrow in B1 > untick Select All > tick Delhi > OK<br><br>OUTPUT:<br>Only Asha and Meena rows are visible; row 3 (Ravi) is hidden, not deleted, and the row numbers on the left skip from 2 to 4<br><br>EXPLANATION:<br>Filter adds a drop-down arrow to each header cell. When you pick values, Excel hides every row that does not match. The hidden rows are still in the sheet and come back when you clear the filter.<br><br>SIMPLE EXPLANATION (HINGLISH):<br>Filter se aap sirf wahi rows dekhte ho jo aapko chahiye. Baaki rows delete nahi hoti, bas chhup jaati hain, aur filter hatane par wapas aa jaati hain.<br><br>REAL-LIFE ANALOGY:<br>Like a shop website's filter for Size: M, which hides other sizes but does not remove them from the shop.<br><br>SYNTAX PATTERN:<br>Data tab > Filter (or Ctrl+Shift+L), then use the arrow in a header cell<br><br>ANATOMY:<br>Header arrow = opens the filter menu | Tick boxes = choose which values to show | Text Filters / Number Filters = conditions such as contains or greater than | Clear = removes the filter<br><br>EXAMPLE 1:<br>Text filter: click arrow in City > tick only Delhi > OK<br>Result: only rows where City is Delhi are shown<br><br>EXAMPLE 2:<br>Number filter: A1: Item, B1: Qty. A2: Pen 10, A3: Book 3, A4: Ink 7<br>Click arrow in Qty > Number Filters > Greater Than > 5 > OK<br>Result: Pen and Ink rows are shown<br><br>EXAMPLE 3:<br>Remove the filter: Data tab > Clear (to show all rows again) or press Ctrl+Shift+L to switch the arrows off<br>Result: all rows are visible again<br><br>VARIATION:<br>Text Filters > Contains...          (names that include some letters)<br>Number Filters > Top 10...          (largest values)<br>Filter by Color                       (cell colour or font colour)<br><br>USED WITH:<br>Sort, Excel Tables, Conditional Formatting, Freeze Panes<br><br>RELATED CONCEPTS:<br>Sort, Advanced Filter, FILTER function, Slicers<br><br>ALTERNATIVES:<br>FILTER function (Microsoft 365 or Excel 2021 or later), Advanced Filter, PivotTable<br><br>FAMILY / GROUP:<br>Filter, AutoFilter, Slicer, Search box, Clear<br><br>WHERE IT IS USED:<br>Looking at one city or one month of sales | Finding all unpaid fees in a list | Checking only the rows that need follow-up<br><br>MINI CONVERSATION:<br>A: I only want to see the students from class 10, but the sheet has 500 rows. | B: Press Ctrl+Shift+L, click the arrow on the Class column and tick only 10.<br><br>COMMON MISTAKE:<br>✗ Filter deletes the rows that do not match → ✓ Filter only hides them; they come back when you clear the filter, so your data is safe<br><br>COMMONLY CONFUSED WITH:<br>Filter vs Sort: Filter hides rows that do not match, while Sort keeps every row and only changes their order.<br><br>AVOID / DON'T:<br>Do not copy numbers from a filtered sheet and assume hidden rows are included; check what was visible before you total or send it.<br><br>WRONG CODE:<br>Select row 3 (Ravi) > right-click > Delete to remove people who are not in Delhi<br><br>RIGHT CODE:<br>Click A1 > Ctrl+Shift+L > click arrow in City > tick only Delhi > OK<br><br>MEMORY TRICK:<br>Filter = Few rows Visible, rest Hidden (not gone).<br><br>REAL LIFE: PROJECT / WORK:<br>A shop owner filters the sales sheet to one product and one month to prepare a short report.<br><br>REAL LIFE: INTERVIEW / EXAM:<br>Interviewer asks: What is the difference between hiding rows with Filter and deleting them?<br><br>REAL LIFE: DAILY LIFE:<br>Using the Show only vegetarian option on a food app to see fewer dishes.	03_Formatting_&_Organising_Beginner_XL-012
Freeze Panes<br><br>Which Excel feature keeps the heading row in view while you scroll down a very long list?<br><br>A1: Name<br>B1: Marks<br>(many rows below)<br>Steps: View tab > Freeze Panes > Freeze Top Row	MEANING (SHORT):<br>Freeze Panes keeps chosen top rows and left columns visible while you scroll through the rest of the sheet.<br><br>MEANING IN LEARNER'S LANGUAGE:<br>ऊपर की पंक्ति या बाएँ कॉलम को स्क्रॉल करते समय स्थिर रखना<br><br>CODE:<br>A1: Name<br>B1: Marks<br>(many rows below)<br>Steps: View tab > Freeze Panes > Freeze Top Row<br><br>OUTPUT:<br>Row 1 (Name, Marks) stays at the top of the screen while you scroll down; a thin line appears under row 1<br><br>EXPLANATION:<br>Freezing splits the window and locks the top part or the left part. The frozen area stays visible when you scroll. Freeze Top Row and Freeze First Column are quick one-click options.<br><br>SIMPLE EXPLANATION (HINGLISH):<br>Freeze Panes se heading wali row ya pehla column screen par fix ho jata hai. Neeche scroll karne par bhi heading dikhti rehti hai.<br><br>REAL-LIFE ANALOGY:<br>Like the header of a bus timetable board that stays fixed while the list of stops changes below.<br><br>SYNTAX PATTERN:<br>View tab > Freeze Panes > Freeze Top Row / Freeze First Column / Freeze Panes<br><br>ANATOMY:<br>View tab = where the button is | Freeze Top Row = locks row 1 | Freeze First Column = locks column A | Freeze Panes = locks everything above and left of the selected cell<br><br>EXAMPLE 1:<br>Freeze the heading row: View tab > Freeze Panes > Freeze Top Row<br>Result: row 1 stays visible while you scroll down<br><br>EXAMPLE 2:<br>Freeze the first column: View tab > Freeze Panes > Freeze First Column<br>Result: column A (names) stays visible while you scroll right<br><br>EXAMPLE 3:<br>Freeze row 1 and column A together: click B2 > View tab > Freeze Panes > Freeze Panes<br>Result: both the heading row and the name column stay in view<br><br>VARIATION:<br>Click B2 then Freeze Panes       (freezes row 1 and column A)<br>Click A3 then Freeze Panes       (freezes rows 1 and 2 only)<br>View tab > Freeze Panes > Unfreeze Panes   (turns it off)<br><br>USED WITH:<br>Excel Tables, Filter, Sort, Print Titles<br><br>RELATED CONCEPTS:<br>Split, Unfreeze Panes, Print Titles, Excel Tables<br><br>ALTERNATIVES:<br>Excel Tables (headers replace column letters while scrolling), Split window<br><br>FAMILY / GROUP:<br>Freeze Panes, Unfreeze Panes, Split, Zoom, Scroll<br><br>WHERE IT IS USED:<br>Long student lists with 500 rows | Monthly sales sheets with many columns | Any sheet where headings go out of view<br><br>MINI CONVERSATION:<br>A: When I scroll down I forget which column is Marks and which is Age. | B: Click View tab > Freeze Panes > Freeze Top Row and the headings will stay on screen.<br><br>COMMON MISTAKE:<br>✗ Freeze Panes keeps the cell you click frozen → ✓ It freezes the rows above and the columns to the left of the selected cell, not the cell itself<br><br>COMMONLY CONFUSED WITH:<br>Freeze Panes vs Split: Freeze Panes locks the top or left part in place, while Split makes separate scrollable windows in the same sheet.<br><br>AVOID / DON'T:<br>Do not freeze too many rows or columns, because the frozen part can fill the whole screen on a small phone or laptop.<br><br>WRONG CODE:<br>Click row 1 and then Freeze Panes with C5 selected by mistake<br><br>RIGHT CODE:<br>View tab > Freeze Panes > Freeze Top Row (or click A2 and choose Freeze Panes)<br><br>MEMORY TRICK:<br>Freeze what is Above and to the Left of the cell you click.<br><br>REAL LIFE: PROJECT / WORK:<br>A clerk freezes the top row of a 2,000-row fee sheet so column headings are always visible while entering data.<br><br>REAL LIFE: INTERVIEW / EXAM:<br>Interviewer asks: How do you keep both the first row and the first column visible when scrolling a big sheet?<br><br>REAL LIFE: DAILY LIFE:<br>Like the fixed menu bar of a website that stays on top while you scroll.	03_Formatting_&_Organising_Beginner_XL-013
Excel Tables (Ctrl+T)<br><br>Which shortcut turns a plain range of data into a smart, named, expanding list with built-in filters?<br><br>A1: Item<br>B1: Sales<br>A2: Pen<br>B2: 100<br>A3: Book<br>B3: 250<br>Steps: click A1 > Ctrl+T > tick My table has headers > OK<br>D1: =SUM(Table1[Sales])	MEANING (SHORT):<br>An Excel Table turns a range into a named object that grows with new rows and has filters and banded rows built in.<br><br>MEANING IN LEARNER'S LANGUAGE:<br>डेटा को स्मार्ट टेबल बनाना जो अपने आप बढ़ती है<br><br>CODE:<br>A1: Item<br>B1: Sales<br>A2: Pen<br>B2: 100<br>A3: Book<br>B3: 250<br>Steps: click A1 > Ctrl+T > tick My table has headers > OK<br>D1: =SUM(Table1[Sales])<br><br>OUTPUT:<br>350<br><br>EXPLANATION:<br>Ctrl+T converts the range into a table, usually named Table1 if it is your first table. A formula like =SUM(Table1[Sales]) uses the column name, and it automatically includes any new rows you add below the table.<br><br>SIMPLE EXPLANATION (HINGLISH):<br>Ctrl+T dabane se aapka data ek smart table ban jata hai. Naya row likhte hi table badh jati hai aur formula me naya data bhi aa jata hai.<br><br>REAL-LIFE ANALOGY:<br>Like a rubber band around a bundle of notes: add one more note and the band stretches to hold it.<br><br>SYNTAX PATTERN:<br>Ctrl+T, then =FUNCTION(TableName[ColumnName])<br><br>ANATOMY:<br>Ctrl+T = create table | My table has headers = tells Excel row 1 is headings | TableName = name shown on the Table Design tab | [ColumnName] = which column the formula uses<br><br>EXAMPLE 1:<br>Create the table: click any cell in the data > Ctrl+T > tick My table has headers > OK<br>Result: striped rows with filter arrows appear<br><br>EXAMPLE 2:<br>Rename the table: click inside the table > Table Design tab > Table Name box > type SalesTable > Enter<br>Result: formulas can now use =SUM(SalesTable[Sales])<br><br>EXAMPLE 3:<br>Add a total: click inside the table > Table Design tab > tick Total Row<br>Result: a Total row appears at the bottom with a sum of the last column<br><br>VARIATION:<br>Table Design tab > Total Row           (adds a totals row)<br>Type a new row right below the table    (table expands by itself)<br>Table Design tab > Convert to Range    (turns it back to a plain range)<br><br>USED WITH:<br>Filter, Sort, Structured references, PivotTable<br><br>RELATED CONCEPTS:<br>Structured references, Named ranges, PivotTable, Filter<br><br>ALTERNATIVES:<br>Plain range with fixed references like A2:A100, Named range, Dynamic array range in Microsoft 365<br><br>FAMILY / GROUP:<br>Table, Table Name, Structured reference, Total Row, Slicer<br><br>WHERE IT IS USED:<br>Sales sheets that grow every day | Student lists where new students are added | Source data for PivotTables and charts<br><br>MINI CONVERSATION:<br>A: My SUM formula missed the new row I typed at the bottom. | B: Press Ctrl+T on your data, then use =SUM(Table1[Sales]) so it includes new rows by itself.<br><br>COMMON MISTAKE:<br>✗ An Excel Table is just a formatting colour on the cells → ✓ It is a real object: it has a name, grows with new rows, and lets formulas use column names<br><br>COMMONLY CONFUSED WITH:<br>Table vs Range: A plain range stays the same size unless you edit formulas, while an Excel Table grows and shrinks as rows are added or removed.<br><br>AVOID / DON'T:<br>Do not leave blank rows or merged cells inside your data before pressing Ctrl+T, because they make tables messy to use.<br><br>WRONG CODE:<br>Press Ctrl+T on data that has headings and UNTICK My table has headers<br><br>RIGHT CODE:<br>Press Ctrl+T on data that has headings and TICK My table has headers<br><br>MEMORY TRICK:<br>Ctrl+T = Turn data into a Table that Tracks new rows.<br><br>REAL LIFE: PROJECT / WORK:<br>An accountant keeps daily sales in an Excel Table so monthly totals update the moment a new row is added.<br><br>REAL LIFE: INTERVIEW / EXAM:<br>Interviewer asks: What are the benefits of using an Excel Table instead of a normal range?<br><br>REAL LIFE: DAILY LIFE:<br>Like a shopping list that makes space by itself when you add one more item.	03_Formatting_&_Organising_Intermediate_XL-014
Conditional Formatting<br><br>Which feature changes the colour of cells by itself when their values meet a rule, such as marks above 50?<br><br>A1: 30<br>A2: 55<br>A3: 80<br>Steps: select A1:A3 > Home tab > Conditional Formatting > Highlight Cells Rules > Greater Than > type 50 > Light Red Fill > OK	MEANING (SHORT):<br>Conditional Formatting colours or marks cells automatically based on a rule about their values.<br><br>MEANING IN LEARNER'S LANGUAGE:<br>नियम के आधार पर सेल का रंग अपने आप बदलना<br><br>CODE:<br>A1: 30<br>A2: 55<br>A3: 80<br>Steps: select A1:A3 > Home tab > Conditional Formatting > Highlight Cells Rules > Greater Than > type 50 > Light Red Fill > OK<br><br>OUTPUT:<br>A2 (55) and A3 (80) are filled with light red; A1 (30) stays plain<br><br>EXPLANATION:<br>Excel tests each selected cell against your rule. If the rule is true the chosen format is shown. If you change a value later, the colour updates by itself.<br><br>SIMPLE EXPLANATION (HINGLISH):<br>Conditional Formatting me aap rule batate ho, jaise 50 se bada. Excel un cells ko apne aap color kar deta hai, aur value badalne par color bhi badal jata hai.<br><br>REAL-LIFE ANALOGY:<br>Like a school bell that rings only when the time is 2 pm and stays silent at other times.<br><br>SYNTAX PATTERN:<br>Home tab > Conditional Formatting > Highlight Cells Rules / Top/Bottom Rules / Data Bars / Color Scales<br><br>ANATOMY:<br>Select cells = where the rule applies | Highlight Cells Rules = compare to a value | Top/Bottom Rules = largest or smallest | Data Bars and Color Scales = show size visually<br><br>EXAMPLE 1:<br>Highlight by value: select A1:A3 > Home tab > Conditional Formatting > Highlight Cells Rules > Greater Than > 50<br>Result: cells above 50 get the colour<br><br>EXAMPLE 2:<br>Highlight duplicates: select the names > Conditional Formatting > Highlight Cells Rules > Duplicate Values > OK<br>Result: repeated names are coloured<br><br>EXAMPLE 3:<br>Show size as bars: select numbers > Conditional Formatting > Data Bars > choose a colour<br>Result: each cell shows a bar whose length matches its value<br><br>VARIATION:<br>Conditional Formatting > Top/Bottom Rules > Top 10 Items...   (largest values)<br>Conditional Formatting > Clear Rules > Clear Rules from Selected Cells<br>Conditional Formatting > New Rule > Use a formula to determine which cells to format<br><br>USED WITH:<br>Filter, Sort, Excel Tables, IF<br><br>RELATED CONCEPTS:<br>Data Bars, Color Scales, Icon Sets, Filter by Color<br><br>ALTERNATIVES:<br>Fill colour by hand (does not update), IF formula with a text flag<br><br>FAMILY / GROUP:<br>Conditional Formatting, Data Bars, Color Scales, Icon Sets, Clear Rules<br><br>WHERE IT IS USED:<br>Marking marks below the pass mark | Highlighting overdue dates in a task list | Spotting duplicate entries in a list<br><br>MINI CONVERSATION:<br>A: I want every mark under 40 to turn red so I can spot failures fast. | B: Select the marks, then Home tab > Conditional Formatting > Highlight Cells Rules > Less Than > 40.<br><br>COMMON MISTAKE:<br>✗ Conditional Formatting changes the value inside the cell → ✓ It changes only how the cell looks; the number or text itself stays the same<br><br>COMMONLY CONFUSED WITH:<br>Conditional Formatting vs normal fill colour: A normal fill stays the same forever, while Conditional Formatting changes when the value or rule result changes.<br><br>AVOID / DON'T:<br>Do not stack many rules with different colours on the same cells, because the sheet becomes hard to read.<br><br>WRONG CODE:<br>Select only cell A1 > Conditional Formatting > Greater Than > 50 (but the data is in A1:A3)<br><br>RIGHT CODE:<br>Select A1:A3 > Home tab > Conditional Formatting > Highlight Cells Rules > Greater Than > 50<br><br>MEMORY TRICK:<br>Condition true = colour shows; condition false = no colour.<br><br>REAL LIFE: PROJECT / WORK:<br>A school office highlights attendance below 75 percent in red so teachers can see at a glance who needs follow-up.<br><br>REAL LIFE: INTERVIEW / EXAM:<br>Interviewer asks: How would you highlight all duplicate values in a column?<br><br>REAL LIFE: DAILY LIFE:<br>Like a phone battery icon that turns red by itself when the charge is low.	03_Formatting_&_Organising_Intermediate_XL-015
Data Validation drop-down list<br><br>How can you let a person pick only from a fixed set of choices in a cell, instead of typing anything?<br><br>Steps: click B2 > Data tab > Data Validation > Settings > Allow: List > Source: Yes,No > OK	MEANING (SHORT):<br>Data Validation limits what can be entered in a cell, and a List shows a drop-down with allowed choices.<br><br>MEANING IN LEARNER'S LANGUAGE:<br>सेल में सिर्फ़ तय विकल्प चुनने देना (ड्रॉप-डाउन)<br><br>CODE:<br>Steps: click B2 > Data tab > Data Validation > Settings > Allow: List > Source: Yes,No > OK<br><br>OUTPUT:<br>Cell B2 shows a small drop-down arrow with two choices: Yes and No; typing anything else shows an error message<br><br>EXPLANATION:<br>The List option tells Excel which values are allowed in the cell. The person clicks the arrow and picks one, which prevents spelling mistakes. You can also type the values or point to a range of cells.<br><br>SIMPLE EXPLANATION (HINGLISH):<br>Data Validation se aap cell me sirf tay kiye hue options hi allow karte ho. Cell par arrow aata hai aur user list me se choose karta hai, galat spelling nahi ho sakti.<br><br>REAL-LIFE ANALOGY:<br>Like a vending machine with fixed buttons: you can press only the choices that exist.<br><br>SYNTAX PATTERN:<br>Data tab > Data Validation > Settings > Allow: List > Source: choice1,choice2<br><br>ANATOMY:<br>Allow: List = type of rule | Source = the allowed choices | In-cell dropdown = shows the arrow | Error Alert tab = message when a wrong entry is typed<br><br>EXAMPLE 1:<br>Typed list: Data Validation > Allow: List > Source: Yes,No<br>Result: cell shows a Yes or No drop-down<br><br>EXAMPLE 2:<br>Range list: type Delhi, Pune, Mumbai in E1:E3 > select B2 > Data Validation > Allow: List > Source: =$E$1:$E$3<br>Result: drop-down shows the three cities from the range<br><br>EXAMPLE 3:<br>Number rule: Data Validation > Allow: Whole number > between 1 and 100<br>Result: Excel accepts only whole numbers from 1 to 100 and shows an error for others<br><br>VARIATION:<br>Source: Red,Green,Blue                (typed list)<br>Source: =$E$1:$E$3                 (cells list)<br>Error Alert tab > Style: Stop            (blocks wrong entries)<br><br>USED WITH:<br>Excel Tables, IF, Conditional Formatting, Filter<br><br>RELATED CONCEPTS:<br>Input Message, Error Alert, Named ranges, Excel Tables<br><br>ALTERNATIVES:<br>Typing freely and checking later, Form controls, a Table-based list that grows<br><br>FAMILY / GROUP:<br>Data Validation, Drop-down, Source, Input Message, Error Alert<br><br>WHERE IT IS USED:<br>Attendance sheets with Present or Absent | Order forms with fixed product names | Surveys with a fixed set of answers<br><br>MINI CONVERSATION:<br>A: Some people type Dehli and some type Delhi, so my filter breaks. | B: Add a Data Validation drop-down list for City so everyone picks the same spelling.<br><br>COMMON MISTAKE:<br>✗ Data Validation fully stops wrong data from ever entering the cell → ✓ Typing is checked, but pasting values over the cell can bypass the rule, so check pasted data too<br><br>COMMONLY CONFUSED WITH:<br>Data Validation vs Conditional Formatting: Validation controls what can be entered, while Conditional Formatting only changes how cells look.<br><br>AVOID / DON'T:<br>Do not type spaces after commas in a typed list unless you want them to become part of the choice.<br><br>WRONG CODE:<br>Source: Yes No   (one single choice with a space between the words)<br><br>RIGHT CODE:<br>Source: Yes,No   (two separate choices)<br><br>MEMORY TRICK:<br>Validation = Value limits; List = Lets only listed choices in.<br><br>REAL LIFE: PROJECT / WORK:<br>A school coordinator uses a Present, Absent, Leave drop-down in the attendance sheet so counts are always correct.<br><br>REAL LIFE: INTERVIEW / EXAM:<br>Interviewer asks: How would you stop users from typing wrong spellings in a Status column?<br><br>REAL LIFE: DAILY LIFE:<br>Like the fixed Yes or No buttons on a form instead of a blank box.	03_Formatting_&_Organising_Intermediate_XL-016
Remove Duplicates<br><br>Which Data tab button deletes repeated rows from a list and keeps just one of each?<br><br>A1: Name<br>A2: Asha<br>A3: Ravi<br>A4: Asha<br>A5: Meena<br>Steps: click A1 > Data tab > Remove Duplicates > tick Name > OK	MEANING (SHORT):<br>Remove Duplicates deletes rows that repeat the same values in the columns you choose, keeping the first one.<br><br>MEANING IN LEARNER'S LANGUAGE:<br>दोहराई गई पंक्तियाँ हटाना, सिर्फ़ पहली रखना<br><br>CODE:<br>A1: Name<br>A2: Asha<br>A3: Ravi<br>A4: Asha<br>A5: Meena<br>Steps: click A1 > Data tab > Remove Duplicates > tick Name > OK<br><br>OUTPUT:<br>Message: 1 duplicate values found and removed; 3 unique values remain. Column A now has Name, Asha, Ravi, Meena<br><br>EXPLANATION:<br>Excel compares the values in the ticked columns. When it finds the same values again, it deletes the later row and keeps the first one. It is not case-sensitive, so Asha and ASHA count as the same.<br><br>SIMPLE EXPLANATION (HINGLISH):<br>Remove Duplicates se list me jo naam do baar aaye hain, unme se pehla rakha jata hai aur baaki delete ho jate hain. Delete hone se pehle ek copy bana lena achha rehta hai.<br><br>REAL-LIFE ANALOGY:<br>Like keeping only one copy of the same photo in your gallery and deleting the repeated ones.<br><br>SYNTAX PATTERN:<br>Data tab > Remove Duplicates > tick the columns to compare > OK<br><br>ANATOMY:<br>Data tab = where the button lives | My data has headers = row 1 is not compared | Column tick boxes = columns that must match | OK = deletes the repeats<br><br>EXAMPLE 1:<br>One column: select a list of names > Data tab > Remove Duplicates > tick Name > OK<br>Result: each name appears only once<br><br>EXAMPLE 2:<br>Two columns: tick Name and City > OK<br>Result: a row is removed only when both Name and City match an earlier row<br><br>EXAMPLE 3:<br>Check first without deleting: select names > Home tab > Conditional Formatting > Highlight Cells Rules > Duplicate Values > OK<br>Result: repeated names are coloured and nothing is deleted<br><br>VARIATION:<br>Tick only Name                       (rows match by name alone)<br>Tick Name and City                   (rows match only if both are the same)<br>UNIQUE function in Microsoft 365   (creates a new list without deleting)<br><br>USED WITH:<br>Sort, Filter, Conditional Formatting, Excel Tables<br><br>RELATED CONCEPTS:<br>UNIQUE function, Conditional Formatting duplicates, COUNTIF, PivotTable<br><br>ALTERNATIVES:<br>UNIQUE function (Microsoft 365 or Excel 2021 or later), Highlight duplicates then delete by hand, PivotTable<br><br>FAMILY / GROUP:<br>Duplicate, Unique, Remove, Compare, Clean data<br><br>WHERE IT IS USED:<br>Cleaning an email or mobile number list | Making a list of unique customers | Preparing data before a PivotTable<br><br>MINI CONVERSATION:<br>A: My list has the same student three times and the count is wrong. | B: Use Data tab > Remove Duplicates, tick the Name column, and keep a backup copy first.<br><br>COMMON MISTAKE:<br>✗ Remove Duplicates deletes every row that appears more than once, including the first → ✓ It keeps the first one and removes only the later repeats<br><br>COMMONLY CONFUSED WITH:<br>Remove Duplicates vs Duplicate Values highlighting: Remove Duplicates deletes repeated rows, while highlighting only colours them so you can review.<br><br>AVOID / DON'T:<br>Do not use Remove Duplicates on your only copy of the data without checking which columns you ticked.<br><br>WRONG CODE:<br>Select only column A (Name) of a Name and City list > Remove Duplicates > Continue with the current selection<br><br>RIGHT CODE:<br>Click one cell in the list > Data tab > Remove Duplicates > tick the columns that define a repeat (for example Name and City)<br><br>MEMORY TRICK:<br>Remove Duplicates = Remove repeats, Keep the first.<br><br>REAL LIFE: PROJECT / WORK:<br>A marketing assistant removes repeated email addresses from a mailing list so nobody gets the same message twice.<br><br>REAL LIFE: INTERVIEW / EXAM:<br>Interviewer asks: How do you find and remove duplicate entries in Excel without using formulas?<br><br>REAL LIFE: DAILY LIFE:<br>Like removing the same song that was downloaded twice from your playlist.	03_Formatting_&_Organising_Beginner_XL-017
Paste Special<br><br>How can you paste only the value, or only the format, or flip rows to columns, instead of a plain full paste?<br><br>A1: 10<br>A2: 20<br>A3: =SUM(A1:A2)<br>Steps: click A3 > Ctrl+C > click B1 > Ctrl+Alt+V > choose Values > OK<br>B1 now holds a plain number, not a formula	MEANING (SHORT):<br>Paste Special lets you paste only selected parts of copied cells, such as values, formats or a calculation.<br><br>MEANING IN LEARNER'S LANGUAGE:<br>कॉपी की हुई चीज़ का सिर्फ़ चुना हुआ हिस्सा पेस्ट करना<br><br>CODE:<br>A1: 10<br>A2: 20<br>A3: =SUM(A1:A2)<br>Steps: click A3 > Ctrl+C > click B1 > Ctrl+Alt+V > choose Values > OK<br>B1 now holds a plain number, not a formula<br><br>OUTPUT:<br>B1 shows 30 and is a fixed number (it does not change if A1 or A2 changes)<br><br>EXPLANATION:<br>A normal paste copies the formula, and its references can change. Paste Special with Values pastes only the result, so it stays fixed. Other options paste formats, apply a maths operation, or transpose rows and columns.<br><br>SIMPLE EXPLANATION (HINGLISH):<br>Paste Special me aap batate ho ki kya paste karna hai. Values chuno to formula nahi, sirf number aata hai. Isse result fix ho jata hai.<br><br>REAL-LIFE ANALOGY:<br>Like photocopying only the answer from a worked-out sheet, not the working steps.<br><br>SYNTAX PATTERN:<br>Ctrl+C, then Ctrl+Alt+V (or Home tab > Paste > Paste Special)<br><br>ANATOMY:<br>Ctrl+C = copy first | Ctrl+Alt+V = open Paste Special | Values / Formulas / Formats = what to paste | Operation (Add, Multiply) = maths on the target | Transpose = swap rows and columns<br><br>EXAMPLE 1:<br>Values: copy A3 (=SUM(A1:A2)) > click B1 > Ctrl+Alt+V > Values > OK<br>Result: B1 holds the number 30, no formula<br><br>EXAMPLE 2:<br>Transpose: A1: Pen, A2: Book, A3: Ink > copy A1:A3 > click C1 > Ctrl+Alt+V > tick Transpose > OK<br>Result: C1: Pen, D1: Book, E1: Ink (column turned into a row)<br><br>EXAMPLE 3:<br>Multiply: type 10 in D1 > copy D1 > select A1:A2 (5 and 8) > Ctrl+Alt+V > Multiply > OK<br>Result: A1 becomes 50 and A2 becomes 80<br><br>VARIATION:<br>Ctrl+Alt+V > Values          (numbers only, no formulas)<br>Ctrl+Alt+V > Formats         (copy only the look)<br>Ctrl+Alt+V > Column widths    (copy the width of columns)<br><br>USED WITH:<br>Copy, Formulas, Transpose, Conditional Formatting<br><br>RELATED CONCEPTS:<br>Copy and Paste, Transpose, Format Painter, Fill Handle<br><br>ALTERNATIVES:<br>Format Painter (formats only), TRANSPOSE function, a plain Ctrl+V and manual edits<br><br>FAMILY / GROUP:<br>Paste, Paste Special, Values, Formats, Transpose<br><br>WHERE IT IS USED:<br>Freezing a formula result as a fixed number | Turning a list in a column into a row | Copying the look of one table to another<br><br>MINI CONVERSATION:<br>A: When I copy my formula result to another sheet it shows a wrong number or an error. | B: Copy it, then use Ctrl+Alt+V and choose Values so only the number is pasted.<br><br>COMMON MISTAKE:<br>✗ Ctrl+V and Paste Special Values give the same thing → ✓ Ctrl+V pastes the formula, which can change or break, while Values pastes only the final number<br><br>COMMONLY CONFUSED WITH:<br>Paste Special Values vs Format Painter: Values pastes the data without formulas, while Format Painter copies only how cells look.<br><br>AVOID / DON'T:<br>Do not paste values over cells that still need their formulas, because the formulas are lost.<br><br>WRONG CODE:<br>Press Ctrl+V to paste a copied formula result into a report and expect it to stay fixed<br><br>RIGHT CODE:<br>Ctrl+C > Ctrl+Alt+V > Values > OK<br><br>MEMORY TRICK:<br>Paste Special = Pick just what you Show on the new spot.<br><br>REAL LIFE: PROJECT / WORK:<br>An analyst pastes a monthly report as values before emailing it so that no formulas point to missing sheets.<br><br>REAL LIFE: INTERVIEW / EXAM:<br>Interviewer asks: How do you convert formulas to static values in Excel?<br><br>REAL LIFE: DAILY LIFE:<br>Like taking a screenshot of an answer instead of sharing the whole calculation.	03_Formatting_&_Organising_Intermediate_XL-018
IF<br><br>Which function lets Excel choose between two results depending on whether a test is true or false?<br><br>A1: 55<br>B1: =IF(A1>=40,"Pass","Fail")	MEANING (SHORT):<br>IF checks a condition and returns one result if it is true and another if it is false.<br><br>MEANING IN LEARNER'S LANGUAGE:<br>शर्त जाँचकर दो में से एक परिणाम देना<br><br>CODE:<br>A1: 55<br>B1: =IF(A1>=40,"Pass","Fail")<br><br>OUTPUT:<br>Pass<br><br>EXPLANATION:<br>IF takes three parts: a test, the result if the test is true, and the result if the test is false. Here 55 is greater than or equal to 40, so Excel returns Pass. Text results must be inside double quotes.<br><br>SIMPLE EXPLANATION (HINGLISH):<br>IF function pehle condition check karta hai. Condition sahi hai to pehla jawab deta hai, galat hai to doosra. Text ko double quotes me likhna zaroori hai.<br><br>REAL-LIFE ANALOGY:<br>Like a lift that goes up if you press up and goes down if you press down.<br><br>SYNTAX PATTERN:<br>=IF(logical_test, value_if_true, value_if_false)<br><br>ANATOMY:<br>logical_test = the question that is TRUE or FALSE | value_if_true = result when true | value_if_false = result when false | , = separates the parts<br><br>EXAMPLE 1:<br>Text result: A1: 55<br>B1: =IF(A1>=40,"Pass","Fail")<br>Shows: Pass<br><br>EXAMPLE 2:<br>Number result (discount): A1: 1200<br>B1: =IF(A1>=1000,A1*0.1,0)<br>Shows: 120<br><br>EXAMPLE 3:<br>Check for blank: A1 is empty<br>B1: =IF(A1="","Empty","Filled")<br>Shows: Empty<br><br>VARIATION:<br>=IF(A1>=80,"A",IF(A1>=40,"B","C"))   (nested IF: A1 = 55 gives B)<br>=IF(A1>=40,"Pass")                   (if false it shows FALSE)<br>=IF(A1<>"","Done","")              (blank when not done)<br><br>USED WITH:<br>AND, OR, SUM, COUNTIF<br><br>RELATED CONCEPTS:<br>AND, OR, IFS, IFERROR<br><br>ALTERNATIVES:<br>IFS function (Excel 2019 or later), SWITCH function, Conditional Formatting for colours<br><br>FAMILY / GROUP:<br>IF, IFS, IFERROR, AND, OR, NOT<br><br>WHERE IT IS USED:<br>Pass or Fail results in a marksheet | Discounts for bills above a limit | Showing Paid or Due on a fee list<br><br>MINI CONVERSATION:<br>A: I want a column that says Pass when marks are 40 or more, and Fail otherwise. | B: Use =IF(A1>=40,"Pass","Fail") and copy it down the column.<br><br>COMMON MISTAKE:<br>✗ IF(A1>=40,Pass,Fail) works without quotes around text → ✓ Without quotes Excel treats Pass as a name and shows #NAME?; write "Pass" and "Fail"<br><br>COMMONLY CONFUSED WITH:<br>IF vs IFS: IF checks one test with two results, while IFS (newer versions) checks many tests in order without nesting.<br><br>AVOID / DON'T:<br>Do not nest many IFs inside each other when a simple lookup would be clearer.<br><br>WRONG CODE:<br>=IF(A1>=40,Pass,Fail)<br><br>RIGHT CODE:<br>=IF(A1>=40,"Pass","Fail")<br><br>MEMORY TRICK:<br>IF = Test, Then this, Else that.<br><br>REAL LIFE: PROJECT / WORK:<br>A school teacher uses IF to mark each student Pass or Fail from the total marks column.<br><br>REAL LIFE: INTERVIEW / EXAM:<br>Interviewer asks: Write a formula that gives a 10 percent discount if the bill is 1000 or more, else zero.<br><br>REAL LIFE: DAILY LIFE:<br>Like deciding: if it is cold, wear a jacket; otherwise do not.	04_Logic_Beginner_XL-019
AND and OR<br><br>Which two functions let one test check several conditions, where one demands that all pass and the other only that any pass?<br><br>A1: 50<br>B1: 30<br>C1: =AND(A1>=40,B1>=40)<br>D1: =OR(A1>=40,B1>=40)	MEANING (SHORT):<br>AND returns TRUE only if all conditions are true; OR returns TRUE if at least one condition is true.<br><br>MEANING IN LEARNER'S LANGUAGE:<br>AND में सारी शर्तें सही हों, OR में कोई एक सही हो<br><br>CODE:<br>A1: 50<br>B1: 30<br>C1: =AND(A1>=40,B1>=40)<br>D1: =OR(A1>=40,B1>=40)<br><br>OUTPUT:<br>C1 shows FALSE and D1 shows TRUE<br><br>EXPLANATION:<br>AND checks every condition, and since B1 (30) is below 40 it gives FALSE. OR needs only one true condition, and A1 (50) is at least 40, so it gives TRUE. Both return TRUE or FALSE, which you can place inside IF.<br><br>SIMPLE EXPLANATION (HINGLISH):<br>AND me saari conditions sahi honi chahiye, warna FALSE. OR me koi ek condition sahi ho to TRUE. Dono TRUE ya FALSE dete hain.<br><br>REAL-LIFE ANALOGY:<br>AND is like needing both a key and a password to open a locker; OR is like opening it with either the key or the spare card.<br><br>SYNTAX PATTERN:<br>=AND(test1, test2, ...) and =OR(test1, test2, ...)<br><br>ANATOMY:<br>AND = all must be true | OR = any one true is enough | test1, test2 = comparisons such as A1>=40 | Result = TRUE or FALSE<br><br>EXAMPLE 1:<br>AND result: A1: 50, B1: 30<br>C1: =AND(A1>=40,B1>=40)<br>Shows: FALSE<br><br>EXAMPLE 2:<br>OR result: A1: 50, B1: 30<br>C1: =OR(A1>=40,B1>=40)<br>Shows: TRUE<br><br>EXAMPLE 3:<br>Inside IF: A1: 50, B1: 30<br>C1: =IF(AND(A1>=40,B1>=40),"Pass","Fail")<br>Shows: Fail<br><br>VARIATION:<br>=AND(A1>=40,B1>=40,C1>=40)     (three conditions: all must be true)<br>=OR(A1="Yes",B1="Yes")        (any one Yes gives TRUE)<br>=NOT(A1>=40)                   (reverses TRUE and FALSE)<br><br>USED WITH:<br>IF, COUNTIFS, Conditional Formatting, NOT<br><br>RELATED CONCEPTS:<br>IF, NOT, XOR, IFS<br><br>ALTERNATIVES:<br>Nested IF formulas, multiplying and adding test results (advanced), COUNTIFS for counting<br><br>FAMILY / GROUP:<br>AND, OR, NOT, XOR, IF<br><br>WHERE IT IS USED:<br>Pass only if two subjects are passed | Discount if customer is new or bill is large | Alert when stock is low and not ordered<br><br>MINI CONVERSATION:<br>A: A scholarship is for students with marks 80 or more, or attendance 90 or more. | B: Then use =OR(A1>=80,B1>=90) because only one of the two needs to be true.<br><br>COMMON MISTAKE:<br>✗ AND and OR work the same way, just with different names → ✓ AND needs every condition true, while OR needs only one true condition<br><br>COMMONLY CONFUSED WITH:<br>AND vs OR: AND is strict and needs all conditions to pass, while OR is relaxed and needs any one to pass.<br><br>AVOID / DON'T:<br>Do not write =A1>=40 AND B1>=40 as in plain English; Excel needs the AND function with brackets and commas.<br><br>WRONG CODE:<br>=IF(A1>=40 AND B1>=40,"Pass","Fail")<br><br>RIGHT CODE:<br>=IF(AND(A1>=40,B1>=40),"Pass","Fail")<br><br>MEMORY TRICK:<br>AND = All needed; OR = One is enough.<br><br>REAL LIFE: PROJECT / WORK:<br>An HR sheet marks an employee Eligible if experience is 2 years or more and performance rating is at least 3.<br><br>REAL LIFE: INTERVIEW / EXAM:<br>Interviewer asks: How do you check two conditions together inside an IF formula?<br><br>REAL LIFE: DAILY LIFE:<br>Like needing both a ticket and an ID to enter an exam hall, or either a bus or a train to reach school.	04_Logic_Intermediate_XL-020
IFS and nested IF<br><br>How do you make Excel pick one result out of three or more, depending on a number such as marks?<br><br>A1: 72<br>B1: =IFS(A1>=90,"A",A1>=75,"B",A1>=60,"C",TRUE,"F")	MEANING (SHORT):<br>IFS checks several conditions in order and returns the result of the first one that is true.<br><br>MEANING IN LEARNER'S LANGUAGE:<br>कई शर्तों को क्रम से जाँचकर पहली सही शर्त का परिणाम देना<br><br>CODE:<br>A1: 72<br>B1: =IFS(A1>=90,"A",A1>=75,"B",A1>=60,"C",TRUE,"F")<br><br>OUTPUT:<br>C<br><br>EXPLANATION:<br>Excel tests A1>=90 first, then A1>=75, then A1>=60. 72 fails the first two and passes the third, so the answer is C. The last pair TRUE,"F" works as an else, so a score below 60 gives F.<br><br>SIMPLE EXPLANATION (HINGLISH):<br>Excel checks your conditions one by one from left to right. The first one that is true gives the answer and Excel stops there. So put the biggest limit first.<br><br>REAL-LIFE ANALOGY:<br>Like a railway ticket check: the first rule that fits your ticket class decides your coach, and the later rules are never read.<br><br>SYNTAX PATTERN:<br>=IFS(condition1, result1, condition2, result2, ..., TRUE, default_result)<br>=IF(condition, result_if_true, IF(condition2, result2, result_if_all_false))<br><br>ANATOMY:<br>condition = a test that is TRUE or FALSE | result = what to show when that test is TRUE | TRUE as last condition = catch-all for everything else<br><br>EXAMPLE 1:<br>A1: 55<br>B1: =IF(A1>=90,"A",IF(A1>=60,"B","C"))<br><br>EXAMPLE 2:<br>A1: 15<br>B1: =IFS(A1<13,"Child",A1<20,"Teen",TRUE,"Adult")<br><br>EXAMPLE 3:<br>A1: 50<br>B1: =IFS(A1>=90,"A",A1>=60,"B")<br><br>VARIATION:<br>=IFS(A1>=90,"A",A1>=60,"B",TRUE,"C")  - with a TRUE catch-all, no error<br>=IFS(A1>=90,"A",A1>=60,"B")  - gives #N/A when A1 is 50, because no condition is true<br>=IF(A1>=60,"Pass","Fail")  - plain IF for two outcomes only<br><br>USED WITH:<br>AND, OR, IFERROR, VLOOKUP<br><br>RELATED CONCEPTS:<br>IF, AND, OR, SWITCH<br><br>ALTERNATIVES:<br>Nested IF, SWITCH, VLOOKUP with approximate match, XLOOKUP with match mode<br><br>FAMILY / GROUP:<br>IF, IFS, IFERROR, IFNA, AND, OR, NOT<br><br>WHERE IT IS USED:<br>Grading marks into A, B, C | Sales commission slabs | Age or price groups<br><br>MINI CONVERSATION:<br>A: My grade formula gives C for a score of 95, why? | B: Check your order, put the score of 90 or more first, because Excel stops at the first true condition.<br><br>COMMON MISTAKE:<br>✗ Excel checks all the conditions and picks the best one → ✓ Excel stops at the first TRUE condition, so the order of conditions changes the answer<br><br>COMMONLY CONFUSED WITH:<br>IFS vs nested IF: both do the same job, but IFS is easier to read and needs Excel 2019 or Microsoft 365, while nested IF works in every version.<br><br>AVOID / DON'T:<br>Do not build nested IFs more than three or four levels deep, because they become very hard to read and fix.<br><br>WRONG CODE:<br>A1: 95<br>B1: =IFS(A1>=60,"C",A1>=75,"B",A1>=90,"A",TRUE,"F")<br><br>RIGHT CODE:<br>A1: 95<br>B1: =IFS(A1>=90,"A",A1>=75,"B",A1>=60,"C",TRUE,"F")<br><br>MEMORY TRICK:<br>Biggest first, TRUE last: big limits go in front, catch-all goes at the back.<br><br>REAL LIFE: PROJECT / WORK:<br>A school office uses IFS on a marks sheet to turn every student's score into a grade in one column.<br><br>REAL LIFE: INTERVIEW / EXAM:<br>Interview question: how do you give grades A, B and C to 500 students without writing a formula for each grade?<br><br>REAL LIFE: DAILY LIFE:<br>Like a bus fare chart: you check the first rule that fits your age and pay that fare.	04_Logic_Intermediate_XL-021
IFERROR<br><br>Which function replaces an ugly error value with a friendly message or a blank?<br><br>A1: 10<br>B1: 0<br>C1: =IFERROR(A1/B1,"Check B1")	MEANING (SHORT):<br>IFERROR returns your formula's result, but if that formula gives any error, it returns a value you choose.<br><br>MEANING IN LEARNER'S LANGUAGE:<br>अगर फ़ॉर्मूले में एरर आए तो उसकी जगह अपनी पसंद का मान दिखाना<br><br>CODE:<br>A1: 10<br>B1: 0<br>C1: =IFERROR(A1/B1,"Check B1")<br><br>OUTPUT:<br>Check B1<br><br>EXPLANATION:<br>A1/B1 divides by zero, so it gives #DIV/0!. IFERROR sees the error and shows the second argument instead. If there was no error, you would see the normal result.<br><br>SIMPLE EXPLANATION (HINGLISH):<br>Pehle Excel tumhara formula chalata hai. Agar error aaye to tumhara diya hua message dikhata hai, nahi to normal answer dikhata hai.<br><br>REAL-LIFE ANALOGY:<br>Like a spare tyre in a car: you only use it when the main one fails, and normally you never notice it.<br><br>SYNTAX PATTERN:<br>=IFERROR(value, value_if_error)<br><br>ANATOMY:<br>value = the formula or cell that may give an error | value_if_error = what to show when it does<br><br>EXAMPLE 1:<br>A1: 10<br>B1: 0<br>C1: =IFERROR(A1/B1,0)<br><br>EXAMPLE 2:<br>A1: 10<br>B1: 4<br>C1: =IFERROR(A1/B1,"n/a")<br><br>EXAMPLE 3:<br>A1: Asha<br>B1: 50<br>A2: Meena<br>B2: 60<br>D1: Ravi<br>E1: =IFERROR(VLOOKUP(D1,A1:B2,2,FALSE),"Not found")<br><br>VARIATION:<br>=IFERROR(A1/B1,"")  - shows a blank cell on error<br>=IFNA(VLOOKUP(D1,A1:B2,2,FALSE),"Not found")  - catches only #N/A<br>=IFERROR(A1/B1,0)  - shows 0 on error<br><br>USED WITH:<br>VLOOKUP, XLOOKUP, division, INDEX and MATCH<br><br>RELATED CONCEPTS:<br>IFNA, ISERROR, IF, error values<br><br>ALTERNATIVES:<br>IFNA, IF with ISERROR, ISNUMBER checks<br><br>FAMILY / GROUP:<br>IFERROR, IFNA, ISERROR, ISERR, ISNA, IF<br><br>WHERE IT IS USED:<br>Percentage columns that divide by zero | Lookups for names that may be missing | Dashboards that must look clean<br><br>MINI CONVERSATION:<br>A: My percent column shows #DIV/0! in empty rows, how can I hide it? | B: Wrap the formula in IFERROR and give an empty text like "" as the second argument.<br><br>COMMON MISTAKE:<br>✗ IFERROR fixes the real problem in the formula → ✓ IFERROR only hides the error message; the wrong data or formula is still there<br><br>COMMONLY CONFUSED WITH:<br>IFERROR vs IFNA: IFERROR catches every error type, while IFNA catches only #N/A, so IFNA is safer when you only expect a missing lookup.<br><br>AVOID / DON'T:<br>Do not wrap a whole big formula in IFERROR without testing it first, because it can hide real mistakes.<br><br>WRONG CODE:<br>A1: 10<br>B1: 0<br>C1: =IFERROR("Error",A1/B1)<br><br>RIGHT CODE:<br>A1: 10<br>B1: 0<br>C1: =IFERROR(A1/B1,"Error")<br><br>MEMORY TRICK:<br>Try first, rescue second: formula first, fallback second.<br><br>REAL LIFE: PROJECT / WORK:<br>A sales report uses IFERROR around its growth percent so that new products with no old sales do not show errors.<br><br>REAL LIFE: INTERVIEW / EXAM:<br>Interview question: what is the difference between IFERROR and IFNA, and when would you pick IFNA?<br><br>REAL LIFE: DAILY LIFE:<br>Like an auto reply that says I am away when nobody can answer your call.	04_Logic_Intermediate_XL-022
Common errors: #N/A, #REF!, #DIV/0!, #VALUE!<br><br>What do the error codes that start with a hash sign tell you about what went wrong in a formula?<br><br>A1: 10<br>B1: 0<br>C1: =A1/B1	MEANING (SHORT):<br>Error values are codes that Excel shows when a formula cannot give a proper answer, and each code names a different cause.<br><br>MEANING IN LEARNER'S LANGUAGE:<br>फ़ॉर्मूला सही उत्तर न दे पाए तो Excel जो एरर कोड दिखाता है<br><br>CODE:<br>A1: 10<br>B1: 0<br>C1: =A1/B1<br><br>OUTPUT:<br>#DIV/0!<br><br>EXPLANATION:<br>#DIV/0! means a division by zero or by an empty cell. #N/A means a looked-up value was not found. #REF! means the formula points to a cell that no longer exists. #VALUE! means a number was expected but the cell holds text or a wrong type.<br><br>SIMPLE EXPLANATION (HINGLISH):<br>Har error ka matlab alag hota hai. #DIV/0! zero se divide, #N/A value mili nahi, #REF! cell delete ho gaya, #VALUE! number ki jagah text.<br><br>REAL-LIFE ANALOGY:<br>Like the different error messages from an ATM: wrong PIN, low balance and card blocked each need a different fix.<br><br>SYNTAX PATTERN:<br>#DIV/0! = divide by zero | #N/A = not available | #REF! = invalid reference | #VALUE! = wrong type of value<br><br>ANATOMY:<br>#DIV/0! = divisor is 0 or blank | #N/A = lookup found nothing | #REF! = referred cell or column was deleted | #VALUE! = text where a number is needed<br><br>EXAMPLE 1:<br>A1: 10<br>B1: 0<br>C1: =A1/B1<br><br>EXAMPLE 2:<br>A1: Asha<br>B1: 50<br>A2: Meena<br>B2: 60<br>D1: =VLOOKUP("Ravi",A1:B2,2,FALSE)<br><br>EXAMPLE 3:<br>A1: 5<br>B1: 7<br>C1: =A1+B1<br>Then delete column B. The formula now shows =A1+#REF! and the result is #REF!<br><br>VARIATION:<br>=A1+1 with A1 = Asha  - #VALUE!, because text cannot be added<br>=A1/B1 with B1 empty  - #DIV/0!, because an empty cell counts as 0<br>=IFERROR(A1/B1,"")  - hides any of these errors<br><br>USED WITH:<br>IFERROR, IFNA, VLOOKUP, Trace Precedents<br><br>RELATED CONCEPTS:<br>IFERROR, ISERROR, Formula Auditing, VLOOKUP<br><br>ALTERNATIVES:<br>IFERROR to hide them, Formulas tab > Error Checking to find them<br><br>FAMILY / GROUP:<br>#DIV/0!, #N/A, #REF!, #VALUE!, #NAME?, #NUM!, #NULL!<br><br>WHERE IT IS USED:<br>Fixing broken reports | Checking lookups that did not match | Cleaning data before sharing a file<br><br>MINI CONVERSATION:<br>A: My VLOOKUP shows #N/A, is my formula broken? | B: Not always, it usually means the value you search for is not in the first column of the table.<br><br>COMMON MISTAKE:<br>✗ Every error means my formula is typed wrong → ✓ Often the formula is fine and the data is the problem, such as a zero, a missing name or text instead of a number<br><br>COMMONLY CONFUSED WITH:<br>#N/A vs #REF!: #N/A means the value was not found, while #REF! means the formula points to a cell or column that was deleted.<br><br>AVOID / DON'T:<br>Do not just paste values over errors to hide them, find the cause so the same error does not return.<br><br>WRONG CODE:<br>A1: 10 kg<br>B1: =A1*2<br><br>RIGHT CODE:<br>A1: 10<br>B1: =A1*2<br>C1: kg<br><br>MEMORY TRICK:<br>DIV = divide, REF = reference, N/A = not available, VALUE = wrong value type.<br><br>REAL LIFE: PROJECT / WORK:<br>An analyst checks a monthly report and uses the error code to find that deleted columns caused #REF! in totals.<br><br>REAL LIFE: INTERVIEW / EXAM:<br>Interview question: what does #N/A mean in a VLOOKUP and how can you handle it?<br><br>REAL LIFE: DAILY LIFE:<br>Like a phone saying number not found versus number not reachable: the message tells you what to do next.	04_Logic_Intermediate_XL-023
COUNTIF and SUMIF<br><br>Which two functions count or add only the cells that meet one condition, such as only one city?<br><br>A1: Delhi<br>A2: Pune<br>A3: Delhi<br>A4: Goa<br>A5: Delhi<br>B1: 100<br>B2: 200<br>B3: 150<br>B4: 50<br>B5: 300<br>D1: =COUNTIF(A1:A5,"Delhi")<br>D2: =SUMIF(A1:A5,"Delhi",B1:B5)	MEANING (SHORT):<br>COUNTIF counts the cells that meet one condition, and SUMIF adds the numbers that meet one condition.<br><br>MEANING IN LEARNER'S LANGUAGE:<br>एक शर्त पूरी करने वाले सेल गिनना या उनका जोड़ निकालना<br><br>CODE:<br>A1: Delhi<br>A2: Pune<br>A3: Delhi<br>A4: Goa<br>A5: Delhi<br>B1: 100<br>B2: 200<br>B3: 150<br>B4: 50<br>B5: 300<br>D1: =COUNTIF(A1:A5,"Delhi")<br>D2: =SUMIF(A1:A5,"Delhi",B1:B5)<br><br>OUTPUT:<br>D1 shows 3<br>D2 shows 550<br><br>EXPLANATION:<br>COUNTIF looks at A1:A5 and counts the cells equal to Delhi, which is 3. SUMIF checks the same range for Delhi and adds the matching numbers in B1:B5, which are 100, 150 and 300, giving 550.<br><br>SIMPLE EXPLANATION (HINGLISH):<br>COUNTIF gintii karta hai kitne cells condition se match karte hain. SUMIF unhi rows ke numbers jod deta hai. Order yaad rakho: range, condition, phir sum range.<br><br>REAL-LIFE ANALOGY:<br>Like a teacher counting only the girls in a class, or adding only the girls' marks, while ignoring the boys.<br><br>SYNTAX PATTERN:<br>=COUNTIF(range, criteria)<br>=SUMIF(range, criteria, [sum_range])<br><br>ANATOMY:<br>range = cells that are checked | criteria = the condition such as "Delhi" or ">100" | sum_range = the numbers to add (if left out, the checked range itself is added)<br><br>EXAMPLE 1:<br>A1: Delhi<br>A2: Pune<br>A3: Delhi<br>B1: 100<br>B2: 200<br>B3: 150<br>D1: =COUNTIF(A1:A3,"Delhi")<br><br>EXAMPLE 2:<br>B1: 100<br>B2: 200<br>B3: 150<br>B4: 50<br>B5: 300<br>D1: =SUMIF(B1:B5,">100")<br><br>EXAMPLE 3:<br>A1: Delhi<br>A2: Pune<br>A3: Delhi<br>A4: Goa<br>A5: Delhi<br>D1: =COUNTIF(A1:A5,"P*")<br><br>VARIATION:<br>=COUNTIF(A1:A5,D1)  - condition taken from cell D1<br>=COUNTIF(B1:B5,">=150")  - counts values 150 or more<br>=COUNTIF(A1:A5,"<>Delhi")  - counts cells that are not Delhi<br><br>USED WITH:<br>Wildcards (* and ?), comparison signs, cell references, COUNTIFS<br><br>RELATED CONCEPTS:<br>COUNTIFS, SUMIFS, COUNT, SUM<br><br>ALTERNATIVES:<br>COUNTIFS, SUMIFS, SUMPRODUCT, PivotTable<br><br>FAMILY / GROUP:<br>COUNT, COUNTA, COUNTIF, COUNTIFS, SUM, SUMIF, SUMIFS<br><br>WHERE IT IS USED:<br>Total sales for one city | Counting students who passed | Adding expenses of one category<br><br>MINI CONVERSATION:<br>A: How can I add only the sales of Delhi from this long list? | B: Use SUMIF, give the city column, the word Delhi and then the sales column.<br><br>COMMON MISTAKE:<br>✗ SUMIF takes the condition first and then the range → ✓ The order is range, criteria and then sum_range<br><br>COMMONLY CONFUSED WITH:<br>SUMIF vs SUMIFS: SUMIF handles one condition and puts sum_range last, while SUMIFS handles many conditions and puts sum_range first.<br><br>AVOID / DON'T:<br>Do not forget the quotes around conditions with signs, such as ">100"; writing >100 without quotes gives an error.<br><br>WRONG CODE:<br>A1: Delhi<br>A2: Pune<br>A3: Delhi<br>A4: Goa<br>A5: Delhi<br>B1: 100<br>B2: 200<br>B3: 150<br>B4: 50<br>B5: 300<br>D1: =SUMIF(B1:B5,"Delhi",A1:A5)<br><br>RIGHT CODE:<br>A1: Delhi<br>A2: Pune<br>A3: Delhi<br>A4: Goa<br>A5: Delhi<br>B1: 100<br>B2: 200<br>B3: 150<br>B4: 50<br>B5: 300<br>D1: =SUMIF(A1:A5,"Delhi",B1:B5)<br><br>MEMORY TRICK:<br>Check where, check what, then add which: range, criteria, sum_range.<br><br>REAL LIFE: PROJECT / WORK:<br>A shop owner uses SUMIF to get the total sales of each product from a long daily sales list.<br><br>REAL LIFE: INTERVIEW / EXAM:<br>Interview question: how do you total the sales of only one region, and how do you count the rows for it?<br><br>REAL LIFE: DAILY LIFE:<br>Like counting only the red cars in a parking lot, or adding only their prices.	05_Conditional_Maths_Intermediate_XL-024
COUNTIFS and SUMIFS<br><br>Which functions count or add only the rows that meet two or more conditions at the same time?<br><br>A1: Delhi<br>A2: Delhi<br>A3: Pune<br>A4: Delhi<br>A5: Pune<br>B1: Jan<br>B2: Feb<br>B3: Jan<br>B4: Jan<br>B5: Feb<br>C1: 100<br>C2: 150<br>C3: 200<br>C4: 300<br>C5: 50<br>E1: =COUNTIFS(A1:A5,"Delhi",B1:B5,"Jan")<br>E2: =SUMIFS(C1:C5,A1:A5,"Delhi",B1:B5,"Jan")	MEANING (SHORT):<br>COUNTIFS counts and SUMIFS adds the rows where all of your conditions are true together.<br><br>MEANING IN LEARNER'S LANGUAGE:<br>एक साथ कई शर्तें पूरी होने पर गिनना या जोड़ना<br><br>CODE:<br>A1: Delhi<br>A2: Delhi<br>A3: Pune<br>A4: Delhi<br>A5: Pune<br>B1: Jan<br>B2: Feb<br>B3: Jan<br>B4: Jan<br>B5: Feb<br>C1: 100<br>C2: 150<br>C3: 200<br>C4: 300<br>C5: 50<br>E1: =COUNTIFS(A1:A5,"Delhi",B1:B5,"Jan")<br>E2: =SUMIFS(C1:C5,A1:A5,"Delhi",B1:B5,"Jan")<br><br>OUTPUT:<br>E1 shows 2<br>E2 shows 400<br><br>EXPLANATION:<br>Rows 1 and 4 are both Delhi and Jan, so COUNTIFS gives 2. SUMIFS adds the sales of those two rows, 100 and 300, which gives 400.<br><br>SIMPLE EXPLANATION (HINGLISH):<br>Yahan har condition sahi honi chahiye, tabhi row count ya add hoti hai. SUMIFS me pehle wo column likho jise add karna hai, phir conditions.<br><br>REAL-LIFE ANALOGY:<br>Like a job filter on a website: you want jobs in Delhi and full time, and a job must match both to be shown.<br><br>SYNTAX PATTERN:<br>=COUNTIFS(range1, criteria1, [range2, criteria2], ...)<br>=SUMIFS(sum_range, range1, criteria1, [range2, criteria2], ...)<br><br>ANATOMY:<br>sum_range = numbers to add (SUMIFS only, written first) | range = cells to check | criteria = condition for that range | all ranges = must have the same size<br><br>EXAMPLE 1:<br>A1: Delhi<br>A2: Delhi<br>A3: Pune<br>B1: Jan<br>B2: Feb<br>B3: Jan<br>E1: =COUNTIFS(A1:A3,"Delhi",B1:B3,"Jan")<br><br>EXAMPLE 2:<br>A1: Delhi<br>A2: Delhi<br>A3: Pune<br>A4: Delhi<br>C1: 100<br>C2: 150<br>C3: 200<br>C4: 300<br>E1: =SUMIFS(C1:C4,A1:A4,"Delhi",C1:C4,">100")<br><br>EXAMPLE 3:<br>C1: 100<br>C2: 150<br>C3: 200<br>C4: 300<br>C5: 50<br>E1: =COUNTIFS(C1:C5,">=100",C1:C5,"<=200")<br><br>VARIATION:<br>=COUNTIFS(A1:A5,"Pune")  - works with just one condition too<br>=SUMIFS(C1:C5,A1:A5,E1,B1:B5,E2)  - conditions taken from cells E1 and E2<br>=COUNTIFS(C1:C5,">=100",C1:C5,"<=200")  - same range used twice to make a between check<br><br>USED WITH:<br>Wildcards, date conditions, cell references, PivotTable<br><br>RELATED CONCEPTS:<br>COUNTIF, SUMIF, AVERAGEIFS, SUMPRODUCT<br><br>ALTERNATIVES:<br>SUMPRODUCT, PivotTable, FILTER with SUM (Microsoft 365)<br><br>FAMILY / GROUP:<br>COUNTIF, COUNTIFS, SUMIF, SUMIFS, AVERAGEIF, AVERAGEIFS, MAXIFS<br><br>WHERE IT IS USED:<br>Sales for one city in one month | Counting students who scored between two limits | Adding expenses by category and date<br><br>MINI CONVERSATION:<br>A: I need sales of Delhi but only for January, can SUMIF do that? | B: Use SUMIFS, it takes more than one condition and all of them must be true.<br><br>COMMON MISTAKE:<br>✗ COUNTIFS counts a row if any one condition is true → ✓ COUNTIFS counts a row only when all the conditions are true at the same time (it is AND, not OR)<br><br>COMMONLY CONFUSED WITH:<br>SUMIFS vs SUMIF: SUMIFS writes the sum range first and allows many conditions, while SUMIF writes the sum range last and allows one.<br><br>AVOID / DON'T:<br>Do not use ranges of different sizes in one SUMIFS formula, because Excel will show a #VALUE! error.<br><br>WRONG CODE:<br>C1: 100<br>C2: 150<br>C3: 200<br>A1: Delhi<br>A2: Delhi<br>A3: Pune<br>E1: =SUMIFS(A1:A3,"Delhi",C1:C3)<br><br>RIGHT CODE:<br>C1: 100<br>C2: 150<br>C3: 200<br>A1: Delhi<br>A2: Delhi<br>A3: Pune<br>E1: =SUMIFS(C1:C3,A1:A3,"Delhi")<br><br>MEMORY TRICK:<br>SUMIFS starts with the sum: first what to add, then every where and what.<br><br>REAL LIFE: PROJECT / WORK:<br>A finance team uses SUMIFS to get total spend for one department in one quarter from a large expense list.<br><br>REAL LIFE: INTERVIEW / EXAM:<br>Interview question: how do you total sales for one region and one month, and how does SUMIFS differ from SUMIF?<br><br>REAL LIFE: DAILY LIFE:<br>Like searching a shopping site for shoes that are black and under 2000 rupees.	05_Conditional_Maths_Intermediate_XL-025
VLOOKUP<br><br>Which function searches the first column of a table for a value and brings back something from the same row?<br><br>A1: 101<br>B1: Asha<br>A2: 102<br>B2: Ravi<br>A3: 103<br>B3: Meena<br>D1: 102<br>E1: =VLOOKUP(D1,A1:B3,2,FALSE)	MEANING (SHORT):<br>VLOOKUP finds a value in the first column of a table and returns a value from another column of the same row.<br><br>MEANING IN LEARNER'S LANGUAGE:<br>टेबल के पहले कॉलम में खोजकर उसी पंक्ति की दूसरी जानकारी लाना<br><br>CODE:<br>A1: 101<br>B1: Asha<br>A2: 102<br>B2: Ravi<br>A3: 103<br>B3: Meena<br>D1: 102<br>E1: =VLOOKUP(D1,A1:B3,2,FALSE)<br><br>OUTPUT:<br>Ravi<br><br>EXPLANATION:<br>Excel looks for 102 in the first column of A1:B3 and finds it in row 2. It then returns the value from column 2 of the table in that row, which is Ravi. FALSE makes sure only an exact match is accepted.<br><br>SIMPLE EXPLANATION (HINGLISH):<br>Pehle column me ID dhundo, phir usi row me aage jao aur jo column number diya hai wahan se value le aao. Last me FALSE likho warna galat match mil sakta hai.<br><br>REAL-LIFE ANALOGY:<br>Like looking up a name in a phone book and then reading the number next to it on the same line.<br><br>SYNTAX PATTERN:<br>=VLOOKUP(lookup_value, table_array, col_index_num, [range_lookup])<br><br>ANATOMY:<br>lookup_value = what you search for | table_array = the table, whose first column is searched | col_index_num = which column of the table to return, counting from 1 | range_lookup = FALSE for exact match, TRUE for approximate<br><br>EXAMPLE 1:<br>A1: 101<br>B1: Asha<br>A2: 102<br>B2: Ravi<br>A3: 103<br>B3: Meena<br>D1: 102<br>E1: =VLOOKUP(D1,A1:B3,2,FALSE)<br><br>EXAMPLE 2:<br>A1: 0<br>B1: F<br>A2: 50<br>B2: C<br>A3: 80<br>B3: A<br>E1: =VLOOKUP(65,A1:B3,2,TRUE)<br><br>EXAMPLE 3:<br>A1: 101<br>B1: Asha<br>C1: 500<br>A2: 102<br>B2: Ravi<br>C2: 700<br>A3: 103<br>B3: Meena<br>C3: 650<br>E1: =VLOOKUP(103,A1:C3,3,FALSE)<br><br>VARIATION:<br>=VLOOKUP(D1,A1:B3,2,0)  - 0 works the same as FALSE<br>=VLOOKUP(104,A1:B3,2,FALSE)  - gives #N/A when the value is not found<br>=VLOOKUP(D1,A1:B3,3,FALSE)  - gives #REF! because the table has only 2 columns<br><br>USED WITH:<br>IFERROR, absolute references ($A$1:$B$3), TRIM, data validation lists<br><br>RELATED CONCEPTS:<br>HLOOKUP, XLOOKUP, INDEX and MATCH, IFERROR<br><br>ALTERNATIVES:<br>XLOOKUP, INDEX and MATCH, FILTER (Microsoft 365)<br><br>FAMILY / GROUP:<br>VLOOKUP, HLOOKUP, XLOOKUP, LOOKUP, MATCH, INDEX<br><br>WHERE IT IS USED:<br>Finding a price from a product code | Matching student names to roll numbers | Bringing data from one sheet into another<br><br>MINI CONVERSATION:<br>A: Why does my VLOOKUP give a wrong name for some IDs? | B: You left out the last argument, so Excel did an approximate match, add FALSE to get an exact match.<br><br>COMMON MISTAKE:<br>✗ VLOOKUP can return a value from a column on the left of the search column → ✓ VLOOKUP always searches the first column of the table and can only return from that column or columns to its right<br><br>COMMONLY CONFUSED WITH:<br>VLOOKUP vs HLOOKUP: VLOOKUP searches down the first column, while HLOOKUP searches across the first row.<br><br>AVOID / DON'T:<br>Do not leave out the last argument, because the default is an approximate match that can give wrong answers on unsorted data.<br><br>WRONG CODE:<br>A1: 101<br>B1: Asha<br>A2: 102<br>B2: Ravi<br>A3: 103<br>B3: Meena<br>D1: 102<br>E1: =VLOOKUP(D1,A1:B3,3,FALSE)<br><br>RIGHT CODE:<br>A1: 101<br>B1: Asha<br>A2: 102<br>B2: Ravi<br>A3: 103<br>B3: Meena<br>D1: 102<br>E1: =VLOOKUP(D1,A1:B3,2,FALSE)<br><br>MEMORY TRICK:<br>V for vertical, then four steps: find what, in where, which column, FALSE for exact.<br><br>REAL LIFE: PROJECT / WORK:<br>An accounts clerk uses VLOOKUP to pull each customer's name and city into an invoice list from a master customer table.<br><br>REAL LIFE: INTERVIEW / EXAM:<br>Interview question: why do you add FALSE at the end of a VLOOKUP and what happens if you leave it out?<br><br>REAL LIFE: DAILY LIFE:<br>Like finding a student by roll number on a result list and reading the marks in the same row.	06_Lookup_Intermediate_XL-026
INDEX and MATCH<br><br>Which pair of functions can look up a value in any column, even one to the left of the search column?<br><br>A1: Asha<br>A2: Ravi<br>A3: Meena<br>B1: 50<br>B2: 70<br>B3: 60<br>D1: =INDEX(B1:B3,MATCH("Ravi",A1:A3,0))	MEANING (SHORT):<br>MATCH finds the position of a value in a list, and INDEX uses that position to return a value from another list.<br><br>MEANING IN LEARNER'S LANGUAGE:<br>MATCH से स्थान ढूँढकर INDEX से उस स्थान की वैल्यू निकालना<br><br>CODE:<br>A1: Asha<br>A2: Ravi<br>A3: Meena<br>B1: 50<br>B2: 70<br>B3: 60<br>D1: =INDEX(B1:B3,MATCH("Ravi",A1:A3,0))<br><br>OUTPUT:<br>70<br><br>EXPLANATION:<br>MATCH("Ravi",A1:A3,0) finds Ravi in position 2 of the list. INDEX(B1:B3,2) then returns the second value of B1:B3, which is 70. The 0 in MATCH means exact match.<br><br>SIMPLE EXPLANATION (HINGLISH):<br>Pehle MATCH batata hai naam kaun si position par hai. Phir INDEX us position par dusre column se value nikalta hai. Dono milkar VLOOKUP jaisa kaam karte hain.<br><br>REAL-LIFE ANALOGY:<br>Like finding which locker number holds your bag (MATCH) and then opening that locker to take the bag out (INDEX).<br><br>SYNTAX PATTERN:<br>=INDEX(array, row_num, [column_num])<br>=MATCH(lookup_value, lookup_array, [match_type])<br>=INDEX(return_range, MATCH(value, search_range, 0))<br><br>ANATOMY:<br>INDEX array = where the answer lives | row_num = which row of that range | MATCH lookup_array = where to search | match_type 0 = exact match<br><br>EXAMPLE 1:<br>A1: Asha<br>A2: Ravi<br>A3: Meena<br>B1: 50<br>B2: 70<br>B3: 60<br>D1: =INDEX(B1:B3,MATCH("Ravi",A1:A3,0))<br><br>EXAMPLE 2:<br>A1: Asha<br>B1: 101<br>A2: Ravi<br>B2: 102<br>A3: Meena<br>B3: 103<br>D1: =INDEX(A1:A3,MATCH(103,B1:B3,0))<br><br>EXAMPLE 3:<br>A1: (empty)<br>B1: Jan<br>C1: Feb<br>A2: Delhi<br>B2: 10<br>C2: 20<br>A3: Pune<br>B3: 30<br>C3: 40<br>E1: =INDEX(B2:C3,MATCH("Pune",A2:A3,0),MATCH("Feb",B1:C1,0))<br><br>VARIATION:<br>=MATCH("Ravi",A1:A3,0)  - shows 2, the position only<br>=INDEX(B1:B3,2)  - shows 70, the second item<br>=IFERROR(INDEX(B1:B3,MATCH("Zoya",A1:A3,0)),"Not found")  - friendly message when missing<br><br>USED WITH:<br>IFERROR, absolute references, two-way lookups, data validation lists<br><br>RELATED CONCEPTS:<br>VLOOKUP, XLOOKUP, MATCH, OFFSET<br><br>ALTERNATIVES:<br>VLOOKUP, XLOOKUP (Excel 2021 and Microsoft 365)<br><br>FAMILY / GROUP:<br>INDEX, MATCH, VLOOKUP, HLOOKUP, XLOOKUP, LOOKUP, XMATCH<br><br>WHERE IT IS USED:<br>Looking up a value to the left of the key column | Two-way lookups by row name and column name | Large sheets where inserting columns must not break formulas<br><br>MINI CONVERSATION:<br>A: My ID is in column B but the name is in column A, VLOOKUP cannot go left. | B: Use INDEX on the name column and MATCH on the ID column, that works in either direction.<br><br>COMMON MISTAKE:<br>✗ INDEX and MATCH are only a harder way to write VLOOKUP → ✓ They can look in any direction and keep working when columns are inserted, which VLOOKUP's fixed column number cannot<br><br>COMMONLY CONFUSED WITH:<br>INDEX vs MATCH: INDEX gives the value at a position, while MATCH gives the position of a value.<br><br>AVOID / DON'T:<br>Do not leave out the 0 in MATCH on unsorted data, because Excel may pick a wrong row instead of an exact match.<br><br>WRONG CODE:<br>A1: Asha<br>A2: Ravi<br>A3: Meena<br>B1: 50<br>B2: 70<br>B3: 60<br>D1: =INDEX(B1:B3,MATCH("Ravi",A1:A3))<br><br>RIGHT CODE:<br>A1: Asha<br>A2: Ravi<br>A3: Meena<br>B1: 50<br>B2: 70<br>B3: 60<br>D1: =INDEX(B1:B3,MATCH("Ravi",A1:A3,0))<br><br>MEMORY TRICK:<br>MATCH finds the spot, INDEX fetches the stuff at that spot.<br><br>REAL LIFE: PROJECT / WORK:<br>An analyst uses INDEX and MATCH to pull a product price by code even when the code column sits to the right of the price column.<br><br>REAL LIFE: INTERVIEW / EXAM:<br>Interview question: why do many people prefer INDEX and MATCH over VLOOKUP?<br><br>REAL LIFE: DAILY LIFE:<br>Like asking the bell number of a flat from the notice board, then pressing that bell.	06_Lookup_Advanced_XL-027
XLOOKUP<br><br>Which newer lookup function can search in any direction and has a built-in message for when nothing is found?<br><br>A1: Asha<br>A2: Ravi<br>A3: Meena<br>B1: 50<br>B2: 70<br>B3: 60<br>D1: =XLOOKUP("Ravi",A1:A3,B1:B3)	MEANING (SHORT):<br>XLOOKUP searches one range for a value and returns the matching item from another range.<br><br>MEANING IN LEARNER'S LANGUAGE:<br>एक रेंज में खोजकर दूसरी रेंज से मिलती-जुलती वैल्यू देना<br><br>CODE:<br>A1: Asha<br>A2: Ravi<br>A3: Meena<br>B1: 50<br>B2: 70<br>B3: 60<br>D1: =XLOOKUP("Ravi",A1:A3,B1:B3)<br><br>OUTPUT:<br>70<br><br>EXPLANATION:<br>XLOOKUP finds Ravi in A1:A3, which is the second item, and returns the second item of B1:B3, which is 70. By default it looks for an exact match, so you do not need to type FALSE.<br><br>SIMPLE EXPLANATION (HINGLISH):<br>Pehla range me value dhundo, dusre range se answer lao. Column number ginna nahi padta aur exact match apne aap hota hai.<br><br>REAL-LIFE ANALOGY:<br>Like finding a name on the left page of a register and reading the marks on the matching line of the right page.<br><br>SYNTAX PATTERN:<br>=XLOOKUP(lookup_value, lookup_array, return_array, [if_not_found], [match_mode], [search_mode])<br><br>ANATOMY:<br>lookup_value = what to find | lookup_array = where to search | return_array = where the answer comes from | if_not_found = message when no match | match_mode = 0 exact, -1 exact or next smaller, 1 exact or next larger, 2 wildcard<br><br>EXAMPLE 1:<br>A1: Asha<br>A2: Ravi<br>A3: Meena<br>B1: 50<br>B2: 70<br>B3: 60<br>D1: =XLOOKUP("Ravi",A1:A3,B1:B3)<br><br>EXAMPLE 2:<br>A1: Asha<br>A2: Ravi<br>A3: Meena<br>B1: 50<br>B2: 70<br>B3: 60<br>D1: =XLOOKUP("Zoya",A1:A3,B1:B3,"Not found")<br><br>EXAMPLE 3:<br>A1: 0<br>A2: 50<br>A3: 80<br>B1: F<br>B2: C<br>B3: A<br>D1: =XLOOKUP(65,A1:A3,B1:B3,,-1)<br><br>VARIATION:<br>=XLOOKUP("ravi",A1:A3,B1:B3)  - upper and lower case do not matter<br>=XLOOKUP("R*",A1:A3,B1:B3,"None",2)  - match mode 2 allows wildcards<br>=XLOOKUP("Ravi",A1:A3,B1:B3,"None",0,-1)  - search mode -1 searches from the last item to the first<br><br>USED WITH:<br>IFERROR, wildcards, FILTER, UNIQUE<br><br>RELATED CONCEPTS:<br>VLOOKUP, INDEX and MATCH, XMATCH, FILTER<br><br>ALTERNATIVES:<br>VLOOKUP, INDEX and MATCH, LOOKUP<br><br>FAMILY / GROUP:<br>XLOOKUP, XMATCH, VLOOKUP, HLOOKUP, INDEX, MATCH, FILTER<br><br>WHERE IT IS USED:<br>Looking up prices or names in modern workbooks | Looking up to the left of the key column | Grading with approximate match<br><br>MINI CONVERSATION:<br>A: Can I find a value to the left without using INDEX and MATCH? | B: Yes, XLOOKUP can, but your Excel must be Microsoft 365 or Excel 2021 or later.<br><br>COMMON MISTAKE:<br>✗ XLOOKUP works in every Excel version like VLOOKUP → ✓ XLOOKUP needs Microsoft 365 or Excel 2021 or later and will show #NAME? in older versions<br><br>COMMONLY CONFUSED WITH:<br>XLOOKUP vs VLOOKUP: XLOOKUP takes separate search and return ranges and does an exact match by default, while VLOOKUP needs a column number and defaults to approximate.<br><br>AVOID / DON'T:<br>Do not share a file that uses XLOOKUP with people who have Excel 2019 or older, because they will see errors.<br><br>WRONG CODE:<br>A1: Asha<br>A2: Ravi<br>A3: Meena<br>B1: 50<br>B2: 70<br>B3: 60<br>D1: =XLOOKUP("Ravi",A1:B3,2)<br><br>RIGHT CODE:<br>A1: Asha<br>A2: Ravi<br>A3: Meena<br>B1: 50<br>B2: 70<br>B3: 60<br>D1: =XLOOKUP("Ravi",A1:A3,B1:B3)<br><br>MEMORY TRICK:<br>X marks it: find, search here, return from there.<br><br>REAL LIFE: PROJECT / WORK:<br>A team on Microsoft 365 uses XLOOKUP to pull each product's price and shows Not found for new codes that are not yet in the list.<br><br>REAL LIFE: INTERVIEW / EXAM:<br>Interview question: how is XLOOKUP better than VLOOKUP, and which versions of Excel support it?<br><br>REAL LIFE: DAILY LIFE:<br>Like finding a contact in your phone and reading the number saved next to that name.	06_Lookup_Advanced_XL-028
LEFT, RIGHT and MID<br><br>Which functions pull out the first few, last few or middle few characters from a piece of text?<br><br>A1: EDU-2025-07<br>B1: =LEFT(A1,3)<br>B2: =RIGHT(A1,2)<br>B3: =MID(A1,5,4)	MEANING (SHORT):<br>LEFT, RIGHT and MID return a chosen number of characters from the start, the end or the middle of text.<br><br>MEANING IN LEARNER'S LANGUAGE:<br>टेक्स्ट के शुरू, अंत या बीच से कुछ अक्षर निकालना<br><br>CODE:<br>A1: EDU-2025-07<br>B1: =LEFT(A1,3)<br>B2: =RIGHT(A1,2)<br>B3: =MID(A1,5,4)<br><br>OUTPUT:<br>B1 shows EDU<br>B2 shows 07<br>B3 shows 2025<br><br>EXPLANATION:<br>LEFT takes the first 3 characters, RIGHT takes the last 2 characters, and MID starts at character 5 and takes 4 characters. The dash counts as character 4, so the year starts at 5.<br><br>SIMPLE EXPLANATION (HINGLISH):<br>LEFT shuru se, RIGHT aakhir se aur MID beech se akshar nikalta hai. MID me batana padta hai kahan se shuru karna hai aur kitne akshar lene hain.<br><br>REAL-LIFE ANALOGY:<br>Like cutting a train ticket number: the first digits show the train, the last digits show the seat.<br><br>SYNTAX PATTERN:<br>=LEFT(text, [num_chars])<br>=RIGHT(text, [num_chars])<br>=MID(text, start_num, num_chars)<br><br>ANATOMY:<br>text = the cell or text to cut | num_chars = how many characters to take | start_num = position of the first character to take (MID only, counting from 1)<br><br>EXAMPLE 1:<br>A1: EDU-2025-07<br>B1: =MID(A1,5,4)<br><br>EXAMPLE 2:<br>A1: Asha Rao<br>B1: =LEFT(A1,FIND(" ",A1)-1)<br><br>EXAMPLE 3:<br>A1: 98765<br>B1: =LEFT(A1,2)<br><br>VARIATION:<br>=RIGHT(A1)  - last 1 character, because num_chars defaults to 1<br>=MID(A1,6,3)  - with Asha Rao, gives Rao<br>=VALUE(LEFT(A1,2))  - turns the cut text into a real number<br><br>USED WITH:<br>FIND, LEN, VALUE, TRIM<br><br>RELATED CONCEPTS:<br>FIND, SEARCH, LEN, TEXTBEFORE<br><br>ALTERNATIVES:<br>Data tab > Text to Columns, Flash Fill (Ctrl+E), TEXTBEFORE and TEXTAFTER (Microsoft 365)<br><br>FAMILY / GROUP:<br>LEFT, RIGHT, MID, LEN, FIND, SEARCH, TRIM<br><br>WHERE IT IS USED:<br>Splitting codes like invoice numbers | Taking first names from full names | Getting the year or area code from an ID<br><br>MINI CONVERSATION:<br>A: How do I get just the year out of a code like EDU-2025-07? | B: Use MID, start at character 5 and take 4 characters, that gives 2025.<br><br>COMMON MISTAKE:<br>✗ The result of LEFT on a number is still a number → ✓ LEFT, RIGHT and MID always return text, so use VALUE if you need to calculate with the result<br><br>COMMONLY CONFUSED WITH:<br>LEFT vs RIGHT: LEFT cuts from the start of the text, while RIGHT cuts from the end of the text.<br><br>AVOID / DON'T:<br>Do not count start positions by eye in long text; use FIND to locate the dash or space instead.<br><br>WRONG CODE:<br>A1: EDU-2025-07<br>B1: =LEFT(3,A1)<br><br>RIGHT CODE:<br>A1: EDU-2025-07<br>B1: =LEFT(A1,3)<br><br>MEMORY TRICK:<br>Text first, number second: LEFT(text, how many).<br><br>REAL LIFE: PROJECT / WORK:<br>A data clerk uses MID to pull the year out of thousands of invoice numbers so they can be grouped by year.<br><br>REAL LIFE: INTERVIEW / EXAM:<br>Interview question: how do you take the first name from a full name stored in one cell?<br><br>REAL LIFE: DAILY LIFE:<br>Like reading only the first three letters of a bus number to know which route it belongs to.	07_Text_Beginner_XL-029
LEN, TRIM and CLEAN<br><br>Which functions count characters, remove extra spaces and remove hidden line breaks from text?<br><br>A1: (two spaces)Asha(three spaces)Rao(two spaces)<br>B1: =LEN(A1)<br>B2: =TRIM(A1)<br>B3: =LEN(TRIM(A1))	MEANING (SHORT):<br>LEN counts the characters in text, TRIM removes extra spaces, and CLEAN removes hidden non-printing characters.<br><br>MEANING IN LEARNER'S LANGUAGE:<br>अक्षर गिनना, फालतू स्पेस हटाना और छिपे हुए अक्षर साफ़ करना<br><br>CODE:<br>A1: (two spaces)Asha(three spaces)Rao(two spaces)<br>B1: =LEN(A1)<br>B2: =TRIM(A1)<br>B3: =LEN(TRIM(A1))<br><br>OUTPUT:<br>B1 shows 14<br>B2 shows Asha Rao<br>B3 shows 8<br><br>EXPLANATION:<br>The text has 2 leading spaces, Asha (4), 3 spaces, Rao (3) and 2 trailing spaces, so LEN gives 14. TRIM removes the spaces at both ends and keeps only one space between words, leaving Asha Rao, which has 8 characters.<br><br>SIMPLE EXPLANATION (HINGLISH):<br>LEN akshar ginta hai, spaces ko bhi. TRIM shuru aur aakhir ke spaces hata deta hai aur beech me sirf ek space chhodta hai. CLEAN chhipe hue line break jaise akshar hata deta hai.<br><br>REAL-LIFE ANALOGY:<br>Like tidying a shelf: LEN counts the books, TRIM removes the gaps, and CLEAN wipes the dust.<br><br>SYNTAX PATTERN:<br>=LEN(text)<br>=TRIM(text)<br>=CLEAN(text)<br><br>ANATOMY:<br>text = a cell or text value | LEN = returns a number | TRIM = returns text with single spaces between words | CLEAN = returns text without non-printing characters<br><br>EXAMPLE 1:<br>A1: 9876543210<br>B1: =LEN(A1)=10<br><br>EXAMPLE 2:<br>A1: (two spaces)Ravi(three spaces)Kumar(two spaces)<br>B1: =TRIM(A1)<br><br>EXAMPLE 3:<br>A1: =CHAR(10) joined between Hi and there, so the cell holds a line break<br>B1: =CLEAN(A1)<br><br>VARIATION:<br>=LEN(A1)-LEN(TRIM(A1))  - number of extra spaces removed by TRIM<br>=TRIM(SUBSTITUTE(A1,CHAR(160)," "))  - TRIM alone does not remove non-breaking spaces from the web<br>=TRIM(CLEAN(A1))  - fixes both spaces and hidden characters<br><br>USED WITH:<br>VLOOKUP, SUBSTITUTE, data validation, LEFT and RIGHT<br><br>RELATED CONCEPTS:<br>SUBSTITUTE, PROPER, UPPER, LOWER<br><br>ALTERNATIVES:<br>Find and Replace (Ctrl+H), Flash Fill (Ctrl+E), Power Query Trim and Clean<br><br>FAMILY / GROUP:<br>LEN, TRIM, CLEAN, SUBSTITUTE, UPPER, LOWER, PROPER<br><br>WHERE IT IS USED:<br>Cleaning names before a lookup | Checking that phone numbers have 10 digits | Fixing text copied from websites<br><br>MINI CONVERSATION:<br>A: My VLOOKUP says #N/A even though the name is clearly in the list. | B: Check for extra spaces with LEN, then use TRIM on the name and try again.<br><br>COMMON MISTAKE:<br>✗ TRIM removes every space from the text → ✓ TRIM removes spaces at the start and end and reduces spaces between words to one, but it does not remove them all<br><br>COMMONLY CONFUSED WITH:<br>TRIM vs CLEAN: TRIM removes extra spaces, while CLEAN removes non-printing characters like line breaks.<br><br>AVOID / DON'T:<br>Do not type over cleaned data in place without a backup, copy the TRIM results and paste them as values in a new column.<br><br>WRONG CODE:<br>A1: Hi(line break)there<br>B1: =TRIM(A1)<br><br>RIGHT CODE:<br>A1: Hi(line break)there<br>B1: =CLEAN(A1)<br><br>MEMORY TRICK:<br>LEN = length, TRIM = trim spaces, CLEAN = clean hidden marks.<br><br>REAL LIFE: PROJECT / WORK:<br>A data clerk runs TRIM and CLEAN on a customer list so that lookups and duplicate checks work correctly.<br><br>REAL LIFE: INTERVIEW / EXAM:<br>Interview question: a lookup fails although both names look the same, how do you find and fix the cause?<br><br>REAL LIFE: DAILY LIFE:<br>Like removing extra spaces and stray marks from a message before sending it.	07_Text_Beginner_XL-030
TEXTJOIN, CONCAT and the & operator<br><br>How do you glue the text from two or more cells into one cell?<br><br>A1: Asha<br>B1: Rao<br>C1: =A1&" "&B1<br>D1: =TEXTJOIN(", ",TRUE,A1:B1)<br>E1: =CONCAT(A1,"-",B1)	MEANING (SHORT):<br>These tools join the text of several cells into one piece of text.<br><br>MEANING IN LEARNER'S LANGUAGE:<br>कई सेल का टेक्स्ट जोड़कर एक सेल में लिखना<br><br>CODE:<br>A1: Asha<br>B1: Rao<br>C1: =A1&" "&B1<br>D1: =TEXTJOIN(", ",TRUE,A1:B1)<br>E1: =CONCAT(A1,"-",B1)<br><br>OUTPUT:<br>C1 shows Asha Rao<br>D1 shows Asha, Rao<br>E1 shows Asha-Rao<br><br>EXPLANATION:<br>The & operator joins two pieces of text, and you add your own space inside quotes. CONCAT joins everything you give it, including a full range, but has no separator. TEXTJOIN takes a separator first, then TRUE or FALSE for skipping empty cells, then the cells.<br><br>SIMPLE EXPLANATION (HINGLISH):<br>Agar do cell ka text ek cell me chahiye to & use karo. Bahut cells ko comma ya dash ke saath jodna ho to TEXTJOIN sabse aasaan hai. CONCAT bas cells ko bina kisi gap ke chipka deta hai.<br><br>REAL-LIFE ANALOGY:<br>Like stringing beads on a thread: & ties two beads, CONCAT ties a whole row, and TEXTJOIN puts a small spacer bead between each one.<br><br>SYNTAX PATTERN:<br>=A1&B1 | =CONCAT(text1, [text2], ...) | =TEXTJOIN(delimiter, ignore_empty, text1, [text2], ...)<br><br>ANATOMY:<br>delimiter = text placed between items, in quotes | ignore_empty = TRUE skips blank cells, FALSE keeps them | text1 = a cell or a range to join<br><br>EXAMPLE 1:<br>A1: Order<br>B1: 5<br>C1: =A1&" "&B1<br><br>EXAMPLE 2:<br>A1: Red<br>A2: (empty cell)<br>A3: Blue<br>B1: =TEXTJOIN(", ",TRUE,A1:A3)<br><br>EXAMPLE 3:<br>A1: 4<br>A2: 5<br>A3: 6<br>B1: =CONCAT(A1:A3)<br><br>VARIATION:<br>A1: Red<br>A2: (empty cell)<br>A3: Blue<br>B1: =TEXTJOIN("-",FALSE,A1:A3)   shows Red--Blue because FALSE keeps the empty cell<br>B2: =TEXTJOIN("-",TRUE,A1:A3)   shows Red-Blue<br><br>USED WITH:<br>TRIM, UPPER, LEFT, TEXT<br><br>RELATED CONCEPTS:<br>CONCATENATE, TRIM, SUBSTITUTE<br><br>ALTERNATIVES:<br>The older CONCATENATE function, Flash Fill (Ctrl+E), Power Query merge columns<br><br>FAMILY / GROUP:<br>&, CONCAT, CONCATENATE, TEXTJOIN, TEXTSPLIT<br><br>WHERE IT IS USED:<br>Joining first name and last name | Making a comma-separated list of items | Building an ID or a message from several columns<br><br>MINI CONVERSATION:<br>A: My first names and last names are in two columns, but I need one full name column. | B: Type =A2&" "&B2 in the first row and drag it down, and you get full names with a space.<br><br>COMMON MISTAKE:<br>✗ I can join two text cells with the plus sign, like =A1+B1 → ✓ The + sign is for numbers and gives #VALUE! with text, so use & instead<br><br>COMMONLY CONFUSED WITH:<br>CONCAT vs TEXTJOIN: CONCAT only glues items together, while TEXTJOIN also puts a separator between them and can skip empty cells.<br><br>AVOID / DON'T:<br>Do not use CONCAT when you need a separator, because you would have to type the separator again and again.<br><br>WRONG CODE:<br>A1: Asha<br>B1: Rao<br>C1: =A1+B1<br><br>RIGHT CODE:<br>A1: Asha<br>B1: Rao<br>C1: =A1&" "&B1<br><br>MEMORY TRICK:<br>& means "and": Asha and Rao become Asha Rao.<br><br>REAL LIFE: PROJECT / WORK:<br>A sales sheet often joins city and state columns into one address line before it is printed on a label.<br><br>REAL LIFE: INTERVIEW / EXAM:<br>Interview: What is the difference between CONCATENATE, CONCAT and TEXTJOIN?<br><br>REAL LIFE: DAILY LIFE:<br>It is like writing your full name on a form by joining your first name and surname with a space.	07_Text_Intermediate_XL-031
TEXT function<br><br>Which function lets you decide how a number or date looks, but gives it back as text?<br><br>A1: 3.14159<br>B1: =TEXT(A1,"0.00")<br>B2: =TEXT(0.256,"0%")<br>B3: =TEXT(DATE(2024,8,15),"dd-mm-yyyy")	MEANING (SHORT):<br>TEXT changes a number or date into text shown in the format you choose.<br><br>MEANING IN LEARNER'S LANGUAGE:<br>नंबर या तारीख को चुने हुए फ़ॉर्मेट में टेक्स्ट बनाना<br><br>CODE:<br>A1: 3.14159<br>B1: =TEXT(A1,"0.00")<br>B2: =TEXT(0.256,"0%")<br>B3: =TEXT(DATE(2024,8,15),"dd-mm-yyyy")<br><br>OUTPUT:<br>B1 shows 3.14<br>B2 shows 26%<br>B3 shows 15-08-2024<br><br>EXPLANATION:<br>TEXT takes a value and a format code in quotes. It returns text that looks the way the code says, so 0.00 means two decimals and 0% means percentage. The result is text, so you cannot add it up like a number.<br><br>SIMPLE EXPLANATION (HINGLISH):<br>TEXT ka kaam hai number ya date ko aapke pasand ke style me dikhana. Jaise 0.256 ko 26% likhna. Lekin result text ban jata hai, isliye uspar sum nahi chalta.<br><br>REAL-LIFE ANALOGY:<br>Like putting a price in a printed price tag: the tag looks nice, but you cannot do maths on the paper any more.<br><br>SYNTAX PATTERN:<br>=TEXT(value, format_text)<br><br>ANATOMY:<br>value = the number or date or a cell | format_text = the format code inside double quotes<br><br>EXAMPLE 1:<br>A1: 1234567<br>B1: =TEXT(A1,"#,##0")<br><br>EXAMPLE 2:<br>B1: =TEXT(DATE(2024,8,15),"dddd")<br><br>EXAMPLE 3:<br>A1: Score<br>B1: 0.256<br>C1: ="Pass rate: "&TEXT(B1,"0%")<br><br>VARIATION:<br>=TEXT(7,"000")   shows 007 so leading zeros stay<br>=TEXT(DATE(2024,8,15),"mmm yyyy")   shows Aug 2024<br>=TEXT(1234.5,"0.0")   shows 1234.5<br><br>USED WITH:<br>DATE, TODAY, & operator, TEXTJOIN<br><br>RELATED CONCEPTS:<br>Format Cells (Ctrl+1), VALUE, DATE<br><br>ALTERNATIVES:<br>Format Cells (Ctrl+1) when you only need to change how a cell looks<br><br>FAMILY / GROUP:<br>TEXT, VALUE, FIXED, DOLLAR, NUMBERVALUE<br><br>WHERE IT IS USED:<br>Showing a date inside a sentence | Adding leading zeros to codes | Showing percentages or money inside a message<br><br>MINI CONVERSATION:<br>A: My sentence shows 45519 instead of the date. | B: Wrap the date in TEXT, like TEXT(A1,"dd-mm-yyyy"), and it will look like a date.<br><br>COMMON MISTAKE:<br>✗ After TEXT(A1,"0.00") the result is still a number I can add → ✓ The result is text, so use VALUE or keep the original cell for calculations<br><br>COMMONLY CONFUSED WITH:<br>TEXT function vs Format Cells: Format Cells only changes how a cell looks and keeps the number, while TEXT makes a new text value.<br><br>AVOID / DON'T:<br>Do not use TEXT on a column that you plan to sum or sort as numbers later.<br><br>WRONG CODE:<br>B1: ="Date: "&DATE(2024,8,15)<br><br>RIGHT CODE:<br>B1: ="Date: "&TEXT(DATE(2024,8,15),"dd-mm-yyyy")<br><br>MEMORY TRICK:<br>TEXT = Tailor the look, but it becomes TEXT.<br><br>REAL LIFE: PROJECT / WORK:<br>A monthly report header uses TEXT to show the month name, such as "Report for Aug 2024", from a date cell.<br><br>REAL LIFE: INTERVIEW / EXAM:<br>Interview: How do you show a date as the day name, like Monday, using a formula?<br><br>REAL LIFE: DAILY LIFE:<br>It is like writing the amount on a cheque in a fixed style so everyone reads it the same way.	07_Text_Intermediate_XL-032
Text to Columns<br><br>Which Data tab tool cuts one column of text into many columns at a comma or space?<br><br>A1: Asha,Rao,Delhi<br>Steps: select A1 > Data tab > Text to Columns > Delimited > Next > tick Comma > Finish	MEANING (SHORT):<br>Text to Columns splits the text of one column into several columns using a separator or a fixed width.<br><br>MEANING IN LEARNER'S LANGUAGE:<br>एक कॉलम के टेक्स्ट को कई कॉलम में बाँटना<br><br>CODE:<br>A1: Asha,Rao,Delhi<br>Steps: select A1 > Data tab > Text to Columns > Delimited > Next > tick Comma > Finish<br><br>OUTPUT:<br>A1 shows Asha, B1 shows Rao, C1 shows Delhi<br><br>EXPLANATION:<br>The wizard has three steps. Step 1 chooses Delimited (a separator) or Fixed width. Step 2 chooses the separator, and step 3 lets you pick the format of each new column and where to put it. The original column is replaced unless you change the destination.<br><br>SIMPLE EXPLANATION (HINGLISH):<br>Jab ek hi cell me comma ya space se alag kiya hua data ho, to Text to Columns usse alag alag cell me tod deta hai. Dhyan rakho ki dahine taraf ke cell me data hoga to wo mit jayega.<br><br>REAL-LIFE ANALOGY:<br>Like sorting a mixed bag of letters into pigeonholes by the stamp on each one.<br><br>SYNTAX PATTERN:<br>Data tab > Data Tools group > Text to Columns (Alt, A, E)<br><br>ANATOMY:<br>Delimited = split at a separator like comma | Fixed width = split at set positions | Destination = where the new columns start | Column data format = General, Text or Date for each part<br><br>EXAMPLE 1:<br>A1: Asha,Rao,Delhi<br>Select A1 > Data tab > Text to Columns > Delimited > Comma > Finish<br>Result: three cells in A1:C1<br><br>EXAMPLE 2:<br>A1: 110045<br>Select A1 > Text to Columns > Fixed width > click a break line after the 3rd digit > Next > click the second column and choose Text > Finish<br>Result: A1 shows 110 and B1 shows 045 (with General, B1 would show 45)<br><br>EXAMPLE 3:<br>A1: 00123,Delhi (imported text)<br>Select A1 > Text to Columns > Delimited > Comma > Next > click the first column and choose Text > Finish<br>Result: A1 shows 00123 and B1 shows Delhi (with General, A1 would show 123)<br><br>VARIATION:<br>Step 2 can use Space, Tab, Semicolon or Other (type your own sign, like -)<br>Step 2 has the option Treat consecutive delimiters as one<br>Step 3 Destination box lets you choose C1 so that the original column stays safe<br><br>USED WITH:<br>TRIM, Flash Fill, VALUE, Paste Special<br><br>RELATED CONCEPTS:<br>Flash Fill (Ctrl+E), TEXTSPLIT, Power Query<br><br>ALTERNATIVES:<br>Flash Fill (Ctrl+E), TEXTSPLIT (Microsoft 365), Power Query split column<br><br>FAMILY / GROUP:<br>Text to Columns, Flash Fill, LEFT, MID, RIGHT, TEXTSPLIT<br><br>WHERE IT IS USED:<br>Splitting CSV text pasted into one column | Separating full names into first and last name | Fixing numbers that are stored as text<br><br>MINI CONVERSATION:<br>A: I pasted a file and all my data landed in column A with commas. | B: Select column A and use Data, Text to Columns, choose Delimited and Comma. Then each part gets its own column.<br><br>COMMON MISTAKE:<br>✗ Text to Columns keeps my original column and puts the parts beside it → ✓ It replaces the original cells and anything to its right, so set a Destination first if you want to keep the original<br><br>COMMONLY CONFUSED WITH:<br>Text to Columns vs Flash Fill: Text to Columns splits using a fixed rule you choose, while Flash Fill guesses a pattern from an example you type.<br><br>AVOID / DON'T:<br>Do not run it on a column that has important data in the cells to its right.<br><br>WRONG CODE:<br>Select column A, which has full names, and run Text to Columns without checking the cells in column B that already hold ages<br><br>RIGHT CODE:<br>Insert two empty columns after column A first, or set Destination to an empty area like D1, then run Text to Columns<br><br>MEMORY TRICK:<br>Text to Columns = cut the loaf at the commas.<br><br>REAL LIFE: PROJECT / WORK:<br>A teacher pastes a list of names and marks from a text file, then splits it into a name column and a marks column.<br><br>REAL LIFE: INTERVIEW / EXAM:<br>Interview: How would you split "Asha Rao" into first name and last name for 5000 rows?<br><br>REAL LIFE: DAILY LIFE:<br>It is like cutting an address written on one line into house, street and city boxes on a form.	07_Text_Intermediate_XL-033
TODAY, NOW and DATE<br><br>Which functions give you the current date, the current date and time, or a date you build from year, month and day?<br><br>A1: =DATE(2024,3,5)<br>A2: =A1+30<br>A3: =TODAY()<br>A4: =NOW()	MEANING (SHORT):<br>TODAY gives today's date, NOW gives today's date with the time, and DATE makes a date from year, month and day.<br><br>MEANING IN LEARNER'S LANGUAGE:<br>आज की तारीख, अभी की तारीख और समय, और साल-महीना-दिन से तारीख बनाना<br><br>CODE:<br>A1: =DATE(2024,3,5)<br>A2: =A1+30<br>A3: =TODAY()<br>A4: =NOW()<br><br>OUTPUT:<br>A1 shows 05-03-2024 (format dd-mm-yyyy)<br>A2 shows 04-04-2024<br>A3 shows the date of the day you open the file<br>A4 shows that date and the current time<br><br>EXPLANATION:<br>DATE takes year, month and day and returns a real date that Excel can calculate with. Adding a number to a date moves it forward by that many days. TODAY and NOW update every time the sheet recalculates or is opened.<br><br>SIMPLE EXPLANATION (HINGLISH):<br>TODAY() aaj ki date deta hai aur NOW() date ke saath abhi ka time bhi. DATE(saal, mahina, din) se aap apni date bana sakte ho. Date me number jodne se din aage badhte hain.<br><br>REAL-LIFE ANALOGY:<br>Like a wall clock that keeps updating on its own, while DATE is a note you write once.<br><br>SYNTAX PATTERN:<br>=TODAY() | =NOW() | =DATE(year, month, day)<br><br>ANATOMY:<br>TODAY() = no arguments, today's date | NOW() = no arguments, date and time | year = four-digit year | month = 1 to 12 | day = 1 to 31<br><br>EXAMPLE 1:<br>A1: =DATE(2024,8,15)<br><br>EXAMPLE 2:<br>A1: =DATE(2025,12,31)<br>A2: =TODAY()<br>A3: =A1-A2<br><br>EXAMPLE 3:<br>A1: =NOW()<br>Format the cell with Ctrl+1 > Custom > hh:mm to see only the time<br><br>VARIATION:<br>=DATE(2024,14,1)   month 14 rolls over and shows 01-02-2025<br>=DATE(2024,1,31)+1   shows 01-02-2024<br>=TODAY()+7   shows the date one week from today<br><br>USED WITH:<br>TEXT, EDATE, NETWORKDAYS, IF<br><br>RELATED CONCEPTS:<br>EDATE, EOMONTH, DATEDIF, WEEKDAY<br><br>ALTERNATIVES:<br>Ctrl+; for a fixed date, Ctrl+Shift+; for a fixed time<br><br>FAMILY / GROUP:<br>TODAY, NOW, DATE, YEAR, MONTH, DAY, WEEKDAY<br><br>WHERE IT IS USED:<br>Due dates and days left | Age and service calculations | Time stamps in reports<br><br>MINI CONVERSATION:<br>A: I want a cell that always shows how many days are left for the exam. | B: Put the exam date in A1 and write =A1-TODAY() in B1. It changes every day by itself.<br><br>COMMON MISTAKE:<br>✗ TODAY() stays fixed at the day I typed it → ✓ TODAY() changes every day when the file is opened or recalculated, so use Ctrl+; if you want a fixed date<br><br>COMMONLY CONFUSED WITH:<br>TODAY vs NOW: TODAY gives only the date, while NOW gives the date and the current time.<br><br>AVOID / DON'T:<br>Do not use TODAY() for a record that must keep its original date, such as an invoice date.<br><br>WRONG CODE:<br>A1: =TODAY<br><br>RIGHT CODE:<br>A1: =TODAY()<br><br>MEMORY TRICK:<br>TODAY = date, NOW = date plus clock, DATE = you decide.<br><br>REAL LIFE: PROJECT / WORK:<br>A fee tracker uses =TODAY() to show how many days late each student is.<br><br>REAL LIFE: INTERVIEW / EXAM:<br>Interview: How can you enter a date that does not change when the file is reopened?<br><br>REAL LIFE: DAILY LIFE:<br>It is like a phone lock screen that always shows the current date and time.	08_Dates_Beginner_XL-034
DATEDIF, EDATE, EOMONTH and NETWORKDAYS<br><br>Which functions find the years between two dates, move a date by months, find a month end, or count working days?<br><br>A1: =DATE(2000,1,15)<br>A2: =DATE(2024,3,10)<br>B1: =DATEDIF(A1,A2,"Y")<br>B2: =EDATE(A2,1)<br>B3: =EOMONTH(A2,0)<br>B4: =NETWORKDAYS(DATE(2024,3,4),DATE(2024,3,10))	MEANING (SHORT):<br>These four functions measure the gap between dates, move dates by months, find month ends, and count working days.<br><br>MEANING IN LEARNER'S LANGUAGE:<br>तारीखों का अंतर निकालना, महीने आगे-पीछे करना, महीने का आखिरी दिन और कार्य दिवस गिनना<br><br>CODE:<br>A1: =DATE(2000,1,15)<br>A2: =DATE(2024,3,10)<br>B1: =DATEDIF(A1,A2,"Y")<br>B2: =EDATE(A2,1)<br>B3: =EOMONTH(A2,0)<br>B4: =NETWORKDAYS(DATE(2024,3,4),DATE(2024,3,10))<br><br>OUTPUT:<br>B1 shows 24<br>B2 shows 10-04-2024 (format dd-mm-yyyy)<br>B3 shows 31-03-2024<br>B4 shows 5<br><br>EXPLANATION:<br>DATEDIF counts complete years ("Y"), months ("M") or days ("D") between a start and an end date. EDATE moves a date by whole months, and EOMONTH returns the last day of a month that many months away. NETWORKDAYS counts Monday to Friday between two dates, including both ends.<br><br>SIMPLE EXPLANATION (HINGLISH):<br>DATEDIF poore saal, mahine ya din batata hai. EDATE date ko mahine se aage ya peeche karta hai. EOMONTH mahine ka aakhri din deta hai, aur NETWORKDAYS Saturday Sunday chhod kar kaam ke din ginta hai.<br><br>REAL-LIFE ANALOGY:<br>Like a school diary: it knows your age in full years, the next fee date, the last day of the month and the number of school days.<br><br>SYNTAX PATTERN:<br>=DATEDIF(start, end, unit) | =EDATE(start, months) | =EOMONTH(start, months) | =NETWORKDAYS(start, end, [holidays])<br><br>ANATOMY:<br>unit = "Y" years, "M" months or "D" days | months = how many months to move, negative goes back | holidays = optional list of dates to skip<br><br>EXAMPLE 1:<br>A1: =DATE(2000,1,15)<br>A2: =DATE(2024,3,10)<br>B1: =DATEDIF(A1,A2,"M")<br><br>EXAMPLE 2:<br>A1: =DATE(2024,1,31)<br>B1: =EDATE(A1,1)<br><br>EXAMPLE 3:<br>A1: =DATE(2024,3,4)<br>A2: =DATE(2024,3,10)<br>A3: =DATE(2024,3,6)<br>B1: =NETWORKDAYS(A1,A2,A3)<br><br>VARIATION:<br>=EOMONTH(DATE(2024,2,10),0)   shows 29-02-2024<br>=EOMONTH(DATE(2024,2,10),1)   shows 31-03-2024<br>=EDATE(DATE(2024,3,10),-2)   shows 10-01-2024<br><br>USED WITH:<br>DATE, TODAY, IF, TEXT<br><br>RELATED CONCEPTS:<br>TODAY, DATE, WORKDAY, YEARFRAC<br><br>ALTERNATIVES:<br>YEARFRAC, WORKDAY, simple subtraction like =A2-A1 for days<br><br>FAMILY / GROUP:<br>DATEDIF, EDATE, EOMONTH, NETWORKDAYS, WORKDAY, YEARFRAC<br><br>WHERE IT IS USED:<br>Age and service years | EMI and fee due dates | Project working days<br><br>MINI CONVERSATION:<br>A: How do I find the age of a student from the birth date? | B: Use =DATEDIF(birth date, TODAY(), "Y"). It gives the completed years only.<br><br>COMMON MISTAKE:<br>✗ NETWORKDAYS skips the start date and the end date → ✓ NETWORKDAYS counts both the start date and the end date if they are working days<br><br>COMMONLY CONFUSED WITH:<br>NETWORKDAYS vs WORKDAY: NETWORKDAYS counts working days between two dates, while WORKDAY gives the date after a number of working days.<br><br>AVOID / DON'T:<br>Do not put the later date first in DATEDIF, because it gives the #NUM! error.<br><br>WRONG CODE:<br>A1: =DATE(2000,1,15)<br>A2: =DATE(2024,3,10)<br>B1: =DATEDIF(A2,A1,"Y")<br><br>RIGHT CODE:<br>A1: =DATE(2000,1,15)<br>A2: =DATE(2024,3,10)<br>B1: =DATEDIF(A1,A2,"Y")<br><br>MEMORY TRICK:<br>DATEDIF = Difference, EDATE = Extra months, EOMONTH = End Of MONTH, NETWORKDAYS = Net work days.<br><br>REAL LIFE: PROJECT / WORK:<br>A HR sheet uses DATEDIF to show service years and NETWORKDAYS to count the working days of a leave.<br><br>REAL LIFE: INTERVIEW / EXAM:<br>Interview: How do you calculate the exact age in years from a date of birth?<br><br>REAL LIFE: DAILY LIFE:<br>It is like counting the working days left before a deadline on a calendar without Sundays.	08_Dates_Intermediate_XL-035
PivotTable<br><br>Which Excel tool sums and groups thousands of rows into a small report by dragging fields?<br><br>A1: Region<br>B1: Sales<br>A2: North<br>B2: 100<br>A3: South<br>B3: 50<br>A4: North<br>B4: 70<br>A5: South<br>B5: 30<br>Steps: click any cell in A1:B5 > Insert tab > PivotTable > OK > drag Region to Rows and Sales to Values	MEANING (SHORT):<br>A PivotTable summarises a list of data into a small report grouped by the fields you choose.<br><br>MEANING IN LEARNER'S LANGUAGE:<br>बड़े डेटा का छोटा सारांश रिपोर्ट बनाने का टूल<br><br>CODE:<br>A1: Region<br>B1: Sales<br>A2: North<br>B2: 100<br>A3: South<br>B3: 50<br>A4: North<br>B4: 70<br>A5: South<br>B5: 30<br>Steps: click any cell in A1:B5 > Insert tab > PivotTable > OK > drag Region to Rows and Sales to Values<br><br>OUTPUT:<br>The PivotTable shows North 170, South 80 and Grand Total 250<br><br>EXPLANATION:<br>Excel reads your headings as fields. When you drag a field to Rows, each different value gets one row, and a field in Values is summed by default for numbers. The source data is not changed.<br><br>SIMPLE EXPLANATION (HINGLISH):<br>PivotTable me aap fields ko kheench kar rakhte ho, aur Excel khud group karke jod deta hai. Original data waisa hi rehta hai. Data badle to Refresh karna padta hai.<br><br>REAL-LIFE ANALOGY:<br>Like a shopkeeper sorting a pile of bills by area and adding each pile into one total.<br><br>SYNTAX PATTERN:<br>Insert tab > PivotTable > choose the data range > OK > drag fields to Filters, Columns, Rows and Values<br><br>ANATOMY:<br>Rows = the groups down the side | Columns = the groups across the top | Values = the numbers to add or count | Filters = a drop-down to focus on part of the data<br><br>EXAMPLE 1:<br>A1: Region<br>B1: Sales<br>North 100, South 50, North 70, South 30 in the rows below<br>Rows = Region, Values = Sum of Sales<br>Result: North 170, South 80<br><br>EXAMPLE 2:<br>A1: Item<br>B1: Qty<br>Pen 5, Book 2, Pen 3, in the rows below<br>Rows = Item, Values = Count of Item<br>Result: Book 1, Pen 2 (count of rows, not the quantity)<br><br>EXAMPLE 3:<br>A1: Region<br>B1: Month<br>C1: Sales<br>Rows = Region, Columns = Month, Values = Sum of Sales<br>Result: a grid with one row per region and one column per month<br><br>VARIATION:<br>Click Sum of Sales > Value Field Settings > choose Average to get the average instead<br>Right-click the PivotTable > Refresh after the data changes (or Alt+F5)<br>Drag a field to Filters to get a drop-down above the table<br><br>USED WITH:<br>Slicer, Pivot Chart, Table (Ctrl+T), Refresh<br><br>RELATED CONCEPTS:<br>Table (Ctrl+T), SUMIF, Slicer, Power Query<br><br>ALTERNATIVES:<br>SUMIFS and COUNTIFS formulas, Power Query group by<br><br>FAMILY / GROUP:<br>PivotTable, PivotChart, Slicer, Field, Refresh<br><br>WHERE IT IS USED:<br>Sales by region and month | Marks by class | Expenses by category<br><br>MINI CONVERSATION:<br>A: My manager wants total sales for every region from 5000 rows by evening. | B: Make a PivotTable, drag Region to Rows and Sales to Values, and you will have it in a minute.<br><br>COMMON MISTAKE:<br>✗ The PivotTable updates by itself when I change the source data → ✓ You must right-click and choose Refresh (Alt+F5), because the PivotTable keeps its own copy until refreshed<br><br>COMMONLY CONFUSED WITH:<br>PivotTable vs Table (Ctrl+T): A Table is the list of data with filters and banding, while a PivotTable is a separate summary report built from it.<br><br>AVOID / DON'T:<br>Do not type over the numbers inside a PivotTable, because the next refresh will change them back.<br><br>WRONG CODE:<br>Select a range with blank heading cells and then Insert > PivotTable<br><br>RIGHT CODE:<br>Give every column a heading in row 1, remove blank rows, then click inside the data and choose Insert > PivotTable<br><br>MEMORY TRICK:<br>Pivot = turn the data around to see it from another side.<br><br>REAL LIFE: PROJECT / WORK:<br>A shop owner makes a PivotTable from one year of bills to see total sales for each product and each month.<br><br>REAL LIFE: INTERVIEW / EXAM:<br>Interview: How do you get the total sales for each region from 10000 rows without writing a formula?<br><br>REAL LIFE: DAILY LIFE:<br>It is like sorting a drawer of receipts into piles by month and writing the total on top of each pile.	09_Analysis_Intermediate_XL-036
Charts: choosing and building one<br><br>Which Insert tab feature turns rows of numbers into bars, lines or slices, and how do you pick the right kind?<br><br>A1: Month<br>B1: Sales<br>A2: Jan<br>B2: 10<br>A3: Feb<br>B3: 20<br>A4: Mar<br>B4: 15<br>Steps: click any cell in A1:B4 > Insert tab > Charts group > Clustered Column	MEANING (SHORT):<br>A chart is a picture of your data that makes comparisons, trends or shares easy to see.<br><br>MEANING IN LEARNER'S LANGUAGE:<br>डेटा को तस्वीर (बार, लाइन, पाई) में दिखाने का तरीका<br><br>CODE:<br>A1: Month<br>B1: Sales<br>A2: Jan<br>B2: 10<br>A3: Feb<br>B3: 20<br>A4: Mar<br>B4: 15<br>Steps: click any cell in A1:B4 > Insert tab > Charts group > Clustered Column<br><br>OUTPUT:<br>A column chart appears with three bars for Jan, Feb and Mar, with heights 10, 20 and 15<br><br>EXPLANATION:<br>Excel reads the first column as the labels and the other columns as the values. The tallest bar is Feb, so the picture shows the comparison at once. You can then add a title with Chart Design > Add Chart Element.<br><br>SIMPLE EXPLANATION (HINGLISH):<br>Pehle data select karo, phir Insert tab me chart ka type chuno. Compare karna ho to column, samay ke saath badlav dekhna ho to line, aur hissa dikhana ho to pie chuno.<br><br>REAL-LIFE ANALOGY:<br>Like choosing the right vehicle: a bus to carry many people, a train to run along a fixed route, and a cake knife to cut slices.<br><br>SYNTAX PATTERN:<br>Select data > Insert tab > Charts group > pick a chart type<br><br>ANATOMY:<br>Category labels = the first column | Series = each column of numbers | Chart title = the heading | Legend = the key to the colours | Data labels = numbers written on the chart<br><br>EXAMPLE 1:<br>A1: Month<br>B1: Sales<br>Jan 10, Feb 20, Mar 15 in the rows below<br>Insert > Column > Clustered Column<br>Result: three bars to compare the months<br><br>EXAMPLE 2:<br>A1: Day<br>B1: Temp<br>Mon 30, Tue 32, Wed 35, Thu 33 in the rows below<br>Insert > Line<br>Result: a line that rises and falls to show the trend<br><br>EXAMPLE 3:<br>A1: Item<br>B1: Amount<br>Rent 50, Food 30, Travel 20 in the rows below<br>Insert > Pie > right-click a slice > Add Data Labels<br>Result: three slices, and the labels can show 50%, 30% and 20%<br><br>VARIATION:<br>Alt+F1 creates a chart on the same sheet from the selected data<br>F11 creates a chart on a new chart sheet<br>Insert > Recommended Charts lets Excel suggest chart types<br><br>USED WITH:<br>PivotTable, Table (Ctrl+T), Conditional formatting, Slicer<br><br>RELATED CONCEPTS:<br>PivotChart, Sparklines, Conditional formatting<br><br>ALTERNATIVES:<br>Sparklines (Insert tab) for a tiny chart inside one cell<br><br>FAMILY / GROUP:<br>Column, Bar, Line, Pie, Scatter, Legend, Axis<br><br>WHERE IT IS USED:<br>Monthly sales reports | Marks comparison | Budget share<br><br>MINI CONVERSATION:<br>A: I have monthly sales for 12 months and want to show the trend. | B: Select the data and use Insert, Line. A line chart shows the ups and downs over time clearly.<br><br>COMMON MISTAKE:<br>✗ A pie chart is good for 12 months of data → ✓ A pie with many slices is hard to read, so use a column or line chart for many values<br><br>COMMONLY CONFUSED WITH:<br>Column chart vs Bar chart: Column bars stand upright, while Bar chart bars lie sideways and suit long labels.<br><br>AVOID / DON'T:<br>Do not use a pie chart for data that does not make a whole, such as temperatures of different days.<br><br>WRONG CODE:<br>Select only column B (the numbers) and insert a chart, so the month names are missing<br><br>RIGHT CODE:<br>Select A1:B4 including the headings and the month names, then insert the chart<br><br>MEMORY TRICK:<br>Column compares, Line follows time, Pie shows parts of one whole.<br><br>REAL LIFE: PROJECT / WORK:<br>A manager inserts a line chart of weekly sales to show whether the sales are growing.<br><br>REAL LIFE: INTERVIEW / EXAM:<br>Interview: Which chart would you use to show the share of each expense in a monthly budget, and why?<br><br>REAL LIFE: DAILY LIFE:<br>It is like a speedometer picture: you read the situation at a glance without reading numbers.	09_Analysis_Intermediate_XL-037
Named ranges<br><br>How can you give a group of cells your own name and then use that name in formulas?<br><br>A1: 10<br>A2: 20<br>A3: 30<br>Steps: select A1:A3 > click the Name Box (left of the formula bar) > type Sales > press Enter<br>B1: =SUM(Sales)	MEANING (SHORT):<br>A named range is a short name that you give to a cell or a group of cells.<br><br>MEANING IN LEARNER'S LANGUAGE:<br>सेल या सेल समूह को दिया गया छोटा नाम<br><br>CODE:<br>A1: 10<br>A2: 20<br>A3: 30<br>Steps: select A1:A3 > click the Name Box (left of the formula bar) > type Sales > press Enter<br>B1: =SUM(Sales)<br><br>OUTPUT:<br>B1 shows 60<br><br>EXPLANATION:<br>The Name Box lets you give the selected cells a name. A formula can then use the name in place of the address. Names stay the same even if you copy the formula to other cells, because they point to fixed cells.<br><br>SIMPLE EXPLANATION (HINGLISH):<br>Cell range ko ek chhota naam do, jaise Sales. Phir formula me A1:A3 ki jagah Sales likho. Padhna aur samajhna dono aasaan ho jata hai.<br><br>REAL-LIFE ANALOGY:<br>Like saving a phone number under a contact name: you call the name, not the number.<br><br>SYNTAX PATTERN:<br>Name Box: type a name for the selected cells | Formulas tab > Define Name | Ctrl+F3 opens Name Manager | Ctrl+Shift+F3 creates names from labels<br><br>ANATOMY:<br>Name = letters, numbers and underscore, no spaces | Refers to = the cells the name points to | Scope = Workbook or one sheet<br><br>EXAMPLE 1:<br>A1: 10<br>A2: 20<br>A3: 30<br>Select A1:A3, type Sales in the Name Box, press Enter<br>B1: =SUM(Sales)<br><br>EXAMPLE 2:<br>Select D1, type TaxRate in the Name Box, then type 0.18 in D1<br>B1: 200<br>C1: =B1*TaxRate<br><br>EXAMPLE 3:<br>A1: Marks<br>A2: 40<br>A3: 50<br>A4: 60<br>Select A1:A4 > Formulas tab > Create from Selection (Ctrl+Shift+F3) > tick Top row > OK<br>B1: =AVERAGE(Marks)<br><br>VARIATION:<br>Ctrl+F3 opens the Name Manager to edit or delete a name<br>Formulas tab > Define Name > Scope can be set to a single sheet<br>Click the Name Box drop-down and choose a name to jump to its cells<br><br>USED WITH:<br>SUM, AVERAGE, XLOOKUP, Data Validation<br><br>RELATED CONCEPTS:<br>Table (Ctrl+T), Absolute reference ($A$1), Data Validation<br><br>ALTERNATIVES:<br>Absolute references like $A$1:$A$3, Tables (Ctrl+T) with column names<br><br>FAMILY / GROUP:<br>Name Box, Name Manager, Define Name, Scope, Create from Selection<br><br>WHERE IT IS USED:<br>Tax rate or discount in a formula | Drop-down lists | Formulas shared with others<br><br>MINI CONVERSATION:<br>A: I keep forgetting which cell holds the tax rate in my formulas. | B: Name that cell TaxRate and write =B1*TaxRate. The formula explains itself.<br><br>COMMON MISTAKE:<br>✗ I can name a range Total Sales with a space between the words → ✓ Spaces are not allowed in names, so use an underscore like Total_Sales<br><br>COMMONLY CONFUSED WITH:<br>Named range vs Table (Ctrl+T): A named range points to fixed cells, while a Table grows automatically and gives names to its columns.<br><br>AVOID / DON'T:<br>Do not use names that look like cell addresses, such as Q1 or A1, because Excel will not accept them.<br><br>WRONG CODE:<br>Name Box: type Total Sales and press Enter<br><br>RIGHT CODE:<br>Name Box: type Total_Sales and press Enter<br><br>MEMORY TRICK:<br>Name it once, use it everywhere, like a contact in your phone.<br><br>REAL LIFE: PROJECT / WORK:<br>A budget workbook names the tax cell TaxRate so that every formula shows =Price*TaxRate.<br><br>REAL LIFE: INTERVIEW / EXAM:<br>Interview: What is a named range and why would you use one?<br><br>REAL LIFE: DAILY LIFE:<br>It is like writing Mom on a speed-dial button instead of remembering her full phone number.	09_Analysis_Intermediate_XL-038
Dynamic arrays: FILTER, UNIQUE and SORT<br><br>Which newer functions return a whole list of results that spill into the cells below by themselves?<br><br>A1: Pune<br>A2: Agra<br>A3: Pune<br>A4: Delhi<br>A5: Agra<br>B1: =SORT(UNIQUE(A1:A5))	MEANING (SHORT):<br>FILTER picks rows that meet a rule, UNIQUE removes repeats, and SORT puts items in order, and the results spill into the cells below.<br><br>MEANING IN LEARNER'S LANGUAGE:<br>एक फ़ॉर्मूला से पूरी सूची निकालना जो नीचे के सेल में अपने आप भर जाती है<br><br>CODE:<br>A1: Pune<br>A2: Agra<br>A3: Pune<br>A4: Delhi<br>A5: Agra<br>B1: =SORT(UNIQUE(A1:A5))<br><br>OUTPUT:<br>B1 shows Agra, B2 shows Delhi, B3 shows Pune<br><br>EXPLANATION:<br>UNIQUE removes the repeated cities and keeps each city once. SORT then puts them in A to Z order. Because this is one formula in B1, the three answers spill into B1, B2 and B3 by themselves.<br><br>SIMPLE EXPLANATION (HINGLISH):<br>Ek formula likho aur uska result neeche ke cells me khud fail jata hai. UNIQUE repeat hata deta hai, SORT sajata hai, aur FILTER sirf wahi rows deta hai jo shart puri karti hain. Ye Microsoft 365 ya Excel 2021 me milta hai.<br><br>REAL-LIFE ANALOGY:<br>Like a sieve and a sorting tray: the sieve keeps only the wanted items, the tray removes repeats and arranges them.<br><br>SYNTAX PATTERN:<br>=FILTER(array, include, [if_empty]) | =UNIQUE(array) | =SORT(array, [sort_index], [sort_order])<br><br>ANATOMY:<br>array = the cells to work on | include = a test like B2:B5>=60 | if_empty = text to show when nothing matches | sort_index = which column to sort by | sort_order = 1 for A to Z, -1 for Z to A<br><br>EXAMPLE 1:<br>A1: Pune<br>A2: Agra<br>A3: Pune<br>A4: Delhi<br>B1: =UNIQUE(A1:A4)<br><br>EXAMPLE 2:<br>A1: Asha<br>B1: 80<br>A2: Ravi<br>B2: 45<br>A3: Meena<br>B3: 90<br>A4: Tara<br>B4: 60<br>D1: =FILTER(A1:B4,B1:B4>=60)<br><br>EXAMPLE 3:<br>A1: Asha<br>B1: 80<br>A2: Ravi<br>B2: 45<br>A3: Meena<br>B3: 90<br>A4: Tara<br>B4: 60<br>D1: =SORT(A1:B4,2,-1)<br><br>VARIATION:<br>=FILTER(A1:B4,B1:B4>=100,"No match")   shows No match when nothing fits<br>=SORT(A1:A4)   sorts one column A to Z<br>=SUM(D1#)   the # sign points to the whole spilled result<br><br>USED WITH:<br>SUM, COUNTA, XLOOKUP, Table (Ctrl+T)<br><br>RELATED CONCEPTS:<br>XLOOKUP, SORTBY, Table (Ctrl+T), Power Query<br><br>ALTERNATIVES:<br>The Filter button (Ctrl+Shift+L), Remove Duplicates on the Data tab, PivotTable<br><br>FAMILY / GROUP:<br>FILTER, UNIQUE, SORT, SORTBY, SEQUENCE, XLOOKUP<br><br>WHERE IT IS USED:<br>A live list of students who passed | A list of each city only once | A ranked leaderboard<br><br>MINI CONVERSATION:<br>A: I want a list of only the students with 60 marks or more that updates when marks change. | B: Use =FILTER with the marks test. The list changes by itself when the marks change, and it needs Microsoft 365 or Excel 2021.<br><br>COMMON MISTAKE:<br>✗ I must copy the FILTER formula down to fill the list → ✓ You write it once in the first cell and the result spills down by itself<br><br>COMMONLY CONFUSED WITH:<br>FILTER function vs Filter button: The Filter button hides rows in the same place, while the FILTER function writes a new list in other cells and the original data stays unchanged.<br><br>AVOID / DON'T:<br>Do not put data in the cells below a spilling formula, because it will block the result with a #SPILL! error.<br><br>WRONG CODE:<br>A1: Asha<br>B1: 80<br>A2: Ravi<br>B2: 45<br>D1: =FILTER(A1:B2,B1:B2>=60)<br>E1: typed text blocks the spill (D1 shows #SPILL!)<br><br>RIGHT CODE:<br>A1: Asha<br>B1: 80<br>A2: Ravi<br>B2: 45<br>D1: =FILTER(A1:B2,B1:B2>=60)<br>E1: clear it so that the spill area D1:E1 is empty<br><br>MEMORY TRICK:<br>FILTER keeps, UNIQUE de-duplicates, SORT arranges, and one formula spills.<br><br>REAL LIFE: PROJECT / WORK:<br>A teacher uses FILTER to keep a live list of students below 40 marks that updates when the marks change.<br><br>REAL LIFE: INTERVIEW / EXAM:<br>Interview: How can you get a sorted list of the different cities from a column with repeats, using only one formula?<br><br>REAL LIFE: DAILY LIFE:<br>It is like pouring tea once and the cup fills itself to the right level without you doing anything more.	09_Analysis_Advanced_XL-039
Power Query<br><br>Which Data tab tool cleans and combines data with recorded steps that you can run again with one click?<br><br>A1: Name<br>A2: Asha<br>A3: Ravi<br>A4: Asha<br>A5: Meena<br>Steps: click any cell in A1:A5 > Data tab > From Table/Range > OK > select the Name column > Home tab > Remove Rows > Remove Duplicates > Close & Load	MEANING (SHORT):<br>Power Query imports data, cleans it with recorded steps, and loads the result into a sheet that you can refresh.<br><br>MEANING IN LEARNER'S LANGUAGE:<br>डेटा लाना, साफ़ करना और हर बार एक क्लिक में दोबारा चलाना<br><br>CODE:<br>A1: Name<br>A2: Asha<br>A3: Ravi<br>A4: Asha<br>A5: Meena<br>Steps: click any cell in A1:A5 > Data tab > From Table/Range > OK > select the Name column > Home tab > Remove Rows > Remove Duplicates > Close & Load<br><br>OUTPUT:<br>A new sheet shows a table with three names: Asha, Ravi and Meena<br><br>EXPLANATION:<br>Power Query opens its own editor where each action becomes a step in the Applied Steps list on the right. When you choose Close & Load, the result is written to a sheet as a table. Your original data is not changed.<br><br>SIMPLE EXPLANATION (HINGLISH):<br>Power Query me aap ek baar saaf karne ke steps banate ho, aur Excel unhe yaad rakhta hai. Agli baar naya data aaye to Refresh All dabao aur wahi saare steps dobara chal jate hain.<br><br>REAL-LIFE ANALOGY:<br>Like a recipe card: you write the steps once and can cook the same dish again with new ingredients.<br><br>SYNTAX PATTERN:<br>Data tab > Get Data (or From Table/Range, or From Text/CSV) > Power Query Editor > Close & Load<br><br>ANATOMY:<br>Source = where the data comes from | Applied Steps = the list of recorded actions | Transform = clean-up actions like Remove Duplicates | Close & Load = write the result to a sheet | Refresh All = run all steps again<br><br>EXAMPLE 1:<br>Data tab > Get Data > From File > From Text/CSV > choose a CSV file > Load<br>Result: the CSV rows appear in a new sheet as a table<br><br>EXAMPLE 2:<br>A1: Name<br>A2: Asha<br>A3: Ravi<br>A4: Asha<br>Click a cell > Data > From Table/Range > select Name column > Remove Rows > Remove Duplicates > Close & Load<br>Result: Asha and Ravi, one time each<br><br>EXAMPLE 3:<br>Data tab > Get Data > Combine Queries > Append > choose two tables > OK > Close & Load<br>Result: the rows of the second table are added below the first table in one list<br><br>VARIATION:<br>Data tab > Refresh All (Ctrl+Alt+F5) runs every query again<br>Home tab > Merge Queries joins two tables like a lookup<br>Click the cross next to a step in Applied Steps to delete that step<br><br>USED WITH:<br>Table (Ctrl+T), PivotTable, CSV files, Refresh All<br><br>RELATED CONCEPTS:<br>PivotTable, Text to Columns, Table (Ctrl+T)<br><br>ALTERNATIVES:<br>Manual clean-up, Text to Columns, Remove Duplicates on the Data tab, VBA macros<br><br>FAMILY / GROUP:<br>Power Query, Get & Transform, Applied Steps, Query, Refresh All, M language<br><br>WHERE IT IS USED:<br>Monthly CSV imports | Combining many files into one table | Cleaning exported data before a PivotTable<br><br>MINI CONVERSATION:<br>A: Every month I get a new export and clean the same columns by hand. | B: Record the clean-up in Power Query once, and next month just click Refresh All.<br><br>COMMON MISTAKE:<br>✗ Power Query changes my original data table → ✓ It reads the source and writes a new result table, so the original data stays as it was<br><br>COMMONLY CONFUSED WITH:<br>Power Query vs a macro: Power Query records data-cleaning steps that refresh with new data, while a macro (VBA) records any clicks and keystrokes in Excel as code.<br><br>AVOID / DON'T:<br>Do not edit the loaded result table by hand, because the next refresh will overwrite your changes.<br><br>WRONG CODE:<br>Clean the new month's file by hand again, and then paste it over the old data every time<br><br>RIGHT CODE:<br>Load the file with Data > From Text/CSV, clean it in Power Query once, then use Data > Refresh All each month<br><br>MEMORY TRICK:<br>Power Query = record the clean-up once, replay it forever.<br><br>REAL LIFE: PROJECT / WORK:<br>An accountant loads a bank CSV every month, removes blank rows, changes the date type and refreshes the same query.<br><br>REAL LIFE: INTERVIEW / EXAM:<br>Interview: How would you combine twelve monthly files with the same columns into one table in Excel?<br><br>REAL LIFE: DAILY LIFE:<br>It is like a washing machine program: you choose the steps once and press start every week.	09_Analysis_Advanced_XL-040
