wordId,word,partOfSpeech,needsReview,prompt
VRB-001,understand,Verb,,"Flat vector illustration, thick uniform outline, flat colour fills only, no gradients, no shading, no texture, simple geometric shapes, single centred subject, plain pale background, generous margins, minimal detail, absolutely no text, no letters, no words, no numbers, no signage. Scene: A lightbulb switching on above someone's head."
VRB-002,forget,Verb,,"Flat vector illustration, thick uniform outline, flat colour fills only, no gradients, no shading, no texture, simple geometric shapes, single centred subject, plain pale background, generous margins, minimal detail, absolutely no text, no letters, no words, no numbers, no signage. Scene: A thought bubble popping like a soap bubble."
VRB-003,decide,Verb,,"Flat vector illustration, thick uniform outline, flat colour fills only, no gradients, no shading, no texture, simple geometric shapes, single centred subject, plain pale background, generous margins, minimal detail, absolutely no text, no letters, no words, no numbers, no signage. Scene: A fork in the road with a signpost."
VRB-004,explain,Verb,,"Flat vector illustration, thick uniform outline, flat colour fills only, no gradients, no shading, no texture, simple geometric shapes, single centred subject, plain pale background, generous margins, minimal detail, absolutely no text, no letters, no words, no numbers, no signage. Scene: A hand pointing at a whiteboard diagram."
VRB-005,arrive,Verb,,"Flat vector illustration, thick uniform outline, flat colour fills only, no gradients, no shading, no texture, simple geometric shapes, single centred subject, plain pale background, generous margins, minimal detail, absolutely no text, no letters, no words, no numbers, no signage. Scene: A suitcase being set down at a front door."
VRB-006,choose,Verb,,"Flat vector illustration, thick uniform outline, flat colour fills only, no gradients, no shading, no texture, simple geometric shapes, single centred subject, plain pale background, generous margins, minimal detail, absolutely no text, no letters, no words, no numbers, no signage. Scene: A hand hovering between two doors, about to pick one."
VRB-007,remember,Verb,,"Flat vector illustration, thick uniform outline, flat colour fills only, no gradients, no shading, no texture, simple geometric shapes, single centred subject, plain pale background, generous margins, minimal detail, absolutely no text, no letters, no words, no numbers, no signage. Scene: An old photograph being pulled out of a drawer."
VRB-008,teach,Verb,,"Flat vector illustration, thick uniform outline, flat colour fills only, no gradients, no shading, no texture, simple geometric shapes, single centred subject, plain pale background, generous margins, minimal detail, absolutely no text, no letters, no words, no numbers, no signage. Scene: A hand guiding another hand across a chalkboard."
VRB-009,carry,Verb,,"Flat vector illustration, thick uniform outline, flat colour fills only, no gradients, no shading, no texture, simple geometric shapes, single centred subject, plain pale background, generous margins, minimal detail, absolutely no text, no letters, no words, no numbers, no signage. Scene: Someone balancing grocery bags in both arms."
VRB-010,wait,Verb,,"Flat vector illustration, thick uniform outline, flat colour fills only, no gradients, no shading, no texture, simple geometric shapes, single centred subject, plain pale background, generous margins, minimal detail, absolutely no text, no letters, no words, no numbers, no signage. Scene: Someone tapping their foot while checking a clock."
VRB-011,believe,Verb,,"Flat vector illustration, thick uniform outline, flat colour fills only, no gradients, no shading, no texture, simple geometric shapes, single centred subject, plain pale background, generous margins, minimal detail, absolutely no text, no letters, no words, no numbers, no signage. Scene: A hand resting over a heart while nodding firmly."
VRB-012,imagine,Verb,,"Flat vector illustration, thick uniform outline, flat colour fills only, no gradients, no shading, no texture, simple geometric shapes, single centred subject, plain pale background, generous margins, minimal detail, absolutely no text, no letters, no words, no numbers, no signage. Scene: A thought bubble filled with colorful, floating pictures."
VRB-013,realize,Verb,,"Flat vector illustration, thick uniform outline, flat colour fills only, no gradients, no shading, no texture, simple geometric shapes, single centred subject, plain pale background, generous margins, minimal detail, absolutely no text, no letters, no words, no numbers, no signage. Scene: A lightbulb flickering on suddenly in a dark room."
VRB-014,suggest,Verb,,"Flat vector illustration, thick uniform outline, flat colour fills only, no gradients, no shading, no texture, simple geometric shapes, single centred subject, plain pale background, generous margins, minimal detail, absolutely no text, no letters, no words, no numbers, no signage. Scene: A hand gently placing a small idea card on a table."
VRB-015,describe,Verb,YES,"Flat vector illustration, thick uniform outline, flat colour fills only, no gradients, no shading, no texture, simple geometric shapes, single centred subject, plain pale background, generous margins, minimal detail, absolutely no text, no letters, no words, no numbers, no signage. Scene: An artist sketching a portrait from someone's spoken words."
VRB-016,mention,Verb,,"Flat vector illustration, thick uniform outline, flat colour fills only, no gradients, no shading, no texture, simple geometric shapes, single centred subject, plain pale background, generous margins, minimal detail, absolutely no text, no letters, no words, no numbers, no signage. Scene: A small sticky note passed quickly across a desk."
VRB-017,admit,Verb,,"Flat vector illustration, thick uniform outline, flat colour fills only, no gradients, no shading, no texture, simple geometric shapes, single centred subject, plain pale background, generous margins, minimal detail, absolutely no text, no letters, no words, no numbers, no signage. Scene: A locked door slowly creaking open to let the truth out."
VRB-018,argue,Verb,,"Flat vector illustration, thick uniform outline, flat colour fills only, no gradients, no shading, no texture, simple geometric shapes, single centred subject, plain pale background, generous margins, minimal detail, absolutely no text, no letters, no words, no numbers, no signage. Scene: Two speech bubbles colliding with jagged edges."
VRB-019,agree,Verb,,"Flat vector illustration, thick uniform outline, flat colour fills only, no gradients, no shading, no texture, simple geometric shapes, single centred subject, plain pale background, generous margins, minimal detail, absolutely no text, no letters, no words, no numbers, no signage. Scene: Two puzzle pieces clicking neatly together."
VRB-020,disagree,Verb,,"Flat vector illustration, thick uniform outline, flat colour fills only, no gradients, no shading, no texture, simple geometric shapes, single centred subject, plain pale background, generous margins, minimal detail, absolutely no text, no letters, no words, no numbers, no signage. Scene: Two arrows pointing away from each other."
VRB-021,wonder,Verb,,"Flat vector illustration, thick uniform outline, flat colour fills only, no gradients, no shading, no texture, simple geometric shapes, single centred subject, plain pale background, generous margins, minimal detail, absolutely no text, no letters, no words, no numbers, no signage. Scene: A question mark floating above someone's head as they gaze into the distance."
VRB-022,guess,Verb,,"Flat vector illustration, thick uniform outline, flat colour fills only, no gradients, no shading, no texture, simple geometric shapes, single centred subject, plain pale background, generous margins, minimal detail, absolutely no text, no letters, no words, no numbers, no signage. Scene: A dice being rolled, landing on an unknown number."
VRB-023,doubt,Verb,,"Flat vector illustration, thick uniform outline, flat colour fills only, no gradients, no shading, no texture, simple geometric shapes, single centred subject, plain pale background, generous margins, minimal detail, absolutely no text, no letters, no words, no numbers, no signage. Scene: A cloudy question mark hovering over someone's shoulder."
VRB-024,assume,Verb,,"Flat vector illustration, thick uniform outline, flat colour fills only, no gradients, no shading, no texture, simple geometric shapes, single centred subject, plain pale background, generous margins, minimal detail, absolutely no text, no letters, no words, no numbers, no signage. Scene: Someone building a house on a foundation they never checked."
VRB-025,conclude,Verb,,"Flat vector illustration, thick uniform outline, flat colour fills only, no gradients, no shading, no texture, simple geometric shapes, single centred subject, plain pale background, generous margins, minimal detail, absolutely no text, no letters, no words, no numbers, no signage. Scene: A book closing gently after the final page."
VRB-026,discuss,Verb,,"Flat vector illustration, thick uniform outline, flat colour fills only, no gradients, no shading, no texture, simple geometric shapes, single centred subject, plain pale background, generous margins, minimal detail, absolutely no text, no letters, no words, no numbers, no signage. Scene: Several people sitting around a round table, all speaking in turn."
VRB-027,convince,Verb,,"Flat vector illustration, thick uniform outline, flat colour fills only, no gradients, no shading, no texture, simple geometric shapes, single centred subject, plain pale background, generous margins, minimal detail, absolutely no text, no letters, no words, no numbers, no signage. Scene: A scale slowly tipping toward one side as reasons pile up."
VRB-028,persuade,Verb,,"Flat vector illustration, thick uniform outline, flat colour fills only, no gradients, no shading, no texture, simple geometric shapes, single centred subject, plain pale background, generous margins, minimal detail, absolutely no text, no letters, no words, no numbers, no signage. Scene: Someone gently pushing a door that's slightly stuck, until it finally opens."
VRB-029,complain,Verb,,"Flat vector illustration, thick uniform outline, flat colour fills only, no gradients, no shading, no texture, simple geometric shapes, single centred subject, plain pale background, generous margins, minimal detail, absolutely no text, no letters, no words, no numbers, no signage. Scene: A speech bubble filled with small storm clouds."
VRB-030,apologize,Verb,,"Flat vector illustration, thick uniform outline, flat colour fills only, no gradients, no shading, no texture, simple geometric shapes, single centred subject, plain pale background, generous margins, minimal detail, absolutely no text, no letters, no words, no numbers, no signage. Scene: An outstretched hand offering a small folded note that says ""sorry."""
VRB-031,promise,Verb,,"Flat vector illustration, thick uniform outline, flat colour fills only, no gradients, no shading, no texture, simple geometric shapes, single centred subject, plain pale background, generous margins, minimal detail, absolutely no text, no letters, no words, no numbers, no signage. Scene: Two little fingers linking together in a pinky promise."
VRB-032,warn,Verb,,"Flat vector illustration, thick uniform outline, flat colour fills only, no gradients, no shading, no texture, simple geometric shapes, single centred subject, plain pale background, generous margins, minimal detail, absolutely no text, no letters, no words, no numbers, no signage. Scene: A bright yellow triangle sign flashing before a sharp turn."
VRB-033,advise,Verb,,"Flat vector illustration, thick uniform outline, flat colour fills only, no gradients, no shading, no texture, simple geometric shapes, single centred subject, plain pale background, generous margins, minimal detail, absolutely no text, no letters, no words, no numbers, no signage. Scene: A signpost gently pointing someone in a wiser direction."
VRB-034,insist,Verb,,"Flat vector illustration, thick uniform outline, flat colour fills only, no gradients, no shading, no texture, simple geometric shapes, single centred subject, plain pale background, generous margins, minimal detail, absolutely no text, no letters, no words, no numbers, no signage. Scene: Someone planting their feet firmly on the ground, refusing to move."
VRB-035,claim,Verb,,"Flat vector illustration, thick uniform outline, flat colour fills only, no gradients, no shading, no texture, simple geometric shapes, single centred subject, plain pale background, generous margins, minimal detail, absolutely no text, no letters, no words, no numbers, no signage. Scene: A hand raised confidently while others look on with raised eyebrows."
VRB-036,deny,Verb,,"Flat vector illustration, thick uniform outline, flat colour fills only, no gradients, no shading, no texture, simple geometric shapes, single centred subject, plain pale background, generous margins, minimal detail, absolutely no text, no letters, no words, no numbers, no signage. Scene: A hand held up firmly, palm out, blocking an accusation."
VRB-037,confirm,Verb,,"Flat vector illustration, thick uniform outline, flat colour fills only, no gradients, no shading, no texture, simple geometric shapes, single centred subject, plain pale background, generous margins, minimal detail, absolutely no text, no letters, no words, no numbers, no signage. Scene: A green checkmark stamping firmly onto a document."
VRB-038,predict,Verb,,"Flat vector illustration, thick uniform outline, flat colour fills only, no gradients, no shading, no texture, simple geometric shapes, single centred subject, plain pale background, generous margins, minimal detail, absolutely no text, no letters, no words, no numbers, no signage. Scene: A weather map with arrows showing where a storm will move next."
VRB-039,recall,Verb,,"Flat vector illustration, thick uniform outline, flat colour fills only, no gradients, no shading, no texture, simple geometric shapes, single centred subject, plain pale background, generous margins, minimal detail, absolutely no text, no letters, no words, no numbers, no signage. Scene: A filing cabinet drawer sliding open to reveal an old photograph."
VRB-040,recognize,Verb,,"Flat vector illustration, thick uniform outline, flat colour fills only, no gradients, no shading, no texture, simple geometric shapes, single centred subject, plain pale background, generous margins, minimal detail, absolutely no text, no letters, no words, no numbers, no signage. Scene: A puzzle piece clicking into place as a face becomes familiar."
VRB-041,reflect,Verb,,"Flat vector illustration, thick uniform outline, flat colour fills only, no gradients, no shading, no texture, simple geometric shapes, single centred subject, plain pale background, generous margins, minimal detail, absolutely no text, no letters, no words, no numbers, no signage. Scene: A calm lake perfectly mirroring the mountains and sky above it."
VRB-042,consider,Verb,,"Flat vector illustration, thick uniform outline, flat colour fills only, no gradients, no shading, no texture, simple geometric shapes, single centred subject, plain pale background, generous margins, minimal detail, absolutely no text, no letters, no words, no numbers, no signage. Scene: A person standing at a fork in the road, weighing both paths."
VRB-043,define,Verb,YES,"Flat vector illustration, thick uniform outline, flat colour fills only, no gradients, no shading, no texture, simple geometric shapes, single centred subject, plain pale background, generous margins, minimal detail, absolutely no text, no letters, no words, no numbers, no signage. Scene: A dictionary page with one word circled in red."
VRB-044,clarify,Verb,,"Flat vector illustration, thick uniform outline, flat colour fills only, no gradients, no shading, no texture, simple geometric shapes, single centred subject, plain pale background, generous margins, minimal detail, absolutely no text, no letters, no words, no numbers, no signage. Scene: Foggy glass being wiped clean to reveal a clear view."
VRB-045,interpret,Verb,YES,"Flat vector illustration, thick uniform outline, flat colour fills only, no gradients, no shading, no texture, simple geometric shapes, single centred subject, plain pale background, generous margins, minimal detail, absolutely no text, no letters, no words, no numbers, no signage. Scene: A pair of glasses placed over blurry text, bringing it into focus."
VRB-046,wake,Verb,,"Flat vector illustration, thick uniform outline, flat colour fills only, no gradients, no shading, no texture, simple geometric shapes, single centred subject, plain pale background, generous margins, minimal detail, absolutely no text, no letters, no words, no numbers, no signage. Scene: An alarm clock ringing loudly beside a sleepy face slowly opening its eyes."
VRB-047,sleep,Verb,,"Flat vector illustration, thick uniform outline, flat colour fills only, no gradients, no shading, no texture, simple geometric shapes, single centred subject, plain pale background, generous margins, minimal detail, absolutely no text, no letters, no words, no numbers, no signage. Scene: A person curled up under a blanket with a small ""Z"" floating above their head."
VRB-048,wash,Verb,,"Flat vector illustration, thick uniform outline, flat colour fills only, no gradients, no shading, no texture, simple geometric shapes, single centred subject, plain pale background, generous margins, minimal detail, absolutely no text, no letters, no words, no numbers, no signage. Scene: Soapy bubbles rinsing off a pair of hands under running water."
VRB-049,brush,Verb,,"Flat vector illustration, thick uniform outline, flat colour fills only, no gradients, no shading, no texture, simple geometric shapes, single centred subject, plain pale background, generous margins, minimal detail, absolutely no text, no letters, no words, no numbers, no signage. Scene: A toothbrush moving in small circles across a bright, clean smile."
VRB-050,dress,Verb,,"Flat vector illustration, thick uniform outline, flat colour fills only, no gradients, no shading, no texture, simple geometric shapes, single centred subject, plain pale background, generous margins, minimal detail, absolutely no text, no letters, no words, no numbers, no signage. Scene: A closet door opening to reveal a neatly hung row of outfits."
VRB-051,cook,Verb,,"Flat vector illustration, thick uniform outline, flat colour fills only, no gradients, no shading, no texture, simple geometric shapes, single centred subject, plain pale background, generous margins, minimal detail, absolutely no text, no letters, no words, no numbers, no signage. Scene: Steam rising from a bubbling pot on a stove."
VRB-052,wipe,Verb,,"Flat vector illustration, thick uniform outline, flat colour fills only, no gradients, no shading, no texture, simple geometric shapes, single centred subject, plain pale background, generous margins, minimal detail, absolutely no text, no letters, no words, no numbers, no signage. Scene: A cloth gliding smoothly across a shiny, dust-free table."
VRB-053,shop,Verb,,"Flat vector illustration, thick uniform outline, flat colour fills only, no gradients, no shading, no texture, simple geometric shapes, single centred subject, plain pale background, generous margins, minimal detail, absolutely no text, no letters, no words, no numbers, no signage. Scene: A shopping cart slowly filling up with colorful items."
VRB-054,rest,Verb,,"Flat vector illustration, thick uniform outline, flat colour fills only, no gradients, no shading, no texture, simple geometric shapes, single centred subject, plain pale background, generous margins, minimal detail, absolutely no text, no letters, no words, no numbers, no signage. Scene: Someone lying back in a hammock under a shady tree."
VRB-055,relax,Verb,,"Flat vector illustration, thick uniform outline, flat colour fills only, no gradients, no shading, no texture, simple geometric shapes, single centred subject, plain pale background, generous margins, minimal detail, absolutely no text, no letters, no words, no numbers, no signage. Scene: A person floating peacefully on calm, still water."
VRB-056,exercise,Verb,,"Flat vector illustration, thick uniform outline, flat colour fills only, no gradients, no shading, no texture, simple geometric shapes, single centred subject, plain pale background, generous margins, minimal detail, absolutely no text, no letters, no words, no numbers, no signage. Scene: Someone jogging briskly through a park at sunrise."
VRB-057,jog,Verb,,"Flat vector illustration, thick uniform outline, flat colour fills only, no gradients, no shading, no texture, simple geometric shapes, single centred subject, plain pale background, generous margins, minimal detail, absolutely no text, no letters, no words, no numbers, no signage. Scene: A pair of running shoes hitting a path at a steady, even pace."
VRB-058,stretch,Verb,,"Flat vector illustration, thick uniform outline, flat colour fills only, no gradients, no shading, no texture, simple geometric shapes, single centred subject, plain pale background, generous margins, minimal detail, absolutely no text, no letters, no words, no numbers, no signage. Scene: Someone reaching their arms up high, standing on their toes at sunrise."
VRB-059,shave,Verb,,"Flat vector illustration, thick uniform outline, flat colour fills only, no gradients, no shading, no texture, simple geometric shapes, single centred subject, plain pale background, generous margins, minimal detail, absolutely no text, no letters, no words, no numbers, no signage. Scene: A razor gliding smoothly across a lathered chin in the mirror."
VRB-060,comb,Verb,,"Flat vector illustration, thick uniform outline, flat colour fills only, no gradients, no shading, no texture, simple geometric shapes, single centred subject, plain pale background, generous margins, minimal detail, absolutely no text, no letters, no words, no numbers, no signage. Scene: A comb gliding smoothly through neatly parted hair."
VRB-061,iron,Verb,,"Flat vector illustration, thick uniform outline, flat colour fills only, no gradients, no shading, no texture, simple geometric shapes, single centred subject, plain pale background, generous margins, minimal detail, absolutely no text, no letters, no words, no numbers, no signage. Scene: Steam rising from a hot iron gliding over a wrinkled shirt."
VRB-062,sweep,Verb,,"Flat vector illustration, thick uniform outline, flat colour fills only, no gradients, no shading, no texture, simple geometric shapes, single centred subject, plain pale background, generous margins, minimal detail, absolutely no text, no letters, no words, no numbers, no signage. Scene: A broom pushing a small pile of dust across a wooden floor."
VRB-063,vacuum,Verb,,"Flat vector illustration, thick uniform outline, flat colour fills only, no gradients, no shading, no texture, simple geometric shapes, single centred subject, plain pale background, generous margins, minimal detail, absolutely no text, no letters, no words, no numbers, no signage. Scene: A vacuum cleaner hose pulling crumbs off a carpet."
VRB-064,water,Verb,,"Flat vector illustration, thick uniform outline, flat colour fills only, no gradients, no shading, no texture, simple geometric shapes, single centred subject, plain pale background, generous margins, minimal detail, absolutely no text, no letters, no words, no numbers, no signage. Scene: A watering can pouring a gentle stream over green leaves."
VRB-065,feed,Verb,,"Flat vector illustration, thick uniform outline, flat colour fills only, no gradients, no shading, no texture, simple geometric shapes, single centred subject, plain pale background, generous margins, minimal detail, absolutely no text, no letters, no words, no numbers, no signage. Scene: A hand scattering birdseed as pigeons gather around."
VRB-066,lock,Verb,,"Flat vector illustration, thick uniform outline, flat colour fills only, no gradients, no shading, no texture, simple geometric shapes, single centred subject, plain pale background, generous margins, minimal detail, absolutely no text, no letters, no words, no numbers, no signage. Scene: A key turning inside a metal lock with a satisfying click."
VRB-067,unlock,Verb,,"Flat vector illustration, thick uniform outline, flat colour fills only, no gradients, no shading, no texture, simple geometric shapes, single centred subject, plain pale background, generous margins, minimal detail, absolutely no text, no letters, no words, no numbers, no signage. Scene: A key clicking a lock open, or a phone screen lighting up after a fingerprint scan."
VRB-068,charge,Verb,,"Flat vector illustration, thick uniform outline, flat colour fills only, no gradients, no shading, no texture, simple geometric shapes, single centred subject, plain pale background, generous margins, minimal detail, absolutely no text, no letters, no words, no numbers, no signage. Scene: A phone screen glowing with a battery icon slowly filling up."
VRB-069,unplug,Verb,,"Flat vector illustration, thick uniform outline, flat colour fills only, no gradients, no shading, no texture, simple geometric shapes, single centred subject, plain pale background, generous margins, minimal detail, absolutely no text, no letters, no words, no numbers, no signage. Scene: A hand pulling a plug out of a wall socket."
VRB-070,park,Verb,,"Flat vector illustration, thick uniform outline, flat colour fills only, no gradients, no shading, no texture, simple geometric shapes, single centred subject, plain pale background, generous margins, minimal detail, absolutely no text, no letters, no words, no numbers, no signage. Scene: A car sliding neatly into an empty parking space between two lines."
VRB-071,commute,Verb,,"Flat vector illustration, thick uniform outline, flat colour fills only, no gradients, no shading, no texture, simple geometric shapes, single centred subject, plain pale background, generous margins, minimal detail, absolutely no text, no letters, no words, no numbers, no signage. Scene: A crowded train platform full of people checking their watches."
VRB-072,depart,Verb,,"Flat vector illustration, thick uniform outline, flat colour fills only, no gradients, no shading, no texture, simple geometric shapes, single centred subject, plain pale background, generous margins, minimal detail, absolutely no text, no letters, no words, no numbers, no signage. Scene: A departure board flipping to show a train's platform and time."
VRB-073,pack,Verb,,"Flat vector illustration, thick uniform outline, flat colour fills only, no gradients, no shading, no texture, simple geometric shapes, single centred subject, plain pale background, generous margins, minimal detail, absolutely no text, no letters, no words, no numbers, no signage. Scene: An open suitcase on a bed, half-filled with neatly folded clothes."
VRB-074,unpack,Verb,,"Flat vector illustration, thick uniform outline, flat colour fills only, no gradients, no shading, no texture, simple geometric shapes, single centred subject, plain pale background, generous margins, minimal detail, absolutely no text, no letters, no words, no numbers, no signage. Scene: Clothes and shoes scattered around an open suitcase being emptied onto a bed."
VRB-075,tidy,Verb,,"Flat vector illustration, thick uniform outline, flat colour fills only, no gradients, no shading, no texture, simple geometric shapes, single centred subject, plain pale background, generous margins, minimal detail, absolutely no text, no letters, no words, no numbers, no signage. Scene: A cluttered desk transforming into neat stacks of books and pens."
VRB-076,shower,Verb,,"Flat vector illustration, thick uniform outline, flat colour fills only, no gradients, no shading, no texture, simple geometric shapes, single centred subject, plain pale background, generous margins, minimal detail, absolutely no text, no letters, no words, no numbers, no signage. Scene: Steam rising as water streams down from a showerhead."
VRB-077,nap,Verb,,"Flat vector illustration, thick uniform outline, flat colour fills only, no gradients, no shading, no texture, simple geometric shapes, single centred subject, plain pale background, generous margins, minimal detail, absolutely no text, no letters, no words, no numbers, no signage. Scene: Someone curled up on a couch with a blanket in the middle of the afternoon."
VRB-078,snooze,Verb,,"Flat vector illustration, thick uniform outline, flat colour fills only, no gradients, no shading, no texture, simple geometric shapes, single centred subject, plain pale background, generous margins, minimal detail, absolutely no text, no letters, no words, no numbers, no signage. Scene: Someone dozing off on a sunny sofa with a book open on their chest."
VRB-079,mop,Verb,,"Flat vector illustration, thick uniform outline, flat colour fills only, no gradients, no shading, no texture, simple geometric shapes, single centred subject, plain pale background, generous margins, minimal detail, absolutely no text, no letters, no words, no numbers, no signage. Scene: A wet mop leaving clean streaks across a tiled floor."
VRB-080,dust,Verb,,"Flat vector illustration, thick uniform outline, flat colour fills only, no gradients, no shading, no texture, simple geometric shapes, single centred subject, plain pale background, generous margins, minimal detail, absolutely no text, no letters, no words, no numbers, no signage. Scene: A cloth wiping a clean streak across a dusty wooden shelf."
VRB-081,walk,Verb,,"Flat vector illustration, thick uniform outline, flat colour fills only, no gradients, no shading, no texture, simple geometric shapes, single centred subject, plain pale background, generous margins, minimal detail, absolutely no text, no letters, no words, no numbers, no signage. Scene: Footprints leaving a trail along a quiet sidewalk."
VRB-082,run,Verb,,"Flat vector illustration, thick uniform outline, flat colour fills only, no gradients, no shading, no texture, simple geometric shapes, single centred subject, plain pale background, generous margins, minimal detail, absolutely no text, no letters, no words, no numbers, no signage. Scene: Someone sprinting down a track, arms pumping, feet barely touching the ground."
VRB-083,jump,Verb,,"Flat vector illustration, thick uniform outline, flat colour fills only, no gradients, no shading, no texture, simple geometric shapes, single centred subject, plain pale background, generous margins, minimal detail, absolutely no text, no letters, no words, no numbers, no signage. Scene: A child mid-air above a trampoline, arms outstretched."
VRB-084,climb,Verb,,"Flat vector illustration, thick uniform outline, flat colour fills only, no gradients, no shading, no texture, simple geometric shapes, single centred subject, plain pale background, generous margins, minimal detail, absolutely no text, no letters, no words, no numbers, no signage. Scene: A hiker's hand reaching for the next rocky ledge on a steep trail."
VRB-085,crawl,Verb,,"Flat vector illustration, thick uniform outline, flat colour fills only, no gradients, no shading, no texture, simple geometric shapes, single centred subject, plain pale background, generous margins, minimal detail, absolutely no text, no letters, no words, no numbers, no signage. Scene: A baby moving on hands and knees across a soft rug toward a toy."
VRB-086,swim,Verb,,"Flat vector illustration, thick uniform outline, flat colour fills only, no gradients, no shading, no texture, simple geometric shapes, single centred subject, plain pale background, generous margins, minimal detail, absolutely no text, no letters, no words, no numbers, no signage. Scene: Someone gliding smoothly through clear blue water, leaving a trail of small ripples."
VRB-087,fly,Verb,,"Flat vector illustration, thick uniform outline, flat colour fills only, no gradients, no shading, no texture, simple geometric shapes, single centred subject, plain pale background, generous margins, minimal detail, absolutely no text, no letters, no words, no numbers, no signage. Scene: An airplane cutting through white clouds against a blue sky."
VRB-088,drive,Verb,,"Flat vector illustration, thick uniform outline, flat colour fills only, no gradients, no shading, no texture, simple geometric shapes, single centred subject, plain pale background, generous margins, minimal detail, absolutely no text, no letters, no words, no numbers, no signage. Scene: Hands on a steering wheel, watching the road stretch ahead through the windshield."
VRB-089,ride,Verb,,"Flat vector illustration, thick uniform outline, flat colour fills only, no gradients, no shading, no texture, simple geometric shapes, single centred subject, plain pale background, generous margins, minimal detail, absolutely no text, no letters, no words, no numbers, no signage. Scene: Someone pedaling a bicycle down a tree-lined path, wind in their hair."
VRB-090,travel,Verb,,"Flat vector illustration, thick uniform outline, flat colour fills only, no gradients, no shading, no texture, simple geometric shapes, single centred subject, plain pale background, generous margins, minimal detail, absolutely no text, no letters, no words, no numbers, no signage. Scene: An open suitcase next to a passport and a boarding pass on a bed."
VRB-091,wander,Verb,,"Flat vector illustration, thick uniform outline, flat colour fills only, no gradients, no shading, no texture, simple geometric shapes, single centred subject, plain pale background, generous margins, minimal detail, absolutely no text, no letters, no words, no numbers, no signage. Scene: Someone strolling through narrow cobblestone streets with no map in hand."
VRB-092,chase,Verb,,"Flat vector illustration, thick uniform outline, flat colour fills only, no gradients, no shading, no texture, simple geometric shapes, single centred subject, plain pale background, generous margins, minimal detail, absolutely no text, no letters, no words, no numbers, no signage. Scene: A dog sprinting across a park, ears flapping, eyes locked on a bouncing ball."
VRB-093,follow,Verb,,"Flat vector illustration, thick uniform outline, flat colour fills only, no gradients, no shading, no texture, simple geometric shapes, single centred subject, plain pale background, generous margins, minimal detail, absolutely no text, no letters, no words, no numbers, no signage. Scene: Footprints in the snow, one set trailing closely behind another."
VRB-094,lead,Verb,,"Flat vector illustration, thick uniform outline, flat colour fills only, no gradients, no shading, no texture, simple geometric shapes, single centred subject, plain pale background, generous margins, minimal detail, absolutely no text, no letters, no words, no numbers, no signage. Scene: A person at the front of a hiking group, pointing the way up a trail."
VRB-095,push,Verb,,"Flat vector illustration, thick uniform outline, flat colour fills only, no gradients, no shading, no texture, simple geometric shapes, single centred subject, plain pale background, generous margins, minimal detail, absolutely no text, no letters, no words, no numbers, no signage. Scene: Two hands pressing firmly against a heavy door, forcing it open."
VRB-096,pull,Verb,,"Flat vector illustration, thick uniform outline, flat colour fills only, no gradients, no shading, no texture, simple geometric shapes, single centred subject, plain pale background, generous margins, minimal detail, absolutely no text, no letters, no words, no numbers, no signage. Scene: A hand gripping a rope, leaning back to pull with all its strength."
VRB-097,drag,Verb,,"Flat vector illustration, thick uniform outline, flat colour fills only, no gradients, no shading, no texture, simple geometric shapes, single centred subject, plain pale background, generous margins, minimal detail, absolutely no text, no letters, no words, no numbers, no signage. Scene: Deep scrape marks on the floor left behind a heavy dragged box."
VRB-098,lift,Verb,,"Flat vector illustration, thick uniform outline, flat colour fills only, no gradients, no shading, no texture, simple geometric shapes, single centred subject, plain pale background, generous margins, minimal detail, absolutely no text, no letters, no words, no numbers, no signage. Scene: Someone lifting a heavy barbell overhead at the gym, muscles straining."
VRB-099,drop,Verb,,"Flat vector illustration, thick uniform outline, flat colour fills only, no gradients, no shading, no texture, simple geometric shapes, single centred subject, plain pale background, generous margins, minimal detail, absolutely no text, no letters, no words, no numbers, no signage. Scene: A glass slipping from a hand, shattering into pieces on the floor."
VRB-100,throw,Verb,,"Flat vector illustration, thick uniform outline, flat colour fills only, no gradients, no shading, no texture, simple geometric shapes, single centred subject, plain pale background, generous margins, minimal detail, absolutely no text, no letters, no words, no numbers, no signage. Scene: A hand releasing a ball mid-air, arm still extended from the throw."
VRB-101,catch,Verb,,"Flat vector illustration, thick uniform outline, flat colour fills only, no gradients, no shading, no texture, simple geometric shapes, single centred subject, plain pale background, generous margins, minimal detail, absolutely no text, no letters, no words, no numbers, no signage. Scene: A hand snapping shut around a ball just before it hits the ground."
VRB-102,kick,Verb,,"Flat vector illustration, thick uniform outline, flat colour fills only, no gradients, no shading, no texture, simple geometric shapes, single centred subject, plain pale background, generous margins, minimal detail, absolutely no text, no letters, no words, no numbers, no signage. Scene: A foot connecting sharply with a football, sending it flying toward the goal."
VRB-103,roll,Verb,,"Flat vector illustration, thick uniform outline, flat colour fills only, no gradients, no shading, no texture, simple geometric shapes, single centred subject, plain pale background, generous margins, minimal detail, absolutely no text, no letters, no words, no numbers, no signage. Scene: A ball tumbling end over end down a grassy slope."
VRB-104,slide,Verb,,"Flat vector illustration, thick uniform outline, flat colour fills only, no gradients, no shading, no texture, simple geometric shapes, single centred subject, plain pale background, generous margins, minimal detail, absolutely no text, no letters, no words, no numbers, no signage. Scene: A child zooming down a curved playground slide, arms raised."
VRB-105,hop,Verb,,"Flat vector illustration, thick uniform outline, flat colour fills only, no gradients, no shading, no texture, simple geometric shapes, single centred subject, plain pale background, generous margins, minimal detail, absolutely no text, no letters, no words, no numbers, no signage. Scene: A rabbit springing lightly across a grassy lawn in small bounces."
VRB-106,skip,Verb,,"Flat vector illustration, thick uniform outline, flat colour fills only, no gradients, no shading, no texture, simple geometric shapes, single centred subject, plain pale background, generous margins, minimal detail, absolutely no text, no letters, no words, no numbers, no signage. Scene: A child bouncing along a sidewalk with light, happy hops."
VRB-107,dive,Verb,,"Flat vector illustration, thick uniform outline, flat colour fills only, no gradients, no shading, no texture, simple geometric shapes, single centred subject, plain pale background, generous margins, minimal detail, absolutely no text, no letters, no words, no numbers, no signage. Scene: A swimmer's body slicing cleanly into water, barely making a splash."
VRB-108,float,Verb,,"Flat vector illustration, thick uniform outline, flat colour fills only, no gradients, no shading, no texture, simple geometric shapes, single centred subject, plain pale background, generous margins, minimal detail, absolutely no text, no letters, no words, no numbers, no signage. Scene: A lily pad resting gently on the still surface of a pond."
VRB-109,sink,Verb,,"Flat vector illustration, thick uniform outline, flat colour fills only, no gradients, no shading, no texture, simple geometric shapes, single centred subject, plain pale background, generous margins, minimal detail, absolutely no text, no letters, no words, no numbers, no signage. Scene: Bubbles rising as a heavy object disappears slowly beneath dark water."
VRB-110,steer,Verb,,"Flat vector illustration, thick uniform outline, flat colour fills only, no gradients, no shading, no texture, simple geometric shapes, single centred subject, plain pale background, generous margins, minimal detail, absolutely no text, no letters, no words, no numbers, no signage. Scene: Two hands gripping a steering wheel, turning it smoothly around a curve."
VRB-111,work,Verb,,"Flat vector illustration, thick uniform outline, flat colour fills only, no gradients, no shading, no texture, simple geometric shapes, single centred subject, plain pale background, generous margins, minimal detail, absolutely no text, no letters, no words, no numbers, no signage. Scene: A person typing at a desk with a cup of coffee beside them."
VRB-112,study,Verb,,"Flat vector illustration, thick uniform outline, flat colour fills only, no gradients, no shading, no texture, simple geometric shapes, single centred subject, plain pale background, generous margins, minimal detail, absolutely no text, no letters, no words, no numbers, no signage. Scene: A student at a desk surrounded by open textbooks and highlighters."
VRB-113,learn,Verb,,"Flat vector illustration, thick uniform outline, flat colour fills only, no gradients, no shading, no texture, simple geometric shapes, single centred subject, plain pale background, generous margins, minimal detail, absolutely no text, no letters, no words, no numbers, no signage. Scene: A brain slowly filling up with colorful puzzle pieces."
VRB-114,read,Verb,YES,"Flat vector illustration, thick uniform outline, flat colour fills only, no gradients, no shading, no texture, simple geometric shapes, single centred subject, plain pale background, generous margins, minimal detail, absolutely no text, no letters, no words, no numbers, no signage. Scene: An open book with eyes scanning across the lines of text."
VRB-115,write,Verb,,"Flat vector illustration, thick uniform outline, flat colour fills only, no gradients, no shading, no texture, simple geometric shapes, single centred subject, plain pale background, generous margins, minimal detail, absolutely no text, no letters, no words, no numbers, no signage. Scene: A hand holding a pen, moving steadily across a blank page."
VRB-116,type,Verb,,"Flat vector illustration, thick uniform outline, flat colour fills only, no gradients, no shading, no texture, simple geometric shapes, single centred subject, plain pale background, generous margins, minimal detail, absolutely no text, no letters, no words, no numbers, no signage. Scene: Fingers moving quickly across a lit-up keyboard."
VRB-117,print,Verb,,"Flat vector illustration, thick uniform outline, flat colour fills only, no gradients, no shading, no texture, simple geometric shapes, single centred subject, plain pale background, generous margins, minimal detail, absolutely no text, no letters, no words, no numbers, no signage. Scene: Sheets of paper sliding out of a humming printer tray."
VRB-118,calculate,Verb,,"Flat vector illustration, thick uniform outline, flat colour fills only, no gradients, no shading, no texture, simple geometric shapes, single centred subject, plain pale background, generous margins, minimal detail, absolutely no text, no letters, no words, no numbers, no signage. Scene: A calculator screen filling up with a long string of numbers."
VRB-119,manage,Verb,,"Flat vector illustration, thick uniform outline, flat colour fills only, no gradients, no shading, no texture, simple geometric shapes, single centred subject, plain pale background, generous margins, minimal detail, absolutely no text, no letters, no words, no numbers, no signage. Scene: A person juggling several balls smoothly without dropping one."
VRB-120,organize,Verb,,"Flat vector illustration, thick uniform outline, flat colour fills only, no gradients, no shading, no texture, simple geometric shapes, single centred subject, plain pale background, generous margins, minimal detail, absolutely no text, no letters, no words, no numbers, no signage. Scene: A messy desk transforming into neat, labeled folders."
VRB-121,plan,Verb,,"Flat vector illustration, thick uniform outline, flat colour fills only, no gradients, no shading, no texture, simple geometric shapes, single centred subject, plain pale background, generous margins, minimal detail, absolutely no text, no letters, no words, no numbers, no signage. Scene: A calendar with circled dates and arrows connecting them."
VRB-122,prepare,Verb,,"Flat vector illustration, thick uniform outline, flat colour fills only, no gradients, no shading, no texture, simple geometric shapes, single centred subject, plain pale background, generous margins, minimal detail, absolutely no text, no letters, no words, no numbers, no signage. Scene: A chef laying out ingredients neatly before cooking begins."
VRB-123,research,Verb,,"Flat vector illustration, thick uniform outline, flat colour fills only, no gradients, no shading, no texture, simple geometric shapes, single centred subject, plain pale background, generous margins, minimal detail, absolutely no text, no letters, no words, no numbers, no signage. Scene: A magnifying glass hovering over a stack of open books."
VRB-124,review,Verb,,"Flat vector illustration, thick uniform outline, flat colour fills only, no gradients, no shading, no texture, simple geometric shapes, single centred subject, plain pale background, generous margins, minimal detail, absolutely no text, no letters, no words, no numbers, no signage. Scene: Someone highlighting key lines in a printed document with a red pen."
VRB-125,revise,Verb,,"Flat vector illustration, thick uniform outline, flat colour fills only, no gradients, no shading, no texture, simple geometric shapes, single centred subject, plain pale background, generous margins, minimal detail, absolutely no text, no letters, no words, no numbers, no signage. Scene: A page covered in red pen corrections and crossed-out sentences."
VRB-126,memorize,Verb,YES,"Flat vector illustration, thick uniform outline, flat colour fills only, no gradients, no shading, no texture, simple geometric shapes, single centred subject, plain pale background, generous margins, minimal detail, absolutely no text, no letters, no words, no numbers, no signage. Scene: Someone repeating flashcards over and over until the words stick."
VRB-127,practice,Verb,,"Flat vector illustration, thick uniform outline, flat colour fills only, no gradients, no shading, no texture, simple geometric shapes, single centred subject, plain pale background, generous margins, minimal detail, absolutely no text, no letters, no words, no numbers, no signage. Scene: A musician playing the same short passage over and over on a piano."
VRB-128,focus,Verb,,"Flat vector illustration, thick uniform outline, flat colour fills only, no gradients, no shading, no texture, simple geometric shapes, single centred subject, plain pale background, generous margins, minimal detail, absolutely no text, no letters, no words, no numbers, no signage. Scene: A camera lens sharpening a blurry photo into a clear image."
VRB-129,concentrate,Verb,,"Flat vector illustration, thick uniform outline, flat colour fills only, no gradients, no shading, no texture, simple geometric shapes, single centred subject, plain pale background, generous margins, minimal detail, absolutely no text, no letters, no words, no numbers, no signage. Scene: A person closing their eyes and blocking out all background noise."
VRB-130,achieve,Verb,,"Flat vector illustration, thick uniform outline, flat colour fills only, no gradients, no shading, no texture, simple geometric shapes, single centred subject, plain pale background, generous margins, minimal detail, absolutely no text, no letters, no words, no numbers, no signage. Scene: A runner crossing the finish line with arms raised."
VRB-131,complete,Verb,,"Flat vector illustration, thick uniform outline, flat colour fills only, no gradients, no shading, no texture, simple geometric shapes, single centred subject, plain pale background, generous margins, minimal detail, absolutely no text, no letters, no words, no numbers, no signage. Scene: A checklist with every single box ticked off."
VRB-132,finish,Verb,,"Flat vector illustration, thick uniform outline, flat colour fills only, no gradients, no shading, no texture, simple geometric shapes, single centred subject, plain pale background, generous margins, minimal detail, absolutely no text, no letters, no words, no numbers, no signage. Scene: A checkered flag waving at the finish line of a race."
VRB-133,start,Verb,,"Flat vector illustration, thick uniform outline, flat colour fills only, no gradients, no shading, no texture, simple geometric shapes, single centred subject, plain pale background, generous margins, minimal detail, absolutely no text, no letters, no words, no numbers, no signage. Scene: A green traffic light switching on, signaling ""go."""
VRB-134,begin,Verb,,"Flat vector illustration, thick uniform outline, flat colour fills only, no gradients, no shading, no texture, simple geometric shapes, single centred subject, plain pale background, generous margins, minimal detail, absolutely no text, no letters, no words, no numbers, no signage. Scene: Curtains slowly opening on an empty stage."
VRB-135,apply,Verb,,"Flat vector illustration, thick uniform outline, flat colour fills only, no gradients, no shading, no texture, simple geometric shapes, single centred subject, plain pale background, generous margins, minimal detail, absolutely no text, no letters, no words, no numbers, no signage. Scene: A hand dropping an envelope labeled ""Application"" into a mailbox."
VRB-136,submit,Verb,,"Flat vector illustration, thick uniform outline, flat colour fills only, no gradients, no shading, no texture, simple geometric shapes, single centred subject, plain pale background, generous margins, minimal detail, absolutely no text, no letters, no words, no numbers, no signage. Scene: A hand clicking a glowing ""Submit"" button on a screen."
VRB-137,hire,Verb,,"Flat vector illustration, thick uniform outline, flat colour fills only, no gradients, no shading, no texture, simple geometric shapes, single centred subject, plain pale background, generous margins, minimal detail, absolutely no text, no letters, no words, no numbers, no signage. Scene: A handshake sealing a new job offer across a desk."
VRB-138,fire,Verb,,"Flat vector illustration, thick uniform outline, flat colour fills only, no gradients, no shading, no texture, simple geometric shapes, single centred subject, plain pale background, generous margins, minimal detail, absolutely no text, no letters, no words, no numbers, no signage. Scene: A cardboard box of belongings being carried out of an office."
VRB-139,train,Verb,,"Flat vector illustration, thick uniform outline, flat colour fills only, no gradients, no shading, no texture, simple geometric shapes, single centred subject, plain pale background, generous margins, minimal detail, absolutely no text, no letters, no words, no numbers, no signage. Scene: A coach demonstrating a move while a trainee repeats it step by step."
VRB-140,supervise,Verb,,"Flat vector illustration, thick uniform outline, flat colour fills only, no gradients, no shading, no texture, simple geometric shapes, single centred subject, plain pale background, generous margins, minimal detail, absolutely no text, no letters, no words, no numbers, no signage. Scene: A supervisor with a clipboard, watching over a busy factory floor."
VRB-141,delegate,Verb,,"Flat vector illustration, thick uniform outline, flat colour fills only, no gradients, no shading, no texture, simple geometric shapes, single centred subject, plain pale background, generous margins, minimal detail, absolutely no text, no letters, no words, no numbers, no signage. Scene: A manager handing a folder of tasks across the table to a teammate."
VRB-142,negotiate,Verb,,"Flat vector illustration, thick uniform outline, flat colour fills only, no gradients, no shading, no texture, simple geometric shapes, single centred subject, plain pale background, generous margins, minimal detail, absolutely no text, no letters, no words, no numbers, no signage. Scene: Two people shaking hands across a table after a long discussion."
VRB-143,present,Verb,,"Flat vector illustration, thick uniform outline, flat colour fills only, no gradients, no shading, no texture, simple geometric shapes, single centred subject, plain pale background, generous margins, minimal detail, absolutely no text, no letters, no words, no numbers, no signage. Scene: A person standing beside a slideshow, pointing at a chart."
VRB-144,brainstorm,Verb,,"Flat vector illustration, thick uniform outline, flat colour fills only, no gradients, no shading, no texture, simple geometric shapes, single centred subject, plain pale background, generous margins, minimal detail, absolutely no text, no letters, no words, no numbers, no signage. Scene: A whiteboard covered in colorful sticky notes and scribbled ideas."
VRB-145,schedule,Verb,,"Flat vector illustration, thick uniform outline, flat colour fills only, no gradients, no shading, no texture, simple geometric shapes, single centred subject, plain pale background, generous margins, minimal detail, absolutely no text, no letters, no words, no numbers, no signage. Scene: A calendar app filling up with colored blocks of appointments."
VRB-146,meet,Verb,,"Flat vector illustration, thick uniform outline, flat colour fills only, no gradients, no shading, no texture, simple geometric shapes, single centred subject, plain pale background, generous margins, minimal detail, absolutely no text, no letters, no words, no numbers, no signage. Scene: Two people shaking hands for the first time, smiling."
VRB-147,greet,Verb,,"Flat vector illustration, thick uniform outline, flat colour fills only, no gradients, no shading, no texture, simple geometric shapes, single centred subject, plain pale background, generous margins, minimal detail, absolutely no text, no letters, no words, no numbers, no signage. Scene: A host at a doorway extending a hand and smiling widely."
VRB-148,invite,Verb,,"Flat vector illustration, thick uniform outline, flat colour fills only, no gradients, no shading, no texture, simple geometric shapes, single centred subject, plain pale background, generous margins, minimal detail, absolutely no text, no letters, no words, no numbers, no signage. Scene: A colorful envelope with ""You're Invited!"" printed on the front."
VRB-149,introduce,Verb,,"Flat vector illustration, thick uniform outline, flat colour fills only, no gradients, no shading, no texture, simple geometric shapes, single centred subject, plain pale background, generous margins, minimal detail, absolutely no text, no letters, no words, no numbers, no signage. Scene: Two people shaking hands as a third gestures between them."
VRB-150,welcome,Verb,,"Flat vector illustration, thick uniform outline, flat colour fills only, no gradients, no shading, no texture, simple geometric shapes, single centred subject, plain pale background, generous margins, minimal detail, absolutely no text, no letters, no words, no numbers, no signage. Scene: An open front door with a glowing ""Welcome"" mat outside."
VRB-151,thank,Verb,,"Flat vector illustration, thick uniform outline, flat colour fills only, no gradients, no shading, no texture, simple geometric shapes, single centred subject, plain pale background, generous margins, minimal detail, absolutely no text, no letters, no words, no numbers, no signage. Scene: A handwritten ""Thank You"" card being handed over with a smile."
VRB-152,congratulate,Verb,,"Flat vector illustration, thick uniform outline, flat colour fills only, no gradients, no shading, no texture, simple geometric shapes, single centred subject, plain pale background, generous margins, minimal detail, absolutely no text, no letters, no words, no numbers, no signage. Scene: Confetti falling as friends clap for someone holding a diploma."
VRB-153,forgive,Verb,,"Flat vector illustration, thick uniform outline, flat colour fills only, no gradients, no shading, no texture, simple geometric shapes, single centred subject, plain pale background, generous margins, minimal detail, absolutely no text, no letters, no words, no numbers, no signage. Scene: Two people hugging after a long, tearful apology."
VRB-154,trust,Verb,,"Flat vector illustration, thick uniform outline, flat colour fills only, no gradients, no shading, no texture, simple geometric shapes, single centred subject, plain pale background, generous margins, minimal detail, absolutely no text, no letters, no words, no numbers, no signage. Scene: Two hands clasped firmly together, steady and unshaking."
VRB-155,love,Verb,,"Flat vector illustration, thick uniform outline, flat colour fills only, no gradients, no shading, no texture, simple geometric shapes, single centred subject, plain pale background, generous margins, minimal detail, absolutely no text, no letters, no words, no numbers, no signage. Scene: Two hands forming a heart shape against a sunset."
VRB-156,like,Verb,,"Flat vector illustration, thick uniform outline, flat colour fills only, no gradients, no shading, no texture, simple geometric shapes, single centred subject, plain pale background, generous margins, minimal detail, absolutely no text, no letters, no words, no numbers, no signage. Scene: A thumbs-up icon glowing beside a smiling face."
VRB-157,hate,Verb,,"Flat vector illustration, thick uniform outline, flat colour fills only, no gradients, no shading, no texture, simple geometric shapes, single centred subject, plain pale background, generous margins, minimal detail, absolutely no text, no letters, no words, no numbers, no signage. Scene: A red ""X"" stamped firmly over an unwanted object."
VRB-158,respect,Verb,,"Flat vector illustration, thick uniform outline, flat colour fills only, no gradients, no shading, no texture, simple geometric shapes, single centred subject, plain pale background, generous margins, minimal detail, absolutely no text, no letters, no words, no numbers, no signage. Scene: A person bowing slightly toward an elder as a sign of regard."
VRB-159,support,Verb,,"Flat vector illustration, thick uniform outline, flat colour fills only, no gradients, no shading, no texture, simple geometric shapes, single centred subject, plain pale background, generous margins, minimal detail, absolutely no text, no letters, no words, no numbers, no signage. Scene: A pair of hands gently holding up a leaning structure."
VRB-160,help,Verb,,"Flat vector illustration, thick uniform outline, flat colour fills only, no gradients, no shading, no texture, simple geometric shapes, single centred subject, plain pale background, generous margins, minimal detail, absolutely no text, no letters, no words, no numbers, no signage. Scene: Two hands reaching toward each other to pull someone up."
VRB-161,share,Verb,,"Flat vector illustration, thick uniform outline, flat colour fills only, no gradients, no shading, no texture, simple geometric shapes, single centred subject, plain pale background, generous margins, minimal detail, absolutely no text, no letters, no words, no numbers, no signage. Scene: Two hands splitting a cookie evenly."
VRB-162,care,Verb,,"Flat vector illustration, thick uniform outline, flat colour fills only, no gradients, no shading, no texture, simple geometric shapes, single centred subject, plain pale background, generous margins, minimal detail, absolutely no text, no letters, no words, no numbers, no signage. Scene: A hand gently resting on someone's shoulder."
VRB-163,comfort,Verb,,"Flat vector illustration, thick uniform outline, flat colour fills only, no gradients, no shading, no texture, simple geometric shapes, single centred subject, plain pale background, generous margins, minimal detail, absolutely no text, no letters, no words, no numbers, no signage. Scene: A warm cup of tea placed into cold hands."
VRB-164,encourage,Verb,,"Flat vector illustration, thick uniform outline, flat colour fills only, no gradients, no shading, no texture, simple geometric shapes, single centred subject, plain pale background, generous margins, minimal detail, absolutely no text, no letters, no words, no numbers, no signage. Scene: A hand giving someone a gentle push forward, smiling."
VRB-165,praise,Verb,,"Flat vector illustration, thick uniform outline, flat colour fills only, no gradients, no shading, no texture, simple geometric shapes, single centred subject, plain pale background, generous margins, minimal detail, absolutely no text, no letters, no words, no numbers, no signage. Scene: A gold star being placed next to someone's name."
VRB-166,blame,Verb,,"Flat vector illustration, thick uniform outline, flat colour fills only, no gradients, no shading, no texture, simple geometric shapes, single centred subject, plain pale background, generous margins, minimal detail, absolutely no text, no letters, no words, no numbers, no signage. Scene: A pointing finger aimed directly at someone."
VRB-167,criticize,Verb,,"Flat vector illustration, thick uniform outline, flat colour fills only, no gradients, no shading, no texture, simple geometric shapes, single centred subject, plain pale background, generous margins, minimal detail, absolutely no text, no letters, no words, no numbers, no signage. Scene: A red pen circling mistakes on a page."
VRB-168,tease,Verb,,"Flat vector illustration, thick uniform outline, flat colour fills only, no gradients, no shading, no texture, simple geometric shapes, single centred subject, plain pale background, generous margins, minimal detail, absolutely no text, no letters, no words, no numbers, no signage. Scene: A friend nudging another's shoulder with a mischievous grin."
VRB-169,reconcile,Verb,,"Flat vector illustration, thick uniform outline, flat colour fills only, no gradients, no shading, no texture, simple geometric shapes, single centred subject, plain pale background, generous margins, minimal detail, absolutely no text, no letters, no words, no numbers, no signage. Scene: Two hands, once pulled apart, slowly reaching toward each other again."
VRB-170,marry,Verb,,"Flat vector illustration, thick uniform outline, flat colour fills only, no gradients, no shading, no texture, simple geometric shapes, single centred subject, plain pale background, generous margins, minimal detail, absolutely no text, no letters, no words, no numbers, no signage. Scene: Two wedding rings being placed side by side."
VRB-171,divorce,Verb,,"Flat vector illustration, thick uniform outline, flat colour fills only, no gradients, no shading, no texture, simple geometric shapes, single centred subject, plain pale background, generous margins, minimal detail, absolutely no text, no letters, no words, no numbers, no signage. Scene: A wedding ring being placed alone on a table."
VRB-172,date,Verb,,"Flat vector illustration, thick uniform outline, flat colour fills only, no gradients, no shading, no texture, simple geometric shapes, single centred subject, plain pale background, generous margins, minimal detail, absolutely no text, no letters, no words, no numbers, no signage. Scene: Two people sharing candlelight across a small table."
VRB-173,flirt,Verb,,"Flat vector illustration, thick uniform outline, flat colour fills only, no gradients, no shading, no texture, simple geometric shapes, single centred subject, plain pale background, generous margins, minimal detail, absolutely no text, no letters, no words, no numbers, no signage. Scene: Two people exchanging a sly smile across a crowded room."
VRB-174,hug,Verb,,"Flat vector illustration, thick uniform outline, flat colour fills only, no gradients, no shading, no texture, simple geometric shapes, single centred subject, plain pale background, generous margins, minimal detail, absolutely no text, no letters, no words, no numbers, no signage. Scene: Two arms wrapped tightly around someone's shoulders."
VRB-175,kiss,Verb,,"Flat vector illustration, thick uniform outline, flat colour fills only, no gradients, no shading, no texture, simple geometric shapes, single centred subject, plain pale background, generous margins, minimal detail, absolutely no text, no letters, no words, no numbers, no signage. Scene: Two silhouettes leaning close together at sunset."
VRB-176,betray,Verb,,"Flat vector illustration, thick uniform outline, flat colour fills only, no gradients, no shading, no texture, simple geometric shapes, single centred subject, plain pale background, generous margins, minimal detail, absolutely no text, no letters, no words, no numbers, no signage. Scene: A hand releasing another hand it was once holding tightly."
VRB-177,gossip,Verb,,"Flat vector illustration, thick uniform outline, flat colour fills only, no gradients, no shading, no texture, simple geometric shapes, single centred subject, plain pale background, generous margins, minimal detail, absolutely no text, no letters, no words, no numbers, no signage. Scene: Two people whispering behind cupped hands."
VRB-178,socialize,Verb,,"Flat vector illustration, thick uniform outline, flat colour fills only, no gradients, no shading, no texture, simple geometric shapes, single centred subject, plain pale background, generous margins, minimal detail, absolutely no text, no letters, no words, no numbers, no signage. Scene: A group of people laughing together at a small gathering."
VRB-179,bond,Verb,,"Flat vector illustration, thick uniform outline, flat colour fills only, no gradients, no shading, no texture, simple geometric shapes, single centred subject, plain pale background, generous margins, minimal detail, absolutely no text, no letters, no words, no numbers, no signage. Scene: Two puzzle pieces clicking perfectly together."
VRB-180,connect,Verb,,"Flat vector illustration, thick uniform outline, flat colour fills only, no gradients, no shading, no texture, simple geometric shapes, single centred subject, plain pale background, generous margins, minimal detail, absolutely no text, no letters, no words, no numbers, no signage. Scene: Two puzzle pieces or plug and socket fitting together perfectly."
VRB-181,become,Verb,,"Flat vector illustration, thick uniform outline, flat colour fills only, no gradients, no shading, no texture, simple geometric shapes, single centred subject, plain pale background, generous margins, minimal detail, absolutely no text, no letters, no words, no numbers, no signage. Scene: A caterpillar slowly transforming into a butterfly."
VRB-182,change,Verb,,"Flat vector illustration, thick uniform outline, flat colour fills only, no gradients, no shading, no texture, simple geometric shapes, single centred subject, plain pale background, generous margins, minimal detail, absolutely no text, no letters, no words, no numbers, no signage. Scene: A caterpillar's cocoon slowly opening into something new."
VRB-183,grow,Verb,,"Flat vector illustration, thick uniform outline, flat colour fills only, no gradients, no shading, no texture, simple geometric shapes, single centred subject, plain pale background, generous margins, minimal detail, absolutely no text, no letters, no words, no numbers, no signage. Scene: A small seedling stretching upward into a tall plant."
VRB-184,develop,Verb,,"Flat vector illustration, thick uniform outline, flat colour fills only, no gradients, no shading, no texture, simple geometric shapes, single centred subject, plain pale background, generous margins, minimal detail, absolutely no text, no letters, no words, no numbers, no signage. Scene: A blueprint slowly transforming into a finished building."
VRB-185,increase,Verb,,"Flat vector illustration, thick uniform outline, flat colour fills only, no gradients, no shading, no texture, simple geometric shapes, single centred subject, plain pale background, generous margins, minimal detail, absolutely no text, no letters, no words, no numbers, no signage. Scene: An arrow on a graph rising steadily upward."
VRB-186,decrease,Verb,,"Flat vector illustration, thick uniform outline, flat colour fills only, no gradients, no shading, no texture, simple geometric shapes, single centred subject, plain pale background, generous margins, minimal detail, absolutely no text, no letters, no words, no numbers, no signage. Scene: An arrow on a graph sloping steadily downward."
VRB-187,improve,Verb,,"Flat vector illustration, thick uniform outline, flat colour fills only, no gradients, no shading, no texture, simple geometric shapes, single centred subject, plain pale background, generous margins, minimal detail, absolutely no text, no letters, no words, no numbers, no signage. Scene: A shaky pencil line transforming into a smooth, confident stroke."
VRB-188,expand,Verb,,"Flat vector illustration, thick uniform outline, flat colour fills only, no gradients, no shading, no texture, simple geometric shapes, single centred subject, plain pale background, generous margins, minimal detail, absolutely no text, no letters, no words, no numbers, no signage. Scene: A balloon slowly stretching bigger as air fills it."
VRB-189,shrink,Verb,,"Flat vector illustration, thick uniform outline, flat colour fills only, no gradients, no shading, no texture, simple geometric shapes, single centred subject, plain pale background, generous margins, minimal detail, absolutely no text, no letters, no words, no numbers, no signage. Scene: A balloon slowly deflating and getting smaller."
VRB-190,transform,Verb,,"Flat vector illustration, thick uniform outline, flat colour fills only, no gradients, no shading, no texture, simple geometric shapes, single centred subject, plain pale background, generous margins, minimal detail, absolutely no text, no letters, no words, no numbers, no signage. Scene: A gray caterpillar bursting into a vividly colored butterfly."
VRB-191,convert,Verb,,"Flat vector illustration, thick uniform outline, flat colour fills only, no gradients, no shading, no texture, simple geometric shapes, single centred subject, plain pale background, generous margins, minimal detail, absolutely no text, no letters, no words, no numbers, no signage. Scene: A caterpillar cocoon or a machine turning raw material into a finished product."
VRB-192,adapt,Verb,,"Flat vector illustration, thick uniform outline, flat colour fills only, no gradients, no shading, no texture, simple geometric shapes, single centred subject, plain pale background, generous margins, minimal detail, absolutely no text, no letters, no words, no numbers, no signage. Scene: A chameleon slowly changing color to match its surroundings."
VRB-193,adjust,Verb,,"Flat vector illustration, thick uniform outline, flat colour fills only, no gradients, no shading, no texture, simple geometric shapes, single centred subject, plain pale background, generous margins, minimal detail, absolutely no text, no letters, no words, no numbers, no signage. Scene: A hand turning a small dial to just the right position."
VRB-194,evolve,Verb,,"Flat vector illustration, thick uniform outline, flat colour fills only, no gradients, no shading, no texture, simple geometric shapes, single centred subject, plain pale background, generous margins, minimal detail, absolutely no text, no letters, no words, no numbers, no signage. Scene: A simple sketch slowly developing into a detailed, refined drawing."
VRB-195,appear,Verb,,"Flat vector illustration, thick uniform outline, flat colour fills only, no gradients, no shading, no texture, simple geometric shapes, single centred subject, plain pale background, generous margins, minimal detail, absolutely no text, no letters, no words, no numbers, no signage. Scene: A figure slowly emerging from a fog or shadow."
VRB-196,disappear,Verb,,"Flat vector illustration, thick uniform outline, flat colour fills only, no gradients, no shading, no texture, simple geometric shapes, single centred subject, plain pale background, generous margins, minimal detail, absolutely no text, no letters, no words, no numbers, no signage. Scene: A puff of smoke where something used to be."
VRB-197,occur,Verb,,"Flat vector illustration, thick uniform outline, flat colour fills only, no gradients, no shading, no texture, simple geometric shapes, single centred subject, plain pale background, generous margins, minimal detail, absolutely no text, no letters, no words, no numbers, no signage. Scene: A sudden ripple appearing on a still pond's surface."
VRB-198,happen,Verb,,"Flat vector illustration, thick uniform outline, flat colour fills only, no gradients, no shading, no texture, simple geometric shapes, single centred subject, plain pale background, generous margins, minimal detail, absolutely no text, no letters, no words, no numbers, no signage. Scene: A domino falling and setting off a chain reaction."
VRB-199,exist,Verb,,"Flat vector illustration, thick uniform outline, flat colour fills only, no gradients, no shading, no texture, simple geometric shapes, single centred subject, plain pale background, generous margins, minimal detail, absolutely no text, no letters, no words, no numbers, no signage. Scene: A single candle flame flickering steadily in the dark, proving it's still there."
VRB-200,remain,Verb,,"Flat vector illustration, thick uniform outline, flat colour fills only, no gradients, no shading, no texture, simple geometric shapes, single centred subject, plain pale background, generous margins, minimal detail, absolutely no text, no letters, no words, no numbers, no signage. Scene: A single tree still standing after a storm has passed."
VRB-201,continue,Verb,,"Flat vector illustration, thick uniform outline, flat colour fills only, no gradients, no shading, no texture, simple geometric shapes, single centred subject, plain pale background, generous margins, minimal detail, absolutely no text, no letters, no words, no numbers, no signage. Scene: A road stretching endlessly toward the horizon."
VRB-202,stop,Verb,,"Flat vector illustration, thick uniform outline, flat colour fills only, no gradients, no shading, no texture, simple geometric shapes, single centred subject, plain pale background, generous margins, minimal detail, absolutely no text, no letters, no words, no numbers, no signage. Scene: A bright red stop sign at a busy intersection."
VRB-203,pause,Verb,,"Flat vector illustration, thick uniform outline, flat colour fills only, no gradients, no shading, no texture, simple geometric shapes, single centred subject, plain pale background, generous margins, minimal detail, absolutely no text, no letters, no words, no numbers, no signage. Scene: A finger hovering over a pause button on a remote control."
VRB-204,resume,Verb,,"Flat vector illustration, thick uniform outline, flat colour fills only, no gradients, no shading, no texture, simple geometric shapes, single centred subject, plain pale background, generous margins, minimal detail, absolutely no text, no letters, no words, no numbers, no signage. Scene: A paused video suddenly playing again from the exact same spot."
VRB-205,repeat,Verb,,"Flat vector illustration, thick uniform outline, flat colour fills only, no gradients, no shading, no texture, simple geometric shapes, single centred subject, plain pale background, generous margins, minimal detail, absolutely no text, no letters, no words, no numbers, no signage. Scene: An echo bouncing back and forth between two mountains."
VRB-206,prevent,Verb,,"Flat vector illustration, thick uniform outline, flat colour fills only, no gradients, no shading, no texture, simple geometric shapes, single centred subject, plain pale background, generous margins, minimal detail, absolutely no text, no letters, no words, no numbers, no signage. Scene: A raised hand blocking a falling object before it hits the ground."
VRB-207,cause,Verb,,"Flat vector illustration, thick uniform outline, flat colour fills only, no gradients, no shading, no texture, simple geometric shapes, single centred subject, plain pale background, generous margins, minimal detail, absolutely no text, no letters, no words, no numbers, no signage. Scene: A single domino tipping over and starting a chain of falling pieces."
VRB-208,affect,Verb,,"Flat vector illustration, thick uniform outline, flat colour fills only, no gradients, no shading, no texture, simple geometric shapes, single centred subject, plain pale background, generous margins, minimal detail, absolutely no text, no letters, no words, no numbers, no signage. Scene: A stone dropped into water, sending ripples outward that touch everything nearby."
VRB-209,influence,Verb,,"Flat vector illustration, thick uniform outline, flat colour fills only, no gradients, no shading, no texture, simple geometric shapes, single centred subject, plain pale background, generous margins, minimal detail, absolutely no text, no letters, no words, no numbers, no signage. Scene: Ripples spreading outward from a single pebble dropped in water."
VRB-210,vary,Verb,,"Flat vector illustration, thick uniform outline, flat colour fills only, no gradients, no shading, no texture, simple geometric shapes, single centred subject, plain pale background, generous margins, minimal detail, absolutely no text, no letters, no words, no numbers, no signage. Scene: A row of paint swatches, each a slightly different shade."
VRB-211,see,Verb,,"Flat vector illustration, thick uniform outline, flat colour fills only, no gradients, no shading, no texture, simple geometric shapes, single centred subject, plain pale background, generous margins, minimal detail, absolutely no text, no letters, no words, no numbers, no signage. Scene: A wide-open eye catching a distant object."
VRB-212,look,Verb,,"Flat vector illustration, thick uniform outline, flat colour fills only, no gradients, no shading, no texture, simple geometric shapes, single centred subject, plain pale background, generous margins, minimal detail, absolutely no text, no letters, no words, no numbers, no signage. Scene: Two eyes turning sharply toward an arrow pointing at an object."
VRB-213,watch,Verb,,"Flat vector illustration, thick uniform outline, flat colour fills only, no gradients, no shading, no texture, simple geometric shapes, single centred subject, plain pale background, generous margins, minimal detail, absolutely no text, no letters, no words, no numbers, no signage. Scene: Eyes glued to a screen showing something in motion."
VRB-214,hear,Verb,,"Flat vector illustration, thick uniform outline, flat colour fills only, no gradients, no shading, no texture, simple geometric shapes, single centred subject, plain pale background, generous margins, minimal detail, absolutely no text, no letters, no words, no numbers, no signage. Scene: Sound waves traveling straight into an open ear."
VRB-215,listen,Verb,,"Flat vector illustration, thick uniform outline, flat colour fills only, no gradients, no shading, no texture, simple geometric shapes, single centred subject, plain pale background, generous margins, minimal detail, absolutely no text, no letters, no words, no numbers, no signage. Scene: A person leaning in with a hand cupped near their ear."
VRB-216,smell,Verb,,"Flat vector illustration, thick uniform outline, flat colour fills only, no gradients, no shading, no texture, simple geometric shapes, single centred subject, plain pale background, generous margins, minimal detail, absolutely no text, no letters, no words, no numbers, no signage. Scene: A nose wrinkling as it catches a scent drifting through the air."
VRB-217,taste,Verb,,"Flat vector illustration, thick uniform outline, flat colour fills only, no gradients, no shading, no texture, simple geometric shapes, single centred subject, plain pale background, generous margins, minimal detail, absolutely no text, no letters, no words, no numbers, no signage. Scene: A tongue sticking out to sample a spoonful of food."
VRB-218,touch,Verb,,"Flat vector illustration, thick uniform outline, flat colour fills only, no gradients, no shading, no texture, simple geometric shapes, single centred subject, plain pale background, generous margins, minimal detail, absolutely no text, no letters, no words, no numbers, no signage. Scene: A fingertip gently pressing onto a smooth surface."
VRB-219,feel,Verb,,"Flat vector illustration, thick uniform outline, flat colour fills only, no gradients, no shading, no texture, simple geometric shapes, single centred subject, plain pale background, generous margins, minimal detail, absolutely no text, no letters, no words, no numbers, no signage. Scene: A hand resting over a heart, or fingers brushing a soft fabric."
VRB-220,notice,Verb,,"Flat vector illustration, thick uniform outline, flat colour fills only, no gradients, no shading, no texture, simple geometric shapes, single centred subject, plain pale background, generous margins, minimal detail, absolutely no text, no letters, no words, no numbers, no signage. Scene: A magnifying glass hovering over a small detail others walked past."
VRB-221,observe,Verb,,"Flat vector illustration, thick uniform outline, flat colour fills only, no gradients, no shading, no texture, simple geometric shapes, single centred subject, plain pale background, generous margins, minimal detail, absolutely no text, no letters, no words, no numbers, no signage. Scene: A researcher peering through a magnifying glass at a chart."
VRB-222,stare,Verb,,"Flat vector illustration, thick uniform outline, flat colour fills only, no gradients, no shading, no texture, simple geometric shapes, single centred subject, plain pale background, generous margins, minimal detail, absolutely no text, no letters, no words, no numbers, no signage. Scene: Wide, unblinking eyes fixed on one spot."
VRB-223,glance,Verb,,"Flat vector illustration, thick uniform outline, flat colour fills only, no gradients, no shading, no texture, simple geometric shapes, single centred subject, plain pale background, generous margins, minimal detail, absolutely no text, no letters, no words, no numbers, no signage. Scene: Eyes flicking briefly toward something, then away again."
VRB-224,peek,Verb,,"Flat vector illustration, thick uniform outline, flat colour fills only, no gradients, no shading, no texture, simple geometric shapes, single centred subject, plain pale background, generous margins, minimal detail, absolutely no text, no letters, no words, no numbers, no signage. Scene: One eye peering through a narrow gap in a door."
VRB-225,sense,Verb,,"Flat vector illustration, thick uniform outline, flat colour fills only, no gradients, no shading, no texture, simple geometric shapes, single centred subject, plain pale background, generous margins, minimal detail, absolutely no text, no letters, no words, no numbers, no signage. Scene: A hand hovering just above the skin, feeling warmth without touching."
VRB-226,perceive,Verb,,"Flat vector illustration, thick uniform outline, flat colour fills only, no gradients, no shading, no texture, simple geometric shapes, single centred subject, plain pale background, generous margins, minimal detail, absolutely no text, no letters, no words, no numbers, no signage. Scene: A pair of tinted glasses shaping how a scene is seen."
VRB-227,glimpse,Verb,,"Flat vector illustration, thick uniform outline, flat colour fills only, no gradients, no shading, no texture, simple geometric shapes, single centred subject, plain pale background, generous margins, minimal detail, absolutely no text, no letters, no words, no numbers, no signage. Scene: A blurry shape flashing past a train window."
VRB-228,spot,Verb,,"Flat vector illustration, thick uniform outline, flat colour fills only, no gradients, no shading, no texture, simple geometric shapes, single centred subject, plain pale background, generous margins, minimal detail, absolutely no text, no letters, no words, no numbers, no signage. Scene: A single highlighted dot standing out in a grid of identical dots."
VRB-229,detect,Verb,,"Flat vector illustration, thick uniform outline, flat colour fills only, no gradients, no shading, no texture, simple geometric shapes, single centred subject, plain pale background, generous margins, minimal detail, absolutely no text, no letters, no words, no numbers, no signage. Scene: A radar screen beeping as it picks up a hidden signal."
VRB-230,examine,Verb,,"Flat vector illustration, thick uniform outline, flat colour fills only, no gradients, no shading, no texture, simple geometric shapes, single centred subject, plain pale background, generous margins, minimal detail, absolutely no text, no letters, no words, no numbers, no signage. Scene: A magnifying glass held over a document, line by line."
VRB-231,make,Verb,,"Flat vector illustration, thick uniform outline, flat colour fills only, no gradients, no shading, no texture, simple geometric shapes, single centred subject, plain pale background, generous margins, minimal detail, absolutely no text, no letters, no words, no numbers, no signage. Scene: A pair of hands shaping clay into a finished object."
VRB-232,build,Verb,,"Flat vector illustration, thick uniform outline, flat colour fills only, no gradients, no shading, no texture, simple geometric shapes, single centred subject, plain pale background, generous margins, minimal detail, absolutely no text, no letters, no words, no numbers, no signage. Scene: A skyscraper rising floor by floor from a construction site."
VRB-233,create,Verb,,"Flat vector illustration, thick uniform outline, flat colour fills only, no gradients, no shading, no texture, simple geometric shapes, single centred subject, plain pale background, generous margins, minimal detail, absolutely no text, no letters, no words, no numbers, no signage. Scene: A blank canvas slowly filling with color under a paintbrush."
VRB-234,design,Verb,,"Flat vector illustration, thick uniform outline, flat colour fills only, no gradients, no shading, no texture, simple geometric shapes, single centred subject, plain pale background, generous margins, minimal detail, absolutely no text, no letters, no words, no numbers, no signage. Scene: A sketchbook filled with careful pencil drawings and measurements."
VRB-235,construct,Verb,,"Flat vector illustration, thick uniform outline, flat colour fills only, no gradients, no shading, no texture, simple geometric shapes, single centred subject, plain pale background, generous margins, minimal detail, absolutely no text, no letters, no words, no numbers, no signage. Scene: Steel beams being carefully assembled into a rising framework."
VRB-236,produce,Verb,,"Flat vector illustration, thick uniform outline, flat colour fills only, no gradients, no shading, no texture, simple geometric shapes, single centred subject, plain pale background, generous margins, minimal detail, absolutely no text, no letters, no words, no numbers, no signage. Scene: A conveyor belt steadily churning out identical finished products."
VRB-237,invent,Verb,,"Flat vector illustration, thick uniform outline, flat colour fills only, no gradients, no shading, no texture, simple geometric shapes, single centred subject, plain pale background, generous margins, minimal detail, absolutely no text, no letters, no words, no numbers, no signage. Scene: A lightbulb glowing above a workbench cluttered with new gadgets."
VRB-238,repair,Verb,,"Flat vector illustration, thick uniform outline, flat colour fills only, no gradients, no shading, no texture, simple geometric shapes, single centred subject, plain pale background, generous margins, minimal detail, absolutely no text, no letters, no words, no numbers, no signage. Scene: A wrench tightening a loose bolt on a machine."
VRB-239,fix,Verb,,"Flat vector illustration, thick uniform outline, flat colour fills only, no gradients, no shading, no texture, simple geometric shapes, single centred subject, plain pale background, generous margins, minimal detail, absolutely no text, no letters, no words, no numbers, no signage. Scene: A screwdriver tightening a loose screw on a wobbly chair."
VRB-240,break,Verb,,"Flat vector illustration, thick uniform outline, flat colour fills only, no gradients, no shading, no texture, simple geometric shapes, single centred subject, plain pale background, generous margins, minimal detail, absolutely no text, no letters, no words, no numbers, no signage. Scene: A glass slipping from a hand and shattering on the floor."
VRB-241,assemble,Verb,,"Flat vector illustration, thick uniform outline, flat colour fills only, no gradients, no shading, no texture, simple geometric shapes, single centred subject, plain pale background, generous margins, minimal detail, absolutely no text, no letters, no words, no numbers, no signage. Scene: Scattered furniture pieces slowly forming a finished bookshelf."
VRB-242,install,Verb,,"Flat vector illustration, thick uniform outline, flat colour fills only, no gradients, no shading, no texture, simple geometric shapes, single centred subject, plain pale background, generous margins, minimal detail, absolutely no text, no letters, no words, no numbers, no signage. Scene: A progress bar filling up as new software loads onto a screen."
VRB-243,remove,Verb,,"Flat vector illustration, thick uniform outline, flat colour fills only, no gradients, no shading, no texture, simple geometric shapes, single centred subject, plain pale background, generous margins, minimal detail, absolutely no text, no letters, no words, no numbers, no signage. Scene: A hand carefully peeling a sticker off a smooth surface."
VRB-244,replace,Verb,,"Flat vector illustration, thick uniform outline, flat colour fills only, no gradients, no shading, no texture, simple geometric shapes, single centred subject, plain pale background, generous margins, minimal detail, absolutely no text, no letters, no words, no numbers, no signage. Scene: An old, worn gear being swapped out for a shiny new one."
VRB-245,operate,Verb,,"Flat vector illustration, thick uniform outline, flat colour fills only, no gradients, no shading, no texture, simple geometric shapes, single centred subject, plain pale background, generous margins, minimal detail, absolutely no text, no letters, no words, no numbers, no signage. Scene: A gloved hand steadily controlling the levers of a large machine."
VRB-246,use,Verb,,"Flat vector illustration, thick uniform outline, flat colour fills only, no gradients, no shading, no texture, simple geometric shapes, single centred subject, plain pale background, generous margins, minimal detail, absolutely no text, no letters, no words, no numbers, no signage. Scene: A hand reaching for the right tool from a well-organized toolbox."
VRB-247,handle,Verb,,"Flat vector illustration, thick uniform outline, flat colour fills only, no gradients, no shading, no texture, simple geometric shapes, single centred subject, plain pale background, generous margins, minimal detail, absolutely no text, no letters, no words, no numbers, no signage. Scene: Two steady hands carefully balancing a stack of fragile plates."
VRB-248,maintain,Verb,,"Flat vector illustration, thick uniform outline, flat colour fills only, no gradients, no shading, no texture, simple geometric shapes, single centred subject, plain pale background, generous margins, minimal detail, absolutely no text, no letters, no words, no numbers, no signage. Scene: A gardener steadily trimming a hedge to keep its exact shape."
VRB-249,upgrade,Verb,,"Flat vector illustration, thick uniform outline, flat colour fills only, no gradients, no shading, no texture, simple geometric shapes, single centred subject, plain pale background, generous margins, minimal detail, absolutely no text, no letters, no words, no numbers, no signage. Scene: An arrow pointing upward from an old device to a shiny new one."
VRB-250,dismantle,Verb,,"Flat vector illustration, thick uniform outline, flat colour fills only, no gradients, no shading, no texture, simple geometric shapes, single centred subject, plain pale background, generous margins, minimal detail, absolutely no text, no letters, no words, no numbers, no signage. Scene: A large structure being carefully taken apart, piece by piece, into a neat pile."
PHR-001,wake up,Phrasal Verb,,"Flat vector illustration, thick uniform outline, flat colour fills only, no gradients, no shading, no texture, simple geometric shapes, single centred subject, plain pale background, generous margins, minimal detail, absolutely no text, no letters, no words, no numbers, no signage. Scene: Eyes slowly opening as sunlight streams through a window."
PHR-002,get up,Phrasal Verb,,"Flat vector illustration, thick uniform outline, flat colour fills only, no gradients, no shading, no texture, simple geometric shapes, single centred subject, plain pale background, generous margins, minimal detail, absolutely no text, no letters, no words, no numbers, no signage. Scene: A blanket being thrown off as feet touch the cold floor."
PHR-003,go to bed,Phrasal Verb,,"Flat vector illustration, thick uniform outline, flat colour fills only, no gradients, no shading, no texture, simple geometric shapes, single centred subject, plain pale background, generous margins, minimal detail, absolutely no text, no letters, no words, no numbers, no signage. Scene: A warm lamp being switched off beside a made bed."
PHR-004,get along,Phrasal Verb,,"Flat vector illustration, thick uniform outline, flat colour fills only, no gradients, no shading, no texture, simple geometric shapes, single centred subject, plain pale background, generous margins, minimal detail, absolutely no text, no letters, no words, no numbers, no signage. Scene: Two people laughing together comfortably on a park bench."
PHR-005,break up,Phrasal Verb,,"Flat vector illustration, thick uniform outline, flat colour fills only, no gradients, no shading, no texture, simple geometric shapes, single centred subject, plain pale background, generous margins, minimal detail, absolutely no text, no letters, no words, no numbers, no signage. Scene: Two hands slowly letting go of each other."
PHR-006,make up,Phrasal Verb,,"Flat vector illustration, thick uniform outline, flat colour fills only, no gradients, no shading, no texture, simple geometric shapes, single centred subject, plain pale background, generous margins, minimal detail, absolutely no text, no letters, no words, no numbers, no signage. Scene: Two puzzle pieces clicking back together after being pulled apart."
PHR-007,fall apart,Phrasal Verb,,"Flat vector illustration, thick uniform outline, flat colour fills only, no gradients, no shading, no texture, simple geometric shapes, single centred subject, plain pale background, generous margins, minimal detail, absolutely no text, no letters, no words, no numbers, no signage. Scene: A tower of blocks collapsing into a scattered pile."
PHR-008,fall in love,Phrasal Verb,,"Flat vector illustration, thick uniform outline, flat colour fills only, no gradients, no shading, no texture, simple geometric shapes, single centred subject, plain pale background, generous margins, minimal detail, absolutely no text, no letters, no words, no numbers, no signage. Scene: Two people locking eyes across a crowded room, the world fading around them."
PHR-009,look after,Phrasal Verb,,"Flat vector illustration, thick uniform outline, flat colour fills only, no gradients, no shading, no texture, simple geometric shapes, single centred subject, plain pale background, generous margins, minimal detail, absolutely no text, no letters, no words, no numbers, no signage. Scene: A gentle hand tucking a blanket around a sleeping child."
PHR-010,take care of,Phrasal Verb,,"Flat vector illustration, thick uniform outline, flat colour fills only, no gradients, no shading, no texture, simple geometric shapes, single centred subject, plain pale background, generous margins, minimal detail, absolutely no text, no letters, no words, no numbers, no signage. Scene: A checklist being calmly ticked off, one item at a time."
PHR-011,grow up,Phrasal Verb,,"Flat vector illustration, thick uniform outline, flat colour fills only, no gradients, no shading, no texture, simple geometric shapes, single centred subject, plain pale background, generous margins, minimal detail, absolutely no text, no letters, no words, no numbers, no signage. Scene: A height chart on a wall with pencil marks rising year after year."
PHR-012,hang out,Phrasal Verb,,"Flat vector illustration, thick uniform outline, flat colour fills only, no gradients, no shading, no texture, simple geometric shapes, single centred subject, plain pale background, generous margins, minimal detail, absolutely no text, no letters, no words, no numbers, no signage. Scene: A group of friends lounging on a park bench with nowhere to rush to."
PHR-013,calm down,Phrasal Verb,,"Flat vector illustration, thick uniform outline, flat colour fills only, no gradients, no shading, no texture, simple geometric shapes, single centred subject, plain pale background, generous margins, minimal detail, absolutely no text, no letters, no words, no numbers, no signage. Scene: A boiling pot slowly taken off the heat until it stops bubbling."
PHR-014,cheer up,Phrasal Verb,,"Flat vector illustration, thick uniform outline, flat colour fills only, no gradients, no shading, no texture, simple geometric shapes, single centred subject, plain pale background, generous margins, minimal detail, absolutely no text, no letters, no words, no numbers, no signage. Scene: A gray cloud slowly turning into sunshine over someone's head."
PHR-015,show up,Phrasal Verb,,"Flat vector illustration, thick uniform outline, flat colour fills only, no gradients, no shading, no texture, simple geometric shapes, single centred subject, plain pale background, generous margins, minimal detail, absolutely no text, no letters, no words, no numbers, no signage. Scene: A silhouette suddenly appearing in a doorway that was empty a moment ago."
PHR-016,turn up,Phrasal Verb,,"Flat vector illustration, thick uniform outline, flat colour fills only, no gradients, no shading, no texture, simple geometric shapes, single centred subject, plain pale background, generous margins, minimal detail, absolutely no text, no letters, no words, no numbers, no signage. Scene: A volume knob being twisted clockwise until the sound grows loud."
PHR-017,drop by,Phrasal Verb,,"Flat vector illustration, thick uniform outline, flat colour fills only, no gradients, no shading, no texture, simple geometric shapes, single centred subject, plain pale background, generous margins, minimal detail, absolutely no text, no letters, no words, no numbers, no signage. Scene: Someone popping their head through a doorway just to say a quick hello."
PHR-018,catch up,Phrasal Verb,,"Flat vector illustration, thick uniform outline, flat colour fills only, no gradients, no shading, no texture, simple geometric shapes, single centred subject, plain pale background, generous margins, minimal detail, absolutely no text, no letters, no words, no numbers, no signage. Scene: A runner sprinting to close the gap with the person ahead."
PHR-019,keep in touch,Phrasal Verb,,"Flat vector illustration, thick uniform outline, flat colour fills only, no gradients, no shading, no texture, simple geometric shapes, single centred subject, plain pale background, generous margins, minimal detail, absolutely no text, no letters, no words, no numbers, no signage. Scene: Two hands reaching toward each other across a long distance, staying just connected."
PHR-020,move in,Phrasal Verb,,"Flat vector illustration, thick uniform outline, flat colour fills only, no gradients, no shading, no texture, simple geometric shapes, single centred subject, plain pale background, generous margins, minimal detail, absolutely no text, no letters, no words, no numbers, no signage. Scene: Cardboard boxes stacked at the door of a brand-new apartment."
PHR-021,move out,Phrasal Verb,,"Flat vector illustration, thick uniform outline, flat colour fills only, no gradients, no shading, no texture, simple geometric shapes, single centred subject, plain pale background, generous margins, minimal detail, absolutely no text, no letters, no words, no numbers, no signage. Scene: A half-empty room with boxes near the door, ready to leave."
PHR-022,settle down,Phrasal Verb,,"Flat vector illustration, thick uniform outline, flat colour fills only, no gradients, no shading, no texture, simple geometric shapes, single centred subject, plain pale background, generous margins, minimal detail, absolutely no text, no letters, no words, no numbers, no signage. Scene: A bird finally landing on a branch and folding its wings to rest."
PHR-023,split up,Phrasal Verb,,"Flat vector illustration, thick uniform outline, flat colour fills only, no gradients, no shading, no texture, simple geometric shapes, single centred subject, plain pale background, generous margins, minimal detail, absolutely no text, no letters, no words, no numbers, no signage. Scene: One arrow splitting into two arrows pointing in different directions."
PHR-024,make out,Phrasal Verb,YES,"Flat vector illustration, thick uniform outline, flat colour fills only, no gradients, no shading, no texture, simple geometric shapes, single centred subject, plain pale background, generous margins, minimal detail, absolutely no text, no letters, no words, no numbers, no signage. Scene: Squinting eyes trying to focus on blurry, distant text."
PHR-025,look forward to,Phrasal Verb,,"Flat vector illustration, thick uniform outline, flat colour fills only, no gradients, no shading, no texture, simple geometric shapes, single centred subject, plain pale background, generous margins, minimal detail, absolutely no text, no letters, no words, no numbers, no signage. Scene: Someone circling a date on a calendar and smiling at it."
PHR-026,count on,Phrasal Verb,,"Flat vector illustration, thick uniform outline, flat colour fills only, no gradients, no shading, no texture, simple geometric shapes, single centred subject, plain pale background, generous margins, minimal detail, absolutely no text, no letters, no words, no numbers, no signage. Scene: Someone leaning their full weight on a sturdy railing that doesn't budge."
PHR-027,rely on,Phrasal Verb,,"Flat vector illustration, thick uniform outline, flat colour fills only, no gradients, no shading, no texture, simple geometric shapes, single centred subject, plain pale background, generous margins, minimal detail, absolutely no text, no letters, no words, no numbers, no signage. Scene: A ladder leaning safely against a strong wall, fully supported."
PHR-028,depend on,Phrasal Verb,,"Flat vector illustration, thick uniform outline, flat colour fills only, no gradients, no shading, no texture, simple geometric shapes, single centred subject, plain pale background, generous margins, minimal detail, absolutely no text, no letters, no words, no numbers, no signage. Scene: A single string holding up a hanging lamp -- everything relies on that one thread."
PHR-029,give up on,Phrasal Verb,,"Flat vector illustration, thick uniform outline, flat colour fills only, no gradients, no shading, no texture, simple geometric shapes, single centred subject, plain pale background, generous margins, minimal detail, absolutely no text, no letters, no words, no numbers, no signage. Scene: A hand almost letting go of a rope, then gripping tighter instead."
PHR-030,get over,Phrasal Verb,,"Flat vector illustration, thick uniform outline, flat colour fills only, no gradients, no shading, no texture, simple geometric shapes, single centred subject, plain pale background, generous margins, minimal detail, absolutely no text, no letters, no words, no numbers, no signage. Scene: A person climbing over a tall fence and looking back at it from the other side."
PHR-031,come around,Phrasal Verb,,"Flat vector illustration, thick uniform outline, flat colour fills only, no gradients, no shading, no texture, simple geometric shapes, single centred subject, plain pale background, generous margins, minimal detail, absolutely no text, no letters, no words, no numbers, no signage. Scene: A stubborn compass needle spinning slowly until it settles on a new direction."
PHR-032,warm up to,Phrasal Verb,,"Flat vector illustration, thick uniform outline, flat colour fills only, no gradients, no shading, no texture, simple geometric shapes, single centred subject, plain pale background, generous margins, minimal detail, absolutely no text, no letters, no words, no numbers, no signage. Scene: A block of ice slowly melting into a puddle of warm water."
PHR-033,hit it off,Phrasal Verb,,"Flat vector illustration, thick uniform outline, flat colour fills only, no gradients, no shading, no texture, simple geometric shapes, single centred subject, plain pale background, generous margins, minimal detail, absolutely no text, no letters, no words, no numbers, no signage. Scene: Two puzzle pieces clicking together perfectly on the first try."
PHR-034,fall out,Phrasal Verb,,"Flat vector illustration, thick uniform outline, flat colour fills only, no gradients, no shading, no texture, simple geometric shapes, single centred subject, plain pale background, generous margins, minimal detail, absolutely no text, no letters, no words, no numbers, no signage. Scene: Two puzzle pieces that used to fit now lying apart on the table."
PHR-035,patch up,Phrasal Verb,,"Flat vector illustration, thick uniform outline, flat colour fills only, no gradients, no shading, no texture, simple geometric shapes, single centred subject, plain pale background, generous margins, minimal detail, absolutely no text, no letters, no words, no numbers, no signage. Scene: A needle and thread sewing two torn edges of fabric back together."
PHR-036,team up,Phrasal Verb,,"Flat vector illustration, thick uniform outline, flat colour fills only, no gradients, no shading, no texture, simple geometric shapes, single centred subject, plain pale background, generous margins, minimal detail, absolutely no text, no letters, no words, no numbers, no signage. Scene: Two gears interlocking and turning smoothly together."
PHR-037,pair up,Phrasal Verb,,"Flat vector illustration, thick uniform outline, flat colour fills only, no gradients, no shading, no texture, simple geometric shapes, single centred subject, plain pale background, generous margins, minimal detail, absolutely no text, no letters, no words, no numbers, no signage. Scene: Shoes lined up neatly, always matched two by two."
PHR-038,look up to,Phrasal Verb,,"Flat vector illustration, thick uniform outline, flat colour fills only, no gradients, no shading, no texture, simple geometric shapes, single centred subject, plain pale background, generous margins, minimal detail, absolutely no text, no letters, no words, no numbers, no signage. Scene: A child gazing upward at a tall statue of someone they admire."
PHR-039,look down on,Phrasal Verb,,"Flat vector illustration, thick uniform outline, flat colour fills only, no gradients, no shading, no texture, simple geometric shapes, single centred subject, plain pale background, generous margins, minimal detail, absolutely no text, no letters, no words, no numbers, no signage. Scene: Someone standing on a tall ladder, sneering down at people on the ground."
PHR-040,bump into,Phrasal Verb,,"Flat vector illustration, thick uniform outline, flat colour fills only, no gradients, no shading, no texture, simple geometric shapes, single centred subject, plain pale background, generous margins, minimal detail, absolutely no text, no letters, no words, no numbers, no signage. Scene: Two shopping carts accidentally colliding in a crowded aisle."
PHR-041,carry out,Phrasal Verb,,"Flat vector illustration, thick uniform outline, flat colour fills only, no gradients, no shading, no texture, simple geometric shapes, single centred subject, plain pale background, generous margins, minimal detail, absolutely no text, no letters, no words, no numbers, no signage. Scene: A checklist with every box ticked off, one by one, until it's complete."
PHR-042,bring up,Phrasal Verb,,"Flat vector illustration, thick uniform outline, flat colour fills only, no gradients, no shading, no texture, simple geometric shapes, single centred subject, plain pale background, generous margins, minimal detail, absolutely no text, no letters, no words, no numbers, no signage. Scene: A small seedling being carefully raised upward until it becomes a strong tree."
PHR-043,bring about,Phrasal Verb,,"Flat vector illustration, thick uniform outline, flat colour fills only, no gradients, no shading, no texture, simple geometric shapes, single centred subject, plain pale background, generous margins, minimal detail, absolutely no text, no letters, no words, no numbers, no signage. Scene: A single domino falling and setting off a long chain reaction."
PHR-044,point out,Phrasal Verb,,"Flat vector illustration, thick uniform outline, flat colour fills only, no gradients, no shading, no texture, simple geometric shapes, single centred subject, plain pale background, generous margins, minimal detail, absolutely no text, no letters, no words, no numbers, no signage. Scene: A finger tapping directly on the exact spot that needs attention."
PHR-045,figure out,Phrasal Verb,,"Flat vector illustration, thick uniform outline, flat colour fills only, no gradients, no shading, no texture, simple geometric shapes, single centred subject, plain pale background, generous margins, minimal detail, absolutely no text, no letters, no words, no numbers, no signage. Scene: Scattered puzzle pieces slowly arranging themselves into a complete picture."
PHR-046,find out,Phrasal Verb,,"Flat vector illustration, thick uniform outline, flat colour fills only, no gradients, no shading, no texture, simple geometric shapes, single centred subject, plain pale background, generous margins, minimal detail, absolutely no text, no letters, no words, no numbers, no signage. Scene: A curtain being pulled back to reveal something hidden underneath."
PHR-047,sort out,Phrasal Verb,,"Flat vector illustration, thick uniform outline, flat colour fills only, no gradients, no shading, no texture, simple geometric shapes, single centred subject, plain pale background, generous margins, minimal detail, absolutely no text, no letters, no words, no numbers, no signage. Scene: A tangled ball of string being slowly untangled into neat, straight lines."
PHR-048,work out,Phrasal Verb,,"Flat vector illustration, thick uniform outline, flat colour fills only, no gradients, no shading, no texture, simple geometric shapes, single centred subject, plain pale background, generous margins, minimal detail, absolutely no text, no letters, no words, no numbers, no signage. Scene: Scattered puzzle pieces slowly falling neatly into their final place."
PHR-049,come up with,Phrasal Verb,,"Flat vector illustration, thick uniform outline, flat colour fills only, no gradients, no shading, no texture, simple geometric shapes, single centred subject, plain pale background, generous margins, minimal detail, absolutely no text, no letters, no words, no numbers, no signage. Scene: A lightbulb suddenly glowing brightly above someone's head."
PHR-050,deal with,Phrasal Verb,,"Flat vector illustration, thick uniform outline, flat colour fills only, no gradients, no shading, no texture, simple geometric shapes, single centred subject, plain pale background, generous margins, minimal detail, absolutely no text, no letters, no words, no numbers, no signage. Scene: Someone calmly untangling a knot instead of panicking over it."
PHR-051,put off,Phrasal Verb,,"Flat vector illustration, thick uniform outline, flat colour fills only, no gradients, no shading, no texture, simple geometric shapes, single centred subject, plain pale background, generous margins, minimal detail, absolutely no text, no letters, no words, no numbers, no signage. Scene: A task sliding further and further down a to-do list, never quite reaching the top."
PHR-052,set up,Phrasal Verb,,"Flat vector illustration, thick uniform outline, flat colour fills only, no gradients, no shading, no texture, simple geometric shapes, single centred subject, plain pale background, generous margins, minimal detail, absolutely no text, no letters, no words, no numbers, no signage. Scene: Tent poles rising one by one until the whole tent stands upright."
PHR-053,take over,Phrasal Verb,,"Flat vector illustration, thick uniform outline, flat colour fills only, no gradients, no shading, no texture, simple geometric shapes, single centred subject, plain pale background, generous margins, minimal detail, absolutely no text, no letters, no words, no numbers, no signage. Scene: One hand smoothly taking the steering wheel from another while driving."
PHR-054,take on,Phrasal Verb,,"Flat vector illustration, thick uniform outline, flat colour fills only, no gradients, no shading, no texture, simple geometric shapes, single centred subject, plain pale background, generous margins, minimal detail, absolutely no text, no letters, no words, no numbers, no signage. Scene: Someone lifting a heavy backpack onto their shoulders, ready to carry it."
PHR-055,hand in,Phrasal Verb,,"Flat vector illustration, thick uniform outline, flat colour fills only, no gradients, no shading, no texture, simple geometric shapes, single centred subject, plain pale background, generous margins, minimal detail, absolutely no text, no letters, no words, no numbers, no signage. Scene: A stack of papers being placed neatly into a teacher's outstretched hand."
PHR-056,hand out,Phrasal Verb,,"Flat vector illustration, thick uniform outline, flat colour fills only, no gradients, no shading, no texture, simple geometric shapes, single centred subject, plain pale background, generous margins, minimal detail, absolutely no text, no letters, no words, no numbers, no signage. Scene: A line of people each receiving a leaflet, one after another, from an outstretched hand."
PHR-057,hand over,Phrasal Verb,,"Flat vector illustration, thick uniform outline, flat colour fills only, no gradients, no shading, no texture, simple geometric shapes, single centred subject, plain pale background, generous margins, minimal detail, absolutely no text, no letters, no words, no numbers, no signage. Scene: A set of keys being placed carefully into someone else's open palm."
PHR-058,follow up,Phrasal Verb,,"Flat vector illustration, thick uniform outline, flat colour fills only, no gradients, no shading, no texture, simple geometric shapes, single centred subject, plain pale background, generous margins, minimal detail, absolutely no text, no letters, no words, no numbers, no signage. Scene: A second knock on a door after the first one went unanswered."
PHR-059,follow through,Phrasal Verb,,"Flat vector illustration, thick uniform outline, flat colour fills only, no gradients, no shading, no texture, simple geometric shapes, single centred subject, plain pale background, generous margins, minimal detail, absolutely no text, no letters, no words, no numbers, no signage. Scene: A golfer's swing continuing smoothly past the ball instead of stopping short."
PHR-060,back up,Phrasal Verb,,"Flat vector illustration, thick uniform outline, flat colour fills only, no gradients, no shading, no texture, simple geometric shapes, single centred subject, plain pale background, generous margins, minimal detail, absolutely no text, no letters, no words, no numbers, no signage. Scene: A second, identical folder sitting safely behind the original, just in case."
PHR-061,break down,Phrasal Verb,,"Flat vector illustration, thick uniform outline, flat colour fills only, no gradients, no shading, no texture, simple geometric shapes, single centred subject, plain pale background, generous margins, minimal detail, absolutely no text, no letters, no words, no numbers, no signage. Scene: A car stopped on the roadside with its hood up, smoke rising."
PHR-062,cut down,Phrasal Verb,,"Flat vector illustration, thick uniform outline, flat colour fills only, no gradients, no shading, no texture, simple geometric shapes, single centred subject, plain pale background, generous margins, minimal detail, absolutely no text, no letters, no words, no numbers, no signage. Scene: A hand pushing a sugar bowl slowly away."
PHR-063,cut off,Phrasal Verb,,"Flat vector illustration, thick uniform outline, flat colour fills only, no gradients, no shading, no texture, simple geometric shapes, single centred subject, plain pale background, generous margins, minimal detail, absolutely no text, no letters, no words, no numbers, no signage. Scene: A pair of scissors snipping a wire in half."
PHR-064,check in,Phrasal Verb,,"Flat vector illustration, thick uniform outline, flat colour fills only, no gradients, no shading, no texture, simple geometric shapes, single centred subject, plain pale background, generous margins, minimal detail, absolutely no text, no letters, no words, no numbers, no signage. Scene: A receptionist handing over a room key at a hotel desk."
PHR-065,check out,Phrasal Verb,,"Flat vector illustration, thick uniform outline, flat colour fills only, no gradients, no shading, no texture, simple geometric shapes, single centred subject, plain pale background, generous margins, minimal detail, absolutely no text, no letters, no words, no numbers, no signage. Scene: A hotel guest wheeling a suitcase past the front desk toward the exit."
PHR-066,call off,Phrasal Verb,,"Flat vector illustration, thick uniform outline, flat colour fills only, no gradients, no shading, no texture, simple geometric shapes, single centred subject, plain pale background, generous margins, minimal detail, absolutely no text, no letters, no words, no numbers, no signage. Scene: A red ""CANCELLED"" stamp pressed over an event poster."
PHR-067,call back,Phrasal Verb,,"Flat vector illustration, thick uniform outline, flat colour fills only, no gradients, no shading, no texture, simple geometric shapes, single centred subject, plain pale background, generous margins, minimal detail, absolutely no text, no letters, no words, no numbers, no signage. Scene: A phone buzzing on a desk with a missed-call notification."
PHR-068,put up with,Phrasal Verb,,"Flat vector illustration, thick uniform outline, flat colour fills only, no gradients, no shading, no texture, simple geometric shapes, single centred subject, plain pale background, generous margins, minimal detail, absolutely no text, no letters, no words, no numbers, no signage. Scene: Someone holding a heavy bag with a strained but calm expression."
PHR-069,run out,Phrasal Verb,,"Flat vector illustration, thick uniform outline, flat colour fills only, no gradients, no shading, no texture, simple geometric shapes, single centred subject, plain pale background, generous margins, minimal detail, absolutely no text, no letters, no words, no numbers, no signage. Scene: An hourglass with the last few grains of sand falling."
PHR-070,run into,Phrasal Verb,,"Flat vector illustration, thick uniform outline, flat colour fills only, no gradients, no shading, no texture, simple geometric shapes, single centred subject, plain pale background, generous margins, minimal detail, absolutely no text, no letters, no words, no numbers, no signage. Scene: Two people bumping shoulders accidentally on a busy street and both smiling in surprise."
PHR-071,get through,Phrasal Verb,,"Flat vector illustration, thick uniform outline, flat colour fills only, no gradients, no shading, no texture, simple geometric shapes, single centred subject, plain pale background, generous margins, minimal detail, absolutely no text, no letters, no words, no numbers, no signage. Scene: A hand finally pushing through a thick curtain into the light."
PHR-072,get across,Phrasal Verb,,"Flat vector illustration, thick uniform outline, flat colour fills only, no gradients, no shading, no texture, simple geometric shapes, single centred subject, plain pale background, generous margins, minimal detail, absolutely no text, no letters, no words, no numbers, no signage. Scene: A message in a bottle successfully reaching the opposite shore."
PHR-073,go through,Phrasal Verb,,"Flat vector illustration, thick uniform outline, flat colour fills only, no gradients, no shading, no texture, simple geometric shapes, single centred subject, plain pale background, generous margins, minimal detail, absolutely no text, no letters, no words, no numbers, no signage. Scene: A person walking through a long, winding tunnel toward a light at the end."
PHR-074,go over,Phrasal Verb,,"Flat vector illustration, thick uniform outline, flat colour fills only, no gradients, no shading, no texture, simple geometric shapes, single centred subject, plain pale background, generous margins, minimal detail, absolutely no text, no letters, no words, no numbers, no signage. Scene: A pen underlining each line of a checklist one by one."
PHR-075,go ahead,Phrasal Verb,,"Flat vector illustration, thick uniform outline, flat colour fills only, no gradients, no shading, no texture, simple geometric shapes, single centred subject, plain pale background, generous margins, minimal detail, absolutely no text, no letters, no words, no numbers, no signage. Scene: A green traffic light signaling cars to move forward."
PHR-076,go on,Phrasal Verb,,"Flat vector illustration, thick uniform outline, flat colour fills only, no gradients, no shading, no texture, simple geometric shapes, single centred subject, plain pale background, generous margins, minimal detail, absolutely no text, no letters, no words, no numbers, no signage. Scene: A conveyor belt that keeps moving steadily without stopping."
PHR-077,keep up,Phrasal Verb,,"Flat vector illustration, thick uniform outline, flat colour fills only, no gradients, no shading, no texture, simple geometric shapes, single centred subject, plain pale background, generous margins, minimal detail, absolutely no text, no letters, no words, no numbers, no signage. Scene: Two runners on a track, one slightly behind but pushing to stay level."
PHR-078,keep on,Phrasal Verb,,"Flat vector illustration, thick uniform outline, flat colour fills only, no gradients, no shading, no texture, simple geometric shapes, single centred subject, plain pale background, generous margins, minimal detail, absolutely no text, no letters, no words, no numbers, no signage. Scene: A wind-up toy that keeps walking forward without stopping."
PHR-079,catch on,Phrasal Verb,,"Flat vector illustration, thick uniform outline, flat colour fills only, no gradients, no shading, no texture, simple geometric shapes, single centred subject, plain pale background, generous margins, minimal detail, absolutely no text, no letters, no words, no numbers, no signage. Scene: A spark jumping from one dry leaf to the next, spreading quickly."
PHR-080,pick up,Phrasal Verb,,"Flat vector illustration, thick uniform outline, flat colour fills only, no gradients, no shading, no texture, simple geometric shapes, single centred subject, plain pale background, generous margins, minimal detail, absolutely no text, no letters, no words, no numbers, no signage. Scene: A hand reaching down and lifting a dropped object off the floor."
PHR-081,put away,Phrasal Verb,,"Flat vector illustration, thick uniform outline, flat colour fills only, no gradients, no shading, no texture, simple geometric shapes, single centred subject, plain pale background, generous margins, minimal detail, absolutely no text, no letters, no words, no numbers, no signage. Scene: A neatly organized shelf with everything in its labeled place."
PHR-082,put back,Phrasal Verb,,"Flat vector illustration, thick uniform outline, flat colour fills only, no gradients, no shading, no texture, simple geometric shapes, single centred subject, plain pale background, generous margins, minimal detail, absolutely no text, no letters, no words, no numbers, no signage. Scene: A hand sliding a book back into its exact spot on a shelf."
PHR-083,put down,Phrasal Verb,,"Flat vector illustration, thick uniform outline, flat colour fills only, no gradients, no shading, no texture, simple geometric shapes, single centred subject, plain pale background, generous margins, minimal detail, absolutely no text, no letters, no words, no numbers, no signage. Scene: A hand gently setting a heavy bag onto a table."
PHR-084,take back,Phrasal Verb,YES,"Flat vector illustration, thick uniform outline, flat colour fills only, no gradients, no shading, no texture, simple geometric shapes, single centred subject, plain pale background, generous margins, minimal detail, absolutely no text, no letters, no words, no numbers, no signage. Scene: A hand pulling a spoken word bubble back into the mouth."
PHR-085,take off,Phrasal Verb,,"Flat vector illustration, thick uniform outline, flat colour fills only, no gradients, no shading, no texture, simple geometric shapes, single centred subject, plain pale background, generous margins, minimal detail, absolutely no text, no letters, no words, no numbers, no signage. Scene: An airplane lifting steeply off a runway into the clouds."
PHR-086,take away,Phrasal Verb,,"Flat vector illustration, thick uniform outline, flat colour fills only, no gradients, no shading, no texture, simple geometric shapes, single centred subject, plain pale background, generous margins, minimal detail, absolutely no text, no letters, no words, no numbers, no signage. Scene: A tray being carried away from an empty table."
PHR-087,throw away,Phrasal Verb,,"Flat vector illustration, thick uniform outline, flat colour fills only, no gradients, no shading, no texture, simple geometric shapes, single centred subject, plain pale background, generous margins, minimal detail, absolutely no text, no letters, no words, no numbers, no signage. Scene: A crumpled piece of paper landing in a wastebasket."
PHR-088,throw out,Phrasal Verb,,"Flat vector illustration, thick uniform outline, flat colour fills only, no gradients, no shading, no texture, simple geometric shapes, single centred subject, plain pale background, generous margins, minimal detail, absolutely no text, no letters, no words, no numbers, no signage. Scene: A bouncer pointing firmly toward the exit door."
PHR-089,give back,Phrasal Verb,,"Flat vector illustration, thick uniform outline, flat colour fills only, no gradients, no shading, no texture, simple geometric shapes, single centred subject, plain pale background, generous margins, minimal detail, absolutely no text, no letters, no words, no numbers, no signage. Scene: A hand returning a borrowed umbrella to its owner at the door."
PHR-090,give away,Phrasal Verb,,"Flat vector illustration, thick uniform outline, flat colour fills only, no gradients, no shading, no texture, simple geometric shapes, single centred subject, plain pale background, generous margins, minimal detail, absolutely no text, no letters, no words, no numbers, no signage. Scene: A hand opening to release a balloon, letting it drift far away."
PHR-091,give in,Phrasal Verb,,"Flat vector illustration, thick uniform outline, flat colour fills only, no gradients, no shading, no texture, simple geometric shapes, single centred subject, plain pale background, generous margins, minimal detail, absolutely no text, no letters, no words, no numbers, no signage. Scene: A rope in a tug-of-war finally being let go by one side."
PHR-092,give out,Phrasal Verb,,"Flat vector illustration, thick uniform outline, flat colour fills only, no gradients, no shading, no texture, simple geometric shapes, single centred subject, plain pale background, generous margins, minimal detail, absolutely no text, no letters, no words, no numbers, no signage. Scene: A row of hands stretching out to receive leaflets from a volunteer."
PHR-093,pass away,Phrasal Verb,,"Flat vector illustration, thick uniform outline, flat colour fills only, no gradients, no shading, no texture, simple geometric shapes, single centred subject, plain pale background, generous margins, minimal detail, absolutely no text, no letters, no words, no numbers, no signage. Scene: A single candle being gently blown out."
PHR-094,pass out,Phrasal Verb,,"Flat vector illustration, thick uniform outline, flat colour fills only, no gradients, no shading, no texture, simple geometric shapes, single centred subject, plain pale background, generous margins, minimal detail, absolutely no text, no letters, no words, no numbers, no signage. Scene: Someone's knees buckling as the room seems to spin."
PHR-095,pass on,Phrasal Verb,,"Flat vector illustration, thick uniform outline, flat colour fills only, no gradients, no shading, no texture, simple geometric shapes, single centred subject, plain pale background, generous margins, minimal detail, absolutely no text, no letters, no words, no numbers, no signage. Scene: A relay baton being handed from one runner to the next."
PHR-096,pay off,Phrasal Verb,,"Flat vector illustration, thick uniform outline, flat colour fills only, no gradients, no shading, no texture, simple geometric shapes, single centred subject, plain pale background, generous margins, minimal detail, absolutely no text, no letters, no words, no numbers, no signage. Scene: A tree finally bearing fruit after being watered for a long time."
PHR-097,pay back,Phrasal Verb,,"Flat vector illustration, thick uniform outline, flat colour fills only, no gradients, no shading, no texture, simple geometric shapes, single centred subject, plain pale background, generous margins, minimal detail, absolutely no text, no letters, no words, no numbers, no signage. Scene: A hand placing coins back into another person's open palm."
PHR-098,turn down,Phrasal Verb,,"Flat vector illustration, thick uniform outline, flat colour fills only, no gradients, no shading, no texture, simple geometric shapes, single centred subject, plain pale background, generous margins, minimal detail, absolutely no text, no letters, no words, no numbers, no signage. Scene: A hand slowly twisting a volume knob to the left."
PHR-099,turn off,Phrasal Verb,,"Flat vector illustration, thick uniform outline, flat colour fills only, no gradients, no shading, no texture, simple geometric shapes, single centred subject, plain pale background, generous margins, minimal detail, absolutely no text, no letters, no words, no numbers, no signage. Scene: A finger flicking a light switch downward into darkness."
PHR-100,turn on,Phrasal Verb,,"Flat vector illustration, thick uniform outline, flat colour fills only, no gradients, no shading, no texture, simple geometric shapes, single centred subject, plain pale background, generous margins, minimal detail, absolutely no text, no letters, no words, no numbers, no signage. Scene: A hand flicking a switch upward as a bulb lights up."
PHR-101,turn into,Phrasal Verb,,"Flat vector illustration, thick uniform outline, flat colour fills only, no gradients, no shading, no texture, simple geometric shapes, single centred subject, plain pale background, generous margins, minimal detail, absolutely no text, no letters, no words, no numbers, no signage. Scene: A caterpillar wrapped in a cocoon, emerging as a butterfly."
PHR-102,turn out,Phrasal Verb,,"Flat vector illustration, thick uniform outline, flat colour fills only, no gradients, no shading, no texture, simple geometric shapes, single centred subject, plain pale background, generous margins, minimal detail, absolutely no text, no letters, no words, no numbers, no signage. Scene: A curtain slowly opening to reveal the final scene."
PHR-103,turn around,Phrasal Verb,,"Flat vector illustration, thick uniform outline, flat colour fills only, no gradients, no shading, no texture, simple geometric shapes, single centred subject, plain pale background, generous margins, minimal detail, absolutely no text, no letters, no words, no numbers, no signage. Scene: A ship slowly rotating to sail in the opposite direction."
PHR-104,wear out,Phrasal Verb,,"Flat vector illustration, thick uniform outline, flat colour fills only, no gradients, no shading, no texture, simple geometric shapes, single centred subject, plain pale background, generous margins, minimal detail, absolutely no text, no letters, no words, no numbers, no signage. Scene: A pair of shoes with holes worn through the soles."
PHR-105,wear off,Phrasal Verb,,"Flat vector illustration, thick uniform outline, flat colour fills only, no gradients, no shading, no texture, simple geometric shapes, single centred subject, plain pale background, generous margins, minimal detail, absolutely no text, no letters, no words, no numbers, no signage. Scene: Bright paint slowly fading and peeling off an old wall."
PHR-106,use up,Phrasal Verb,,"Flat vector illustration, thick uniform outline, flat colour fills only, no gradients, no shading, no texture, simple geometric shapes, single centred subject, plain pale background, generous margins, minimal detail, absolutely no text, no letters, no words, no numbers, no signage. Scene: An empty tube of toothpaste squeezed flat."
PHR-107,come across,Phrasal Verb,,"Flat vector illustration, thick uniform outline, flat colour fills only, no gradients, no shading, no texture, simple geometric shapes, single centred subject, plain pale background, generous margins, minimal detail, absolutely no text, no letters, no words, no numbers, no signage. Scene: A hand brushing dust off a forgotten box to reveal something hidden inside."
PHR-108,come back,Phrasal Verb,,"Flat vector illustration, thick uniform outline, flat colour fills only, no gradients, no shading, no texture, simple geometric shapes, single centred subject, plain pale background, generous margins, minimal detail, absolutely no text, no letters, no words, no numbers, no signage. Scene: A traveler stepping off a plane and being welcomed home with open arms."
PHR-109,come out,Phrasal Verb,,"Flat vector illustration, thick uniform outline, flat colour fills only, no gradients, no shading, no texture, simple geometric shapes, single centred subject, plain pale background, generous margins, minimal detail, absolutely no text, no letters, no words, no numbers, no signage. Scene: The sun breaking through gray clouds after a storm."
PHR-110,come along,Phrasal Verb,,"Flat vector illustration, thick uniform outline, flat colour fills only, no gradients, no shading, no texture, simple geometric shapes, single centred subject, plain pale background, generous margins, minimal detail, absolutely no text, no letters, no words, no numbers, no signage. Scene: A group of friends walking together down a sunny path."
PHR-111,drop off,Phrasal Verb,,"Flat vector illustration, thick uniform outline, flat colour fills only, no gradients, no shading, no texture, simple geometric shapes, single centred subject, plain pale background, generous margins, minimal detail, absolutely no text, no letters, no words, no numbers, no signage. Scene: A car pulling up to a curb and a passenger stepping out with a bag."
PHR-112,pick out,Phrasal Verb,,"Flat vector illustration, thick uniform outline, flat colour fills only, no gradients, no shading, no texture, simple geometric shapes, single centred subject, plain pale background, generous margins, minimal detail, absolutely no text, no letters, no words, no numbers, no signage. Scene: A hand reaching into a row of options and lifting one out."
PHR-113,sort through,Phrasal Verb,,"Flat vector illustration, thick uniform outline, flat colour fills only, no gradients, no shading, no texture, simple geometric shapes, single centred subject, plain pale background, generous margins, minimal detail, absolutely no text, no letters, no words, no numbers, no signage. Scene: Hands flipping through a stack of papers or old photographs."
PHR-114,clean up,Phrasal Verb,,"Flat vector illustration, thick uniform outline, flat colour fills only, no gradients, no shading, no texture, simple geometric shapes, single centred subject, plain pale background, generous margins, minimal detail, absolutely no text, no letters, no words, no numbers, no signage. Scene: A messy room transforming into a spotless one after sweeping and organizing."
PHR-115,tidy up,Phrasal Verb,,"Flat vector illustration, thick uniform outline, flat colour fills only, no gradients, no shading, no texture, simple geometric shapes, single centred subject, plain pale background, generous margins, minimal detail, absolutely no text, no letters, no words, no numbers, no signage. Scene: Scattered books and clothes being neatly stacked and folded."
PHR-116,fill up,Phrasal Verb,,"Flat vector illustration, thick uniform outline, flat colour fills only, no gradients, no shading, no texture, simple geometric shapes, single centred subject, plain pale background, generous margins, minimal detail, absolutely no text, no letters, no words, no numbers, no signage. Scene: A glass of water being poured until it reaches the very top."
PHR-117,fill out,Phrasal Verb,YES,"Flat vector illustration, thick uniform outline, flat colour fills only, no gradients, no shading, no texture, simple geometric shapes, single centred subject, plain pale background, generous margins, minimal detail, absolutely no text, no letters, no words, no numbers, no signage. Scene: A hand writing information into the blank lines of a printed form."
PHR-118,block off,Phrasal Verb,,"Flat vector illustration, thick uniform outline, flat colour fills only, no gradients, no shading, no texture, simple geometric shapes, single centred subject, plain pale background, generous margins, minimal detail, absolutely no text, no letters, no words, no numbers, no signage. Scene: Orange cones and tape stretched across a closed street."
PHR-119,close down,Phrasal Verb,,"Flat vector illustration, thick uniform outline, flat colour fills only, no gradients, no shading, no texture, simple geometric shapes, single centred subject, plain pale background, generous margins, minimal detail, absolutely no text, no letters, no words, no numbers, no signage. Scene: A ""Closed"" sign hanging permanently in a dusty shop window."
PHR-120,shut down,Phrasal Verb,,"Flat vector illustration, thick uniform outline, flat colour fills only, no gradients, no shading, no texture, simple geometric shapes, single centred subject, plain pale background, generous margins, minimal detail, absolutely no text, no letters, no words, no numbers, no signage. Scene: A screen going black as a computer powers off."
PHR-121,break out,Phrasal Verb,,"Flat vector illustration, thick uniform outline, flat colour fills only, no gradients, no shading, no texture, simple geometric shapes, single centred subject, plain pale background, generous margins, minimal detail, absolutely no text, no letters, no words, no numbers, no signage. Scene: Flames suddenly bursting from a small spark."
PHR-122,break into,Phrasal Verb,,"Flat vector illustration, thick uniform outline, flat colour fills only, no gradients, no shading, no texture, simple geometric shapes, single centred subject, plain pale background, generous margins, minimal detail, absolutely no text, no letters, no words, no numbers, no signage. Scene: A broken window with a shadowy figure climbing through it."
PHR-123,break up with,Phrasal Verb,,"Flat vector illustration, thick uniform outline, flat colour fills only, no gradients, no shading, no texture, simple geometric shapes, single centred subject, plain pale background, generous margins, minimal detail, absolutely no text, no letters, no words, no numbers, no signage. Scene: Two hands letting go of each other and walking in opposite directions."
PHR-124,ease off,Phrasal Verb,,"Flat vector illustration, thick uniform outline, flat colour fills only, no gradients, no shading, no texture, simple geometric shapes, single centred subject, plain pale background, generous margins, minimal detail, absolutely no text, no letters, no words, no numbers, no signage. Scene: A tightly gripped hand slowly loosening its grip."
PHR-125,ease up,Phrasal Verb,,"Flat vector illustration, thick uniform outline, flat colour fills only, no gradients, no shading, no texture, simple geometric shapes, single centred subject, plain pale background, generous margins, minimal detail, absolutely no text, no letters, no words, no numbers, no signage. Scene: A clenched fist slowly opening into a relaxed, open hand."
PHR-126,speed up,Phrasal Verb,,"Flat vector illustration, thick uniform outline, flat colour fills only, no gradients, no shading, no texture, simple geometric shapes, single centred subject, plain pale background, generous margins, minimal detail, absolutely no text, no letters, no words, no numbers, no signage. Scene: A speedometer needle climbing quickly to the right."
PHR-127,slow down,Phrasal Verb,,"Flat vector illustration, thick uniform outline, flat colour fills only, no gradients, no shading, no texture, simple geometric shapes, single centred subject, plain pale background, generous margins, minimal detail, absolutely no text, no letters, no words, no numbers, no signage. Scene: A speeding car gradually braking to a gentle stop."
PHR-128,add up,Phrasal Verb,,"Flat vector illustration, thick uniform outline, flat colour fills only, no gradients, no shading, no texture, simple geometric shapes, single centred subject, plain pale background, generous margins, minimal detail, absolutely no text, no letters, no words, no numbers, no signage. Scene: A calculator screen showing numbers stacking into a final total."
PHR-129,add on,Phrasal Verb,,"Flat vector illustration, thick uniform outline, flat colour fills only, no gradients, no shading, no texture, simple geometric shapes, single centred subject, plain pale background, generous margins, minimal detail, absolutely no text, no letters, no words, no numbers, no signage. Scene: A small extra room being built onto the side of a house."
PHR-130,act up,Phrasal Verb,,"Flat vector illustration, thick uniform outline, flat colour fills only, no gradients, no shading, no texture, simple geometric shapes, single centred subject, plain pale background, generous margins, minimal detail, absolutely no text, no letters, no words, no numbers, no signage. Scene: A toy robot suddenly moving erratically and sparking."
PHR-131,act out,Phrasal Verb,YES,"Flat vector illustration, thick uniform outline, flat colour fills only, no gradients, no shading, no texture, simple geometric shapes, single centred subject, plain pale background, generous margins, minimal detail, absolutely no text, no letters, no words, no numbers, no signage. Scene: A child stomping their feet, unable to explain in words how they feel."
PHR-132,blow up,Phrasal Verb,,"Flat vector illustration, thick uniform outline, flat colour fills only, no gradients, no shading, no texture, simple geometric shapes, single centred subject, plain pale background, generous margins, minimal detail, absolutely no text, no letters, no words, no numbers, no signage. Scene: A balloon suddenly popping with a loud bang."
PHR-133,burn out,Phrasal Verb,,"Flat vector illustration, thick uniform outline, flat colour fills only, no gradients, no shading, no texture, simple geometric shapes, single centred subject, plain pale background, generous margins, minimal detail, absolutely no text, no letters, no words, no numbers, no signage. Scene: A candle flame flickering and finally going dark."
PHR-134,burn down,Phrasal Verb,,"Flat vector illustration, thick uniform outline, flat colour fills only, no gradients, no shading, no texture, simple geometric shapes, single centred subject, plain pale background, generous margins, minimal detail, absolutely no text, no letters, no words, no numbers, no signage. Scene: A wooden house collapsing into glowing embers and ash."
PHR-135,dry out,Phrasal Verb,,"Flat vector illustration, thick uniform outline, flat colour fills only, no gradients, no shading, no texture, simple geometric shapes, single centred subject, plain pale background, generous margins, minimal detail, absolutely no text, no letters, no words, no numbers, no signage. Scene: A wet towel on a clothesline slowly turning stiff and dry in the sun."
PHR-136,dry up,Phrasal Verb,,"Flat vector illustration, thick uniform outline, flat colour fills only, no gradients, no shading, no texture, simple geometric shapes, single centred subject, plain pale background, generous margins, minimal detail, absolutely no text, no letters, no words, no numbers, no signage. Scene: A once-flowing riverbed now cracked and completely empty."
PHR-137,freeze up,Phrasal Verb,,"Flat vector illustration, thick uniform outline, flat colour fills only, no gradients, no shading, no texture, simple geometric shapes, single centred subject, plain pale background, generous margins, minimal detail, absolutely no text, no letters, no words, no numbers, no signage. Scene: A person standing perfectly still, wide-eyed, like a statue made of ice."
PHR-138,heat up,Phrasal Verb,,"Flat vector illustration, thick uniform outline, flat colour fills only, no gradients, no shading, no texture, simple geometric shapes, single centred subject, plain pale background, generous margins, minimal detail, absolutely no text, no letters, no words, no numbers, no signage. Scene: A pot on a stove slowly starting to bubble and steam."
PHR-139,cool down,Phrasal Verb,,"Flat vector illustration, thick uniform outline, flat colour fills only, no gradients, no shading, no texture, simple geometric shapes, single centred subject, plain pale background, generous margins, minimal detail, absolutely no text, no letters, no words, no numbers, no signage. Scene: Steam rising from a hot cup of tea, slowly fading as it cools."
PHR-140,chill out,Phrasal Verb,,"Flat vector illustration, thick uniform outline, flat colour fills only, no gradients, no shading, no texture, simple geometric shapes, single centred subject, plain pale background, generous margins, minimal detail, absolutely no text, no letters, no words, no numbers, no signage. Scene: Someone lying back in a hammock with sunglasses on, completely relaxed."
PHR-141,log in,Phrasal Verb,,"Flat vector illustration, thick uniform outline, flat colour fills only, no gradients, no shading, no texture, simple geometric shapes, single centred subject, plain pale background, generous margins, minimal detail, absolutely no text, no letters, no words, no numbers, no signage. Scene: A finger typing a password into a glowing login screen."
PHR-142,log out,Phrasal Verb,,"Flat vector illustration, thick uniform outline, flat colour fills only, no gradients, no shading, no texture, simple geometric shapes, single centred subject, plain pale background, generous margins, minimal detail, absolutely no text, no letters, no words, no numbers, no signage. Scene: A cursor clicking a red ""Log Out"" button on a screen."
PHR-143,sign up,Phrasal Verb,YES,"Flat vector illustration, thick uniform outline, flat colour fills only, no gradients, no shading, no texture, simple geometric shapes, single centred subject, plain pale background, generous margins, minimal detail, absolutely no text, no letters, no words, no numbers, no signage. Scene: A hand writing a name on a clipboard sign-up sheet."
PHR-144,sign in,Phrasal Verb,YES,"Flat vector illustration, thick uniform outline, flat colour fills only, no gradients, no shading, no texture, simple geometric shapes, single centred subject, plain pale background, generous margins, minimal detail, absolutely no text, no letters, no words, no numbers, no signage. Scene: A visitor writing their name and time of arrival on a front-desk clipboard."
PHR-145,sign out,Phrasal Verb,YES,"Flat vector illustration, thick uniform outline, flat colour fills only, no gradients, no shading, no texture, simple geometric shapes, single centred subject, plain pale background, generous margins, minimal detail, absolutely no text, no letters, no words, no numbers, no signage. Scene: A hand writing a name and time next to ""departure"" on a clipboard."
PHR-146,opt out,Phrasal Verb,,"Flat vector illustration, thick uniform outline, flat colour fills only, no gradients, no shading, no texture, simple geometric shapes, single centred subject, plain pale background, generous margins, minimal detail, absolutely no text, no letters, no words, no numbers, no signage. Scene: A checkbox being unchecked to remove oneself from a list."
PHR-147,drop out,Phrasal Verb,,"Flat vector illustration, thick uniform outline, flat colour fills only, no gradients, no shading, no texture, simple geometric shapes, single centred subject, plain pale background, generous margins, minimal detail, absolutely no text, no letters, no words, no numbers, no signage. Scene: A runner stepping off the track mid-race while others continue on."
PHR-148,hold on,Phrasal Verb,,"Flat vector illustration, thick uniform outline, flat colour fills only, no gradients, no shading, no texture, simple geometric shapes, single centred subject, plain pale background, generous margins, minimal detail, absolutely no text, no letters, no words, no numbers, no signage. Scene: A hand gripping tightly onto a rope during a storm."
PHR-149,hold up,Phrasal Verb,,"Flat vector illustration, thick uniform outline, flat colour fills only, no gradients, no shading, no texture, simple geometric shapes, single centred subject, plain pale background, generous margins, minimal detail, absolutely no text, no letters, no words, no numbers, no signage. Scene: A long line of cars stuck behind a stalled truck on the highway."
PHR-150,hold back,Phrasal Verb,,"Flat vector illustration, thick uniform outline, flat colour fills only, no gradients, no shading, no texture, simple geometric shapes, single centred subject, plain pale background, generous margins, minimal detail, absolutely no text, no letters, no words, no numbers, no signage. Scene: A dam straining to hold back a rush of water."
ADJ-001,difficult,Adjective,,"Flat vector illustration, thick uniform outline, flat colour fills only, no gradients, no shading, no texture, simple geometric shapes, single centred subject, plain pale background, generous margins, minimal detail, absolutely no text, no letters, no words, no numbers, no signage. Scene: A steep, rocky mountain trail."
ADJ-002,comfortable,Adjective,,"Flat vector illustration, thick uniform outline, flat colour fills only, no gradients, no shading, no texture, simple geometric shapes, single centred subject, plain pale background, generous margins, minimal detail, absolutely no text, no letters, no words, no numbers, no signage. Scene: Someone sinking into a soft armchair with a blanket."
ADJ-003,dangerous,Adjective,,"Flat vector illustration, thick uniform outline, flat colour fills only, no gradients, no shading, no texture, simple geometric shapes, single centred subject, plain pale background, generous margins, minimal detail, absolutely no text, no letters, no words, no numbers, no signage. Scene: A yellow warning sign with an exclamation mark."
ADJ-004,popular,Adjective,,"Flat vector illustration, thick uniform outline, flat colour fills only, no gradients, no shading, no texture, simple geometric shapes, single centred subject, plain pale background, generous margins, minimal detail, absolutely no text, no letters, no words, no numbers, no signage. Scene: A crowd gathered around one stall at a busy market."
ADJ-005,interesting,Adjective,,"Flat vector illustration, thick uniform outline, flat colour fills only, no gradients, no shading, no texture, simple geometric shapes, single centred subject, plain pale background, generous margins, minimal detail, absolutely no text, no letters, no words, no numbers, no signage. Scene: Someone leaning in closer, eyes wide with curiosity."
ADJ-006,expensive,Adjective,,"Flat vector illustration, thick uniform outline, flat colour fills only, no gradients, no shading, no texture, simple geometric shapes, single centred subject, plain pale background, generous margins, minimal detail, absolutely no text, no letters, no words, no numbers, no signage. Scene: A price tag with a surprisingly high number, and a raised eyebrow."
ADJ-007,important,Adjective,,"Flat vector illustration, thick uniform outline, flat colour fills only, no gradients, no shading, no texture, simple geometric shapes, single centred subject, plain pale background, generous margins, minimal detail, absolutely no text, no letters, no words, no numbers, no signage. Scene: A document stamped with a bold red “URGENT” or star symbol."
ADJ-008,confident,Adjective,,"Flat vector illustration, thick uniform outline, flat colour fills only, no gradients, no shading, no texture, simple geometric shapes, single centred subject, plain pale background, generous margins, minimal detail, absolutely no text, no letters, no words, no numbers, no signage. Scene: Someone walking into a room with their head held high."
ADJ-009,frustrated,Adjective,,"Flat vector illustration, thick uniform outline, flat colour fills only, no gradients, no shading, no texture, simple geometric shapes, single centred subject, plain pale background, generous margins, minimal detail, absolutely no text, no letters, no words, no numbers, no signage. Scene: Someone rubbing their temples in front of a frozen computer screen."
ADJ-010,grateful,Adjective,,"Flat vector illustration, thick uniform outline, flat colour fills only, no gradients, no shading, no texture, simple geometric shapes, single centred subject, plain pale background, generous margins, minimal detail, absolutely no text, no letters, no words, no numbers, no signage. Scene: Two hands folded together in a gesture of thanks."
ADJ-011,anxious,Adjective,,"Flat vector illustration, thick uniform outline, flat colour fills only, no gradients, no shading, no texture, simple geometric shapes, single centred subject, plain pale background, generous margins, minimal detail, absolutely no text, no letters, no words, no numbers, no signage. Scene: Someone biting their nails while watching a clock."
ADJ-012,embarrassed,Adjective,,"Flat vector illustration, thick uniform outline, flat colour fills only, no gradients, no shading, no texture, simple geometric shapes, single centred subject, plain pale background, generous margins, minimal detail, absolutely no text, no letters, no words, no numbers, no signage. Scene: Someone's face turning red, hand covering their eyes."
ADJ-013,nervous,Adjective,,"Flat vector illustration, thick uniform outline, flat colour fills only, no gradients, no shading, no texture, simple geometric shapes, single centred subject, plain pale background, generous margins, minimal detail, absolutely no text, no letters, no words, no numbers, no signage. Scene: Someone's leg bouncing under a table while waiting."
ADJ-014,proud,Adjective,,"Flat vector illustration, thick uniform outline, flat colour fills only, no gradients, no shading, no texture, simple geometric shapes, single centred subject, plain pale background, generous margins, minimal detail, absolutely no text, no letters, no words, no numbers, no signage. Scene: Someone standing tall with a medal around their neck."
ADJ-015,tall,Adjective,,"Flat vector illustration, thick uniform outline, flat colour fills only, no gradients, no shading, no texture, simple geometric shapes, single centred subject, plain pale background, generous margins, minimal detail, absolutely no text, no letters, no words, no numbers, no signage. Scene: A giraffe standing tall above the surrounding trees."
ADJ-016,short,Adjective,,"Flat vector illustration, thick uniform outline, flat colour fills only, no gradients, no shading, no texture, simple geometric shapes, single centred subject, plain pale background, generous margins, minimal detail, absolutely no text, no letters, no words, no numbers, no signage. Scene: A small, stubby pencil next to a much longer, unused one."
ADJ-017,thin,Adjective,,"Flat vector illustration, thick uniform outline, flat colour fills only, no gradients, no shading, no texture, simple geometric shapes, single centred subject, plain pale background, generous margins, minimal detail, absolutely no text, no letters, no words, no numbers, no signage. Scene: A single thin slice of bread compared to a thick loaf."
ADJ-018,fat,Adjective,,"Flat vector illustration, thick uniform outline, flat colour fills only, no gradients, no shading, no texture, simple geometric shapes, single centred subject, plain pale background, generous margins, minimal detail, absolutely no text, no letters, no words, no numbers, no signage. Scene: A round, well-fed cat curled up comfortably on a cushion."
ADJ-019,slim,Adjective,,"Flat vector illustration, thick uniform outline, flat colour fills only, no gradients, no shading, no texture, simple geometric shapes, single centred subject, plain pale background, generous margins, minimal detail, absolutely no text, no letters, no words, no numbers, no signage. Scene: A slender, narrow vase standing elegantly on a shelf."
ADJ-020,chubby,Adjective,,"Flat vector illustration, thick uniform outline, flat colour fills only, no gradients, no shading, no texture, simple geometric shapes, single centred subject, plain pale background, generous margins, minimal detail, absolutely no text, no letters, no words, no numbers, no signage. Scene: A round-cheeked baby giggling with soft, plump little hands."
ADJ-021,heavy,Adjective,,"Flat vector illustration, thick uniform outline, flat colour fills only, no gradients, no shading, no texture, simple geometric shapes, single centred subject, plain pale background, generous margins, minimal detail, absolutely no text, no letters, no words, no numbers, no signage. Scene: A person straining to lift a large, dense box."
ADJ-022,light,Adjective,,"Flat vector illustration, thick uniform outline, flat colour fills only, no gradients, no shading, no texture, simple geometric shapes, single centred subject, plain pale background, generous margins, minimal detail, absolutely no text, no letters, no words, no numbers, no signage. Scene: A feather drifting slowly and effortlessly through the air."
ADJ-023,bright,Adjective,,"Flat vector illustration, thick uniform outline, flat colour fills only, no gradients, no shading, no texture, simple geometric shapes, single centred subject, plain pale background, generous margins, minimal detail, absolutely no text, no letters, no words, no numbers, no signage. Scene: The sun blazing brightly in a clear blue sky."
ADJ-024,dark,Adjective,,"Flat vector illustration, thick uniform outline, flat colour fills only, no gradients, no shading, no texture, simple geometric shapes, single centred subject, plain pale background, generous margins, minimal detail, absolutely no text, no letters, no words, no numbers, no signage. Scene: A quiet street with no streetlights, wrapped in complete darkness."
ADJ-025,shiny,Adjective,,"Flat vector illustration, thick uniform outline, flat colour fills only, no gradients, no shading, no texture, simple geometric shapes, single centred subject, plain pale background, generous margins, minimal detail, absolutely no text, no letters, no words, no numbers, no signage. Scene: Sunlight bouncing off a freshly polished car."
ADJ-026,dull,Adjective,,"Flat vector illustration, thick uniform outline, flat colour fills only, no gradients, no shading, no texture, simple geometric shapes, single centred subject, plain pale background, generous margins, minimal detail, absolutely no text, no letters, no words, no numbers, no signage. Scene: A gray, cloudy sky with no color or light."
ADJ-027,smooth,Adjective,,"Flat vector illustration, thick uniform outline, flat colour fills only, no gradients, no shading, no texture, simple geometric shapes, single centred subject, plain pale background, generous margins, minimal detail, absolutely no text, no letters, no words, no numbers, no signage. Scene: A hand gliding effortlessly across polished marble."
ADJ-028,rough,Adjective,,"Flat vector illustration, thick uniform outline, flat colour fills only, no gradients, no shading, no texture, simple geometric shapes, single centred subject, plain pale background, generous margins, minimal detail, absolutely no text, no letters, no words, no numbers, no signage. Scene: A hand brushing against tree bark or coarse sandpaper."
ADJ-029,sharp,Adjective,,"Flat vector illustration, thick uniform outline, flat colour fills only, no gradients, no shading, no texture, simple geometric shapes, single centred subject, plain pale background, generous margins, minimal detail, absolutely no text, no letters, no words, no numbers, no signage. Scene: The gleaming point of a freshly sharpened pencil."
ADJ-030,blunt,Adjective,,"Flat vector illustration, thick uniform outline, flat colour fills only, no gradients, no shading, no texture, simple geometric shapes, single centred subject, plain pale background, generous margins, minimal detail, absolutely no text, no letters, no words, no numbers, no signage. Scene: A worn-down pencil tip that won't write anymore."
ADJ-031,round,Adjective,,"Flat vector illustration, thick uniform outline, flat colour fills only, no gradients, no shading, no texture, simple geometric shapes, single centred subject, plain pale background, generous margins, minimal detail, absolutely no text, no letters, no words, no numbers, no signage. Scene: A basketball resting perfectly still on the floor."
ADJ-032,square,Adjective,,"Flat vector illustration, thick uniform outline, flat colour fills only, no gradients, no shading, no texture, simple geometric shapes, single centred subject, plain pale background, generous margins, minimal detail, absolutely no text, no letters, no words, no numbers, no signage. Scene: A neatly folded napkin forming a perfect square."
ADJ-033,straight,Adjective,,"Flat vector illustration, thick uniform outline, flat colour fills only, no gradients, no shading, no texture, simple geometric shapes, single centred subject, plain pale background, generous margins, minimal detail, absolutely no text, no letters, no words, no numbers, no signage. Scene: A ruler drawing a perfectly straight line across paper."
ADJ-034,curly,Adjective,,"Flat vector illustration, thick uniform outline, flat colour fills only, no gradients, no shading, no texture, simple geometric shapes, single centred subject, plain pale background, generous margins, minimal detail, absolutely no text, no letters, no words, no numbers, no signage. Scene: A spring-like spiral bouncing gently."
ADJ-035,flat,Adjective,,"Flat vector illustration, thick uniform outline, flat colour fills only, no gradients, no shading, no texture, simple geometric shapes, single centred subject, plain pale background, generous margins, minimal detail, absolutely no text, no letters, no words, no numbers, no signage. Scene: A pancake lying perfectly level on a plate."
ADJ-036,deep,Adjective,,"Flat vector illustration, thick uniform outline, flat colour fills only, no gradients, no shading, no texture, simple geometric shapes, single centred subject, plain pale background, generous margins, minimal detail, absolutely no text, no letters, no words, no numbers, no signage. Scene: Sunlight fading into darkness the further you descend into water."
ADJ-037,shallow,Adjective,,"Flat vector illustration, thick uniform outline, flat colour fills only, no gradients, no shading, no texture, simple geometric shapes, single centred subject, plain pale background, generous margins, minimal detail, absolutely no text, no letters, no words, no numbers, no signage. Scene: A clear pool where you can see the bottom easily through the water."
ADJ-038,wide,Adjective,,"Flat vector illustration, thick uniform outline, flat colour fills only, no gradients, no shading, no texture, simple geometric shapes, single centred subject, plain pale background, generous margins, minimal detail, absolutely no text, no letters, no words, no numbers, no signage. Scene: A river stretching so far across you can barely see the other side."
ADJ-039,narrow,Adjective,,"Flat vector illustration, thick uniform outline, flat colour fills only, no gradients, no shading, no texture, simple geometric shapes, single centred subject, plain pale background, generous margins, minimal detail, absolutely no text, no letters, no words, no numbers, no signage. Scene: A tight alleyway barely wide enough for one person."
ADJ-040,thick,Adjective,,"Flat vector illustration, thick uniform outline, flat colour fills only, no gradients, no shading, no texture, simple geometric shapes, single centred subject, plain pale background, generous margins, minimal detail, absolutely no text, no letters, no words, no numbers, no signage. Scene: A dense, heavy fog swallowing up a street."
ADJ-041,tight,Adjective,,"Flat vector illustration, thick uniform outline, flat colour fills only, no gradients, no shading, no texture, simple geometric shapes, single centred subject, plain pale background, generous margins, minimal detail, absolutely no text, no letters, no words, no numbers, no signage. Scene: A rope pulled so hard it can't stretch any further."
ADJ-042,loose,Adjective,,"Flat vector illustration, thick uniform outline, flat colour fills only, no gradients, no shading, no texture, simple geometric shapes, single centred subject, plain pale background, generous margins, minimal detail, absolutely no text, no letters, no words, no numbers, no signage. Scene: A button hanging by a single thread, about to fall off."
ADJ-043,solid,Adjective,,"Flat vector illustration, thick uniform outline, flat colour fills only, no gradients, no shading, no texture, simple geometric shapes, single centred subject, plain pale background, generous margins, minimal detail, absolutely no text, no letters, no words, no numbers, no signage. Scene: A thick concrete block that doesn't budge no matter how hard you push."
ADJ-044,hollow,Adjective,,"Flat vector illustration, thick uniform outline, flat colour fills only, no gradients, no shading, no texture, simple geometric shapes, single centred subject, plain pale background, generous margins, minimal detail, absolutely no text, no letters, no words, no numbers, no signage. Scene: An empty chocolate egg with nothing but air inside."
ADJ-045,soft,Adjective,,"Flat vector illustration, thick uniform outline, flat colour fills only, no gradients, no shading, no texture, simple geometric shapes, single centred subject, plain pale background, generous margins, minimal detail, absolutely no text, no letters, no words, no numbers, no signage. Scene: Fingers sinking gently into a fluffy pillow."
ADJ-046,hard,Adjective,,"Flat vector illustration, thick uniform outline, flat colour fills only, no gradients, no shading, no texture, simple geometric shapes, single centred subject, plain pale background, generous margins, minimal detail, absolutely no text, no letters, no words, no numbers, no signage. Scene: A fist knocking on solid stone and not making a dent."
ADJ-047,fresh,Adjective,,"Flat vector illustration, thick uniform outline, flat colour fills only, no gradients, no shading, no texture, simple geometric shapes, single centred subject, plain pale background, generous margins, minimal detail, absolutely no text, no letters, no words, no numbers, no signage. Scene: Dew-covered vegetables just picked from the garden."
ADJ-048,stale,Adjective,,"Flat vector illustration, thick uniform outline, flat colour fills only, no gradients, no shading, no texture, simple geometric shapes, single centred subject, plain pale background, generous margins, minimal detail, absolutely no text, no letters, no words, no numbers, no signage. Scene: A piece of bread left out on the counter overnight, gone hard and dry."
ADJ-049,ripe,Adjective,,"Flat vector illustration, thick uniform outline, flat colour fills only, no gradients, no shading, no texture, simple geometric shapes, single centred subject, plain pale background, generous margins, minimal detail, absolutely no text, no letters, no words, no numbers, no signage. Scene: A deep red, plump tomato ready to be picked."
ADJ-050,honest,Adjective,,"Flat vector illustration, thick uniform outline, flat colour fills only, no gradients, no shading, no texture, simple geometric shapes, single centred subject, plain pale background, generous margins, minimal detail, absolutely no text, no letters, no words, no numbers, no signage. Scene: A person looking someone straight in the eye while speaking."
ADJ-051,dishonest,Adjective,,"Flat vector illustration, thick uniform outline, flat colour fills only, no gradients, no shading, no texture, simple geometric shapes, single centred subject, plain pale background, generous margins, minimal detail, absolutely no text, no letters, no words, no numbers, no signage. Scene: Crossed fingers hidden behind someone's back."
ADJ-052,kind,Adjective,,"Flat vector illustration, thick uniform outline, flat colour fills only, no gradients, no shading, no texture, simple geometric shapes, single centred subject, plain pale background, generous margins, minimal detail, absolutely no text, no letters, no words, no numbers, no signage. Scene: Someone offering their umbrella to a stranger in the rain."
ADJ-053,cruel,Adjective,,"Flat vector illustration, thick uniform outline, flat colour fills only, no gradients, no shading, no texture, simple geometric shapes, single centred subject, plain pale background, generous margins, minimal detail, absolutely no text, no letters, no words, no numbers, no signage. Scene: A locked cage with no food or water inside."
ADJ-054,generous,Adjective,,"Flat vector illustration, thick uniform outline, flat colour fills only, no gradients, no shading, no texture, simple geometric shapes, single centred subject, plain pale background, generous margins, minimal detail, absolutely no text, no letters, no words, no numbers, no signage. Scene: An open hand offering a gift to someone else."
ADJ-055,selfish,Adjective,,"Flat vector illustration, thick uniform outline, flat colour fills only, no gradients, no shading, no texture, simple geometric shapes, single centred subject, plain pale background, generous margins, minimal detail, absolutely no text, no letters, no words, no numbers, no signage. Scene: A child hugging all the toys and refusing to share."
ADJ-056,patient,Adjective,,"Flat vector illustration, thick uniform outline, flat colour fills only, no gradients, no shading, no texture, simple geometric shapes, single centred subject, plain pale background, generous margins, minimal detail, absolutely no text, no letters, no words, no numbers, no signage. Scene: Someone sitting calmly while a kettle slowly comes to a boil."
ADJ-057,impatient,Adjective,,"Flat vector illustration, thick uniform outline, flat colour fills only, no gradients, no shading, no texture, simple geometric shapes, single centred subject, plain pale background, generous margins, minimal detail, absolutely no text, no letters, no words, no numbers, no signage. Scene: Someone tapping their foot repeatedly while glancing at a clock."
ADJ-058,polite,Adjective,,"Flat vector illustration, thick uniform outline, flat colour fills only, no gradients, no shading, no texture, simple geometric shapes, single centred subject, plain pale background, generous margins, minimal detail, absolutely no text, no letters, no words, no numbers, no signage. Scene: Someone holding a door open with a warm smile."
ADJ-059,rude,Adjective,,"Flat vector illustration, thick uniform outline, flat colour fills only, no gradients, no shading, no texture, simple geometric shapes, single centred subject, plain pale background, generous margins, minimal detail, absolutely no text, no letters, no words, no numbers, no signage. Scene: Someone cutting in line without even a glance of apology."
ADJ-060,friendly,Adjective,,"Flat vector illustration, thick uniform outline, flat colour fills only, no gradients, no shading, no texture, simple geometric shapes, single centred subject, plain pale background, generous margins, minimal detail, absolutely no text, no letters, no words, no numbers, no signage. Scene: A wide, genuine smile from someone greeting you at the door."
ADJ-061,shy,Adjective,,"Flat vector illustration, thick uniform outline, flat colour fills only, no gradients, no shading, no texture, simple geometric shapes, single centred subject, plain pale background, generous margins, minimal detail, absolutely no text, no letters, no words, no numbers, no signage. Scene: Someone peeking out from behind a door instead of stepping fully into a room."
ADJ-062,brave,Adjective,,"Flat vector illustration, thick uniform outline, flat colour fills only, no gradients, no shading, no texture, simple geometric shapes, single centred subject, plain pale background, generous margins, minimal detail, absolutely no text, no letters, no words, no numbers, no signage. Scene: Someone stepping forward instead of stepping back, despite shaking hands."
ADJ-063,cowardly,Adjective,,"Flat vector illustration, thick uniform outline, flat colour fills only, no gradients, no shading, no texture, simple geometric shapes, single centred subject, plain pale background, generous margins, minimal detail, absolutely no text, no letters, no words, no numbers, no signage. Scene: Someone hiding behind a door instead of standing up for a friend."
ADJ-064,stubborn,Adjective,,"Flat vector illustration, thick uniform outline, flat colour fills only, no gradients, no shading, no texture, simple geometric shapes, single centred subject, plain pale background, generous margins, minimal detail, absolutely no text, no letters, no words, no numbers, no signage. Scene: A mule planted firmly in place, refusing to take another step."
ADJ-065,flexible,Adjective,,"Flat vector illustration, thick uniform outline, flat colour fills only, no gradients, no shading, no texture, simple geometric shapes, single centred subject, plain pale background, generous margins, minimal detail, absolutely no text, no letters, no words, no numbers, no signage. Scene: A rubber band stretching and bouncing back into shape."
ADJ-066,humble,Adjective,,"Flat vector illustration, thick uniform outline, flat colour fills only, no gradients, no shading, no texture, simple geometric shapes, single centred subject, plain pale background, generous margins, minimal detail, absolutely no text, no letters, no words, no numbers, no signage. Scene: Someone quietly stepping back to let others take the spotlight."
ADJ-067,arrogant,Adjective,,"Flat vector illustration, thick uniform outline, flat colour fills only, no gradients, no shading, no texture, simple geometric shapes, single centred subject, plain pale background, generous margins, minimal detail, absolutely no text, no letters, no words, no numbers, no signage. Scene: Someone with their nose tilted up, refusing to make eye contact."
ADJ-068,loyal,Adjective,,"Flat vector illustration, thick uniform outline, flat colour fills only, no gradients, no shading, no texture, simple geometric shapes, single centred subject, plain pale background, generous margins, minimal detail, absolutely no text, no letters, no words, no numbers, no signage. Scene: A dog sitting patiently by the door, waiting for its owner."
ADJ-069,disloyal,Adjective,,"Flat vector illustration, thick uniform outline, flat colour fills only, no gradients, no shading, no texture, simple geometric shapes, single centred subject, plain pale background, generous margins, minimal detail, absolutely no text, no letters, no words, no numbers, no signage. Scene: Someone whispering secrets behind a friend's back."
ADJ-070,careful,Adjective,,"Flat vector illustration, thick uniform outline, flat colour fills only, no gradients, no shading, no texture, simple geometric shapes, single centred subject, plain pale background, generous margins, minimal detail, absolutely no text, no letters, no words, no numbers, no signage. Scene: Someone carrying a full cup of hot tea slowly, without spilling."
ADJ-071,careless,Adjective,,"Flat vector illustration, thick uniform outline, flat colour fills only, no gradients, no shading, no texture, simple geometric shapes, single centred subject, plain pale background, generous margins, minimal detail, absolutely no text, no letters, no words, no numbers, no signage. Scene: A dropped phone with a cracked screen from not paying attention."
ADJ-072,curious,Adjective,,"Flat vector illustration, thick uniform outline, flat colour fills only, no gradients, no shading, no texture, simple geometric shapes, single centred subject, plain pale background, generous margins, minimal detail, absolutely no text, no letters, no words, no numbers, no signage. Scene: A child pressing their face against a window to peer inside."
ADJ-073,lazy,Adjective,,"Flat vector illustration, thick uniform outline, flat colour fills only, no gradients, no shading, no texture, simple geometric shapes, single centred subject, plain pale background, generous margins, minimal detail, absolutely no text, no letters, no words, no numbers, no signage. Scene: Someone lying on the couch, remote in hand, ignoring a pile of laundry."
ADJ-074,hardworking,Adjective,,"Flat vector illustration, thick uniform outline, flat colour fills only, no gradients, no shading, no texture, simple geometric shapes, single centred subject, plain pale background, generous margins, minimal detail, absolutely no text, no letters, no words, no numbers, no signage. Scene: Someone still at their desk with the lights on long after everyone else has left."
ADJ-075,ambitious,Adjective,,"Flat vector illustration, thick uniform outline, flat colour fills only, no gradients, no shading, no texture, simple geometric shapes, single centred subject, plain pale background, generous margins, minimal detail, absolutely no text, no letters, no words, no numbers, no signage. Scene: A person climbing a mountain toward a distant flag at the peak."
ADJ-076,modest,Adjective,,"Flat vector illustration, thick uniform outline, flat colour fills only, no gradients, no shading, no texture, simple geometric shapes, single centred subject, plain pale background, generous margins, minimal detail, absolutely no text, no letters, no words, no numbers, no signage. Scene: Someone quietly stepping back from a spotlight."
ADJ-077,cheerful,Adjective,,"Flat vector illustration, thick uniform outline, flat colour fills only, no gradients, no shading, no texture, simple geometric shapes, single centred subject, plain pale background, generous margins, minimal detail, absolutely no text, no letters, no words, no numbers, no signage. Scene: Sunshine streaming through a window onto a smiling face."
ADJ-078,serious,Adjective,,"Flat vector illustration, thick uniform outline, flat colour fills only, no gradients, no shading, no texture, simple geometric shapes, single centred subject, plain pale background, generous margins, minimal detail, absolutely no text, no letters, no words, no numbers, no signage. Scene: A furrowed brow and a firm, unsmiling expression."
ADJ-079,playful,Adjective,,"Flat vector illustration, thick uniform outline, flat colour fills only, no gradients, no shading, no texture, simple geometric shapes, single centred subject, plain pale background, generous margins, minimal detail, absolutely no text, no letters, no words, no numbers, no signage. Scene: A puppy chasing its own tail in circles."
ADJ-080,calm,Adjective,,"Flat vector illustration, thick uniform outline, flat colour fills only, no gradients, no shading, no texture, simple geometric shapes, single centred subject, plain pale background, generous margins, minimal detail, absolutely no text, no letters, no words, no numbers, no signage. Scene: A completely still lake reflecting a clear sky."
ADJ-081,moody,Adjective,,"Flat vector illustration, thick uniform outline, flat colour fills only, no gradients, no shading, no texture, simple geometric shapes, single centred subject, plain pale background, generous margins, minimal detail, absolutely no text, no letters, no words, no numbers, no signage. Scene: A weather vane spinning quickly between sun and storm clouds."
ADJ-082,reliable,Adjective,,"Flat vector illustration, thick uniform outline, flat colour fills only, no gradients, no shading, no texture, simple geometric shapes, single centred subject, plain pale background, generous margins, minimal detail, absolutely no text, no letters, no words, no numbers, no signage. Scene: A sturdy bridge that never wobbles, no matter how many times you cross it."
ADJ-083,unreliable,Adjective,,"Flat vector illustration, thick uniform outline, flat colour fills only, no gradients, no shading, no texture, simple geometric shapes, single centred subject, plain pale background, generous margins, minimal detail, absolutely no text, no letters, no words, no numbers, no signage. Scene: A wobbly ladder that might collapse under your weight."
ADJ-084,wise,Adjective,,"Flat vector illustration, thick uniform outline, flat colour fills only, no gradients, no shading, no texture, simple geometric shapes, single centred subject, plain pale background, generous margins, minimal detail, absolutely no text, no letters, no words, no numbers, no signage. Scene: An elderly figure with kind eyes, nodding slowly in thought."
ADJ-085,happy,Adjective,,"Flat vector illustration, thick uniform outline, flat colour fills only, no gradients, no shading, no texture, simple geometric shapes, single centred subject, plain pale background, generous margins, minimal detail, absolutely no text, no letters, no words, no numbers, no signage. Scene: A wide, genuine smile with bright, sparkling eyes."
ADJ-086,sad,Adjective,,"Flat vector illustration, thick uniform outline, flat colour fills only, no gradients, no shading, no texture, simple geometric shapes, single centred subject, plain pale background, generous margins, minimal detail, absolutely no text, no letters, no words, no numbers, no signage. Scene: A single tear rolling down a lowered face."
ADJ-087,angry,Adjective,,"Flat vector illustration, thick uniform outline, flat colour fills only, no gradients, no shading, no texture, simple geometric shapes, single centred subject, plain pale background, generous margins, minimal detail, absolutely no text, no letters, no words, no numbers, no signage. Scene: Steam rising from a boiling kettle."
ADJ-088,excited,Adjective,,"Flat vector illustration, thick uniform outline, flat colour fills only, no gradients, no shading, no texture, simple geometric shapes, single centred subject, plain pale background, generous margins, minimal detail, absolutely no text, no letters, no words, no numbers, no signage. Scene: A child bouncing on their toes, eyes wide, waiting to open a gift."
ADJ-089,bored,Adjective,,"Flat vector illustration, thick uniform outline, flat colour fills only, no gradients, no shading, no texture, simple geometric shapes, single centred subject, plain pale background, generous margins, minimal detail, absolutely no text, no letters, no words, no numbers, no signage. Scene: A clock's hands barely moving while someone stares blankly at the wall."
ADJ-090,scared,Adjective,,"Flat vector illustration, thick uniform outline, flat colour fills only, no gradients, no shading, no texture, simple geometric shapes, single centred subject, plain pale background, generous margins, minimal detail, absolutely no text, no letters, no words, no numbers, no signage. Scene: Wide eyes and a racing heartbeat in a dark room."
ADJ-091,worried,Adjective,,"Flat vector illustration, thick uniform outline, flat colour fills only, no gradients, no shading, no texture, simple geometric shapes, single centred subject, plain pale background, generous margins, minimal detail, absolutely no text, no letters, no words, no numbers, no signage. Scene: Someone pacing back and forth, checking their phone every few seconds."
ADJ-092,relaxed,Adjective,,"Flat vector illustration, thick uniform outline, flat colour fills only, no gradients, no shading, no texture, simple geometric shapes, single centred subject, plain pale background, generous margins, minimal detail, absolutely no text, no letters, no words, no numbers, no signage. Scene: Someone lying in a hammock with their eyes closed, completely at peace."
ADJ-093,jealous,Adjective,,"Flat vector illustration, thick uniform outline, flat colour fills only, no gradients, no shading, no texture, simple geometric shapes, single centred subject, plain pale background, generous margins, minimal detail, absolutely no text, no letters, no words, no numbers, no signage. Scene: A green-tinted glare aimed at someone else's shiny new possession."
ADJ-094,lonely,Adjective,,"Flat vector illustration, thick uniform outline, flat colour fills only, no gradients, no shading, no texture, simple geometric shapes, single centred subject, plain pale background, generous margins, minimal detail, absolutely no text, no letters, no words, no numbers, no signage. Scene: A single empty chair at a long dinner table."
ADJ-095,surprised,Adjective,,"Flat vector illustration, thick uniform outline, flat colour fills only, no gradients, no shading, no texture, simple geometric shapes, single centred subject, plain pale background, generous margins, minimal detail, absolutely no text, no letters, no words, no numbers, no signage. Scene: Wide eyes and raised eyebrows, mouth slightly open."
ADJ-096,confused,Adjective,,"Flat vector illustration, thick uniform outline, flat colour fills only, no gradients, no shading, no texture, simple geometric shapes, single centred subject, plain pale background, generous margins, minimal detail, absolutely no text, no letters, no words, no numbers, no signage. Scene: A tangled ball of string with no visible end."
ADJ-097,disappointed,Adjective,,"Flat vector illustration, thick uniform outline, flat colour fills only, no gradients, no shading, no texture, simple geometric shapes, single centred subject, plain pale background, generous margins, minimal detail, absolutely no text, no letters, no words, no numbers, no signage. Scene: A deflated balloon slowly sinking to the floor."
ADJ-098,satisfied,Adjective,,"Flat vector illustration, thick uniform outline, flat colour fills only, no gradients, no shading, no texture, simple geometric shapes, single centred subject, plain pale background, generous margins, minimal detail, absolutely no text, no letters, no words, no numbers, no signage. Scene: Someone leaning back after a good meal, hands folded, smiling gently."
ADJ-099,content,Adjective,,"Flat vector illustration, thick uniform outline, flat colour fills only, no gradients, no shading, no texture, simple geometric shapes, single centred subject, plain pale background, generous margins, minimal detail, absolutely no text, no letters, no words, no numbers, no signage. Scene: Someone sitting peacefully by a window, watching the rain with a small smile."
ADJ-100,hopeful,Adjective,,"Flat vector illustration, thick uniform outline, flat colour fills only, no gradients, no shading, no texture, simple geometric shapes, single centred subject, plain pale background, generous margins, minimal detail, absolutely no text, no letters, no words, no numbers, no signage. Scene: The first light of sunrise breaking over dark clouds."
ADJ-101,hopeless,Adjective,,"Flat vector illustration, thick uniform outline, flat colour fills only, no gradients, no shading, no texture, simple geometric shapes, single centred subject, plain pale background, generous margins, minimal detail, absolutely no text, no letters, no words, no numbers, no signage. Scene: A single candle flickering out in total darkness."
ADJ-102,ashamed,Adjective,,"Flat vector illustration, thick uniform outline, flat colour fills only, no gradients, no shading, no texture, simple geometric shapes, single centred subject, plain pale background, generous margins, minimal detail, absolutely no text, no letters, no words, no numbers, no signage. Scene: Someone lowering their head, unable to make eye contact."
ADJ-103,guilty,Adjective,,"Flat vector illustration, thick uniform outline, flat colour fills only, no gradients, no shading, no texture, simple geometric shapes, single centred subject, plain pale background, generous margins, minimal detail, absolutely no text, no letters, no words, no numbers, no signage. Scene: A small dark cloud following someone around all day."
ADJ-104,relieved,Adjective,,"Flat vector illustration, thick uniform outline, flat colour fills only, no gradients, no shading, no texture, simple geometric shapes, single centred subject, plain pale background, generous margins, minimal detail, absolutely no text, no letters, no words, no numbers, no signage. Scene: A tightly held breath finally let out in a long exhale."
ADJ-105,upset,Adjective,,"Flat vector illustration, thick uniform outline, flat colour fills only, no gradients, no shading, no texture, simple geometric shapes, single centred subject, plain pale background, generous margins, minimal detail, absolutely no text, no letters, no words, no numbers, no signage. Scene: A cup knocked over, its contents spilling everywhere."
ADJ-106,annoyed,Adjective,,"Flat vector illustration, thick uniform outline, flat colour fills only, no gradients, no shading, no texture, simple geometric shapes, single centred subject, plain pale background, generous margins, minimal detail, absolutely no text, no letters, no words, no numbers, no signage. Scene: A buzzing fly that won't stop circling your head."
ADJ-107,terrified,Adjective,,"Flat vector illustration, thick uniform outline, flat colour fills only, no gradients, no shading, no texture, simple geometric shapes, single centred subject, plain pale background, generous margins, minimal detail, absolutely no text, no letters, no words, no numbers, no signage. Scene: Someone frozen in place, unable to move, eyes wide with dread."
ADJ-108,delighted,Adjective,,"Flat vector illustration, thick uniform outline, flat colour fills only, no gradients, no shading, no texture, simple geometric shapes, single centred subject, plain pale background, generous margins, minimal detail, absolutely no text, no letters, no words, no numbers, no signage. Scene: A gift box opening to reveal exactly what someone hoped for."
ADJ-109,thrilled,Adjective,,"Flat vector illustration, thick uniform outline, flat colour fills only, no gradients, no shading, no texture, simple geometric shapes, single centred subject, plain pale background, generous margins, minimal detail, absolutely no text, no letters, no words, no numbers, no signage. Scene: Confetti bursting into the air at the exact moment of good news."
ADJ-110,miserable,Adjective,,"Flat vector illustration, thick uniform outline, flat colour fills only, no gradients, no shading, no texture, simple geometric shapes, single centred subject, plain pale background, generous margins, minimal detail, absolutely no text, no letters, no words, no numbers, no signage. Scene: Someone huddled under a gray sky, soaked by cold rain."
ADJ-111,homesick,Adjective,,"Flat vector illustration, thick uniform outline, flat colour fills only, no gradients, no shading, no texture, simple geometric shapes, single centred subject, plain pale background, generous margins, minimal detail, absolutely no text, no letters, no words, no numbers, no signage. Scene: A worn photograph of a family home, kept close during a long trip."
ADJ-112,heartbroken,Adjective,,"Flat vector illustration, thick uniform outline, flat colour fills only, no gradients, no shading, no texture, simple geometric shapes, single centred subject, plain pale background, generous margins, minimal detail, absolutely no text, no letters, no words, no numbers, no signage. Scene: A cracked heart-shaped locket, still holding an old photo."
ADJ-113,overwhelmed,Adjective,,"Flat vector illustration, thick uniform outline, flat colour fills only, no gradients, no shading, no texture, simple geometric shapes, single centred subject, plain pale background, generous margins, minimal detail, absolutely no text, no letters, no words, no numbers, no signage. Scene: A desk piled so high with papers that the person behind it disappears."
ADJ-114,insecure,Adjective,,"Flat vector illustration, thick uniform outline, flat colour fills only, no gradients, no shading, no texture, simple geometric shapes, single centred subject, plain pale background, generous margins, minimal detail, absolutely no text, no letters, no words, no numbers, no signage. Scene: Someone standing in front of a cracked mirror, unsure of their own reflection."
ADJ-115,easy,Adjective,,"Flat vector illustration, thick uniform outline, flat colour fills only, no gradients, no shading, no texture, simple geometric shapes, single centred subject, plain pale background, generous margins, minimal detail, absolutely no text, no letters, no words, no numbers, no signage. Scene: A smooth, flat road with no obstacles in sight."
ADJ-116,simple,Adjective,,"Flat vector illustration, thick uniform outline, flat colour fills only, no gradients, no shading, no texture, simple geometric shapes, single centred subject, plain pale background, generous margins, minimal detail, absolutely no text, no letters, no words, no numbers, no signage. Scene: A single clean line drawn across a blank white page."
ADJ-117,complex,Adjective,,"Flat vector illustration, thick uniform outline, flat colour fills only, no gradients, no shading, no texture, simple geometric shapes, single centred subject, plain pale background, generous margins, minimal detail, absolutely no text, no letters, no words, no numbers, no signage. Scene: An intricate spider's web with hundreds of interconnected threads."
ADJ-118,complicated,Adjective,,"Flat vector illustration, thick uniform outline, flat colour fills only, no gradients, no shading, no texture, simple geometric shapes, single centred subject, plain pale background, generous margins, minimal detail, absolutely no text, no letters, no words, no numbers, no signage. Scene: A knot of tangled wires impossible to trace from end to end."
ADJ-119,useful,Adjective,,"Flat vector illustration, thick uniform outline, flat colour fills only, no gradients, no shading, no texture, simple geometric shapes, single centred subject, plain pale background, generous margins, minimal detail, absolutely no text, no letters, no words, no numbers, no signage. Scene: A well-worn toolbox, every tool exactly where it's needed."
ADJ-120,useless,Adjective,,"Flat vector illustration, thick uniform outline, flat colour fills only, no gradients, no shading, no texture, simple geometric shapes, single centred subject, plain pale background, generous margins, minimal detail, absolutely no text, no letters, no words, no numbers, no signage. Scene: A key that no longer fits any lock in the house."
ADJ-121,valuable,Adjective,,"Flat vector illustration, thick uniform outline, flat colour fills only, no gradients, no shading, no texture, simple geometric shapes, single centred subject, plain pale background, generous margins, minimal detail, absolutely no text, no letters, no words, no numbers, no signage. Scene: A locked glass case protecting a rare, glittering gem."
ADJ-122,worthless,Adjective,,"Flat vector illustration, thick uniform outline, flat colour fills only, no gradients, no shading, no texture, simple geometric shapes, single centred subject, plain pale background, generous margins, minimal detail, absolutely no text, no letters, no words, no numbers, no signage. Scene: A pile of old, faded banknotes from a currency no longer in use."
ADJ-123,boring,Adjective,,"Flat vector illustration, thick uniform outline, flat colour fills only, no gradients, no shading, no texture, simple geometric shapes, single centred subject, plain pale background, generous margins, minimal detail, absolutely no text, no letters, no words, no numbers, no signage. Scene: A clock's second hand barely seeming to move."
ADJ-124,exciting,Adjective,,"Flat vector illustration, thick uniform outline, flat colour fills only, no gradients, no shading, no texture, simple geometric shapes, single centred subject, plain pale background, generous margins, minimal detail, absolutely no text, no letters, no words, no numbers, no signage. Scene: Fireworks bursting brightly against a night sky."
ADJ-125,impressive,Adjective,,"Flat vector illustration, thick uniform outline, flat colour fills only, no gradients, no shading, no texture, simple geometric shapes, single centred subject, plain pale background, generous margins, minimal detail, absolutely no text, no letters, no words, no numbers, no signage. Scene: A crowd gasping and applauding after a spectacular performance."
ADJ-126,disappointing,Adjective,,"Flat vector illustration, thick uniform outline, flat colour fills only, no gradients, no shading, no texture, simple geometric shapes, single centred subject, plain pale background, generous margins, minimal detail, absolutely no text, no letters, no words, no numbers, no signage. Scene: A deflated balloon left over after a party."
ADJ-127,excellent,Adjective,,"Flat vector illustration, thick uniform outline, flat colour fills only, no gradients, no shading, no texture, simple geometric shapes, single centred subject, plain pale background, generous margins, minimal detail, absolutely no text, no letters, no words, no numbers, no signage. Scene: A gold star stamped on a perfect test paper."
ADJ-128,terrible,Adjective,,"Flat vector illustration, thick uniform outline, flat colour fills only, no gradients, no shading, no texture, simple geometric shapes, single centred subject, plain pale background, generous margins, minimal detail, absolutely no text, no letters, no words, no numbers, no signage. Scene: Dark storm clouds rolling in over a ruined picnic."
ADJ-129,wonderful,Adjective,,"Flat vector illustration, thick uniform outline, flat colour fills only, no gradients, no shading, no texture, simple geometric shapes, single centred subject, plain pale background, generous margins, minimal detail, absolutely no text, no letters, no words, no numbers, no signage. Scene: Sunlight breaking through clouds over a beautiful landscape."
ADJ-130,awful,Adjective,,"Flat vector illustration, thick uniform outline, flat colour fills only, no gradients, no shading, no texture, simple geometric shapes, single centred subject, plain pale background, generous margins, minimal detail, absolutely no text, no letters, no words, no numbers, no signage. Scene: A wrinkled nose reacting to a bad smell."
ADJ-131,perfect,Adjective,,"Flat vector illustration, thick uniform outline, flat colour fills only, no gradients, no shading, no texture, simple geometric shapes, single centred subject, plain pale background, generous margins, minimal detail, absolutely no text, no letters, no words, no numbers, no signage. Scene: A puzzle with every piece clicking exactly into place."
ADJ-132,flawed,Adjective,,"Flat vector illustration, thick uniform outline, flat colour fills only, no gradients, no shading, no texture, simple geometric shapes, single centred subject, plain pale background, generous margins, minimal detail, absolutely no text, no letters, no words, no numbers, no signage. Scene: A crack running across a glass vase."
ADJ-133,effective,Adjective,,"Flat vector illustration, thick uniform outline, flat colour fills only, no gradients, no shading, no texture, simple geometric shapes, single centred subject, plain pale background, generous margins, minimal detail, absolutely no text, no letters, no words, no numbers, no signage. Scene: An arrow hitting the exact center of a target."
ADJ-134,ineffective,Adjective,,"Flat vector illustration, thick uniform outline, flat colour fills only, no gradients, no shading, no texture, simple geometric shapes, single centred subject, plain pale background, generous margins, minimal detail, absolutely no text, no letters, no words, no numbers, no signage. Scene: A hammer bouncing off a nail without driving it in."
ADJ-135,efficient,Adjective,,"Flat vector illustration, thick uniform outline, flat colour fills only, no gradients, no shading, no texture, simple geometric shapes, single centred subject, plain pale background, generous margins, minimal detail, absolutely no text, no letters, no words, no numbers, no signage. Scene: A well-oiled machine running smoothly with no wasted movement."
ADJ-136,outstanding,Adjective,,"Flat vector illustration, thick uniform outline, flat colour fills only, no gradients, no shading, no texture, simple geometric shapes, single centred subject, plain pale background, generous margins, minimal detail, absolutely no text, no letters, no words, no numbers, no signage. Scene: A single tall tree rising above a whole forest."
ADJ-137,affordable,Adjective,,"Flat vector illustration, thick uniform outline, flat colour fills only, no gradients, no shading, no texture, simple geometric shapes, single centred subject, plain pale background, generous margins, minimal detail, absolutely no text, no letters, no words, no numbers, no signage. Scene: A price tag with a friendly, easy-to-manage number on it."
ADJ-138,cheap,Adjective,,"Flat vector illustration, thick uniform outline, flat colour fills only, no gradients, no shading, no texture, simple geometric shapes, single centred subject, plain pale background, generous margins, minimal detail, absolutely no text, no letters, no words, no numbers, no signage. Scene: A bright red ""SALE"" sticker slapped on a discounted item."
ADJ-139,luxurious,Adjective,,"Flat vector illustration, thick uniform outline, flat colour fills only, no gradients, no shading, no texture, simple geometric shapes, single centred subject, plain pale background, generous margins, minimal detail, absolutely no text, no letters, no words, no numbers, no signage. Scene: A plush velvet armchair beside a crackling fireplace."
ADJ-140,essential,Adjective,,"Flat vector illustration, thick uniform outline, flat colour fills only, no gradients, no shading, no texture, simple geometric shapes, single centred subject, plain pale background, generous margins, minimal detail, absolutely no text, no letters, no words, no numbers, no signage. Scene: A small emergency kit with only the must-have items inside."
ADJ-141,optional,Adjective,YES,"Flat vector illustration, thick uniform outline, flat colour fills only, no gradients, no shading, no texture, simple geometric shapes, single centred subject, plain pale background, generous margins, minimal detail, absolutely no text, no letters, no words, no numbers, no signage. Scene: A checkbox on a form left unchecked and free to skip."
ADJ-142,necessary,Adjective,,"Flat vector illustration, thick uniform outline, flat colour fills only, no gradients, no shading, no texture, simple geometric shapes, single centred subject, plain pale background, generous margins, minimal detail, absolutely no text, no letters, no words, no numbers, no signage. Scene: A checklist with only the must-do items circled."
ADJ-143,unnecessary,Adjective,,"Flat vector illustration, thick uniform outline, flat colour fills only, no gradients, no shading, no texture, simple geometric shapes, single centred subject, plain pale background, generous margins, minimal detail, absolutely no text, no letters, no words, no numbers, no signage. Scene: A crossed-out item on a shopping list."
ADJ-144,urgent,Adjective,,"Flat vector illustration, thick uniform outline, flat colour fills only, no gradients, no shading, no texture, simple geometric shapes, single centred subject, plain pale background, generous margins, minimal detail, absolutely no text, no letters, no words, no numbers, no signage. Scene: A flashing red alert light demanding immediate attention."
ADJ-145,remarkable,Adjective,YES,"Flat vector illustration, thick uniform outline, flat colour fills only, no gradients, no shading, no texture, simple geometric shapes, single centred subject, plain pale background, generous margins, minimal detail, absolutely no text, no letters, no words, no numbers, no signage. Scene: A newspaper headline with the word ""AMAZING"" in bold letters."
ADJ-146,ordinary,Adjective,,"Flat vector illustration, thick uniform outline, flat colour fills only, no gradients, no shading, no texture, simple geometric shapes, single centred subject, plain pale background, generous margins, minimal detail, absolutely no text, no letters, no words, no numbers, no signage. Scene: A plain gray box sitting among colorful, decorated ones."
ADJ-147,unique,Adjective,,"Flat vector illustration, thick uniform outline, flat colour fills only, no gradients, no shading, no texture, simple geometric shapes, single centred subject, plain pale background, generous margins, minimal detail, absolutely no text, no letters, no words, no numbers, no signage. Scene: A single fingerprint pattern that no one else in the world shares."
ADJ-148,typical,Adjective,,"Flat vector illustration, thick uniform outline, flat colour fills only, no gradients, no shading, no texture, simple geometric shapes, single centred subject, plain pale background, generous margins, minimal detail, absolutely no text, no letters, no words, no numbers, no signage. Scene: A textbook photo labeled ""example"" showing the standard version of something."
ADJ-149,adequate,Adjective,,"Flat vector illustration, thick uniform outline, flat colour fills only, no gradients, no shading, no texture, simple geometric shapes, single centred subject, plain pale background, generous margins, minimal detail, absolutely no text, no letters, no words, no numbers, no signage. Scene: A glass filled exactly to the line marked ""enough."""
ADJ-150,big,Adjective,,"Flat vector illustration, thick uniform outline, flat colour fills only, no gradients, no shading, no texture, simple geometric shapes, single centred subject, plain pale background, generous margins, minimal detail, absolutely no text, no letters, no words, no numbers, no signage. Scene: An elephant standing next to a mouse."
ADJ-151,small,Adjective,,"Flat vector illustration, thick uniform outline, flat colour fills only, no gradients, no shading, no texture, simple geometric shapes, single centred subject, plain pale background, generous margins, minimal detail, absolutely no text, no letters, no words, no numbers, no signage. Scene: A tiny kitten curled up inside a large shoe."
ADJ-152,huge,Adjective,,"Flat vector illustration, thick uniform outline, flat colour fills only, no gradients, no shading, no texture, simple geometric shapes, single centred subject, plain pale background, generous margins, minimal detail, absolutely no text, no letters, no words, no numbers, no signage. Scene: A skyscraper towering over the small houses around it."
ADJ-153,tiny,Adjective,,"Flat vector illustration, thick uniform outline, flat colour fills only, no gradients, no shading, no texture, simple geometric shapes, single centred subject, plain pale background, generous margins, minimal detail, absolutely no text, no letters, no words, no numbers, no signage. Scene: A single ant carrying a crumb across the floor."
ADJ-154,enormous,Adjective,,"Flat vector illustration, thick uniform outline, flat colour fills only, no gradients, no shading, no texture, simple geometric shapes, single centred subject, plain pale background, generous margins, minimal detail, absolutely no text, no letters, no words, no numbers, no signage. Scene: A single ship dwarfed beside a massive iceberg."
ADJ-155,massive,Adjective,,"Flat vector illustration, thick uniform outline, flat colour fills only, no gradients, no shading, no texture, simple geometric shapes, single centred subject, plain pale background, generous margins, minimal detail, absolutely no text, no letters, no words, no numbers, no signage. Scene: A boulder so large it blocks an entire road."
ADJ-156,miniature,Adjective,,"Flat vector illustration, thick uniform outline, flat colour fills only, no gradients, no shading, no texture, simple geometric shapes, single centred subject, plain pale background, generous margins, minimal detail, absolutely no text, no letters, no words, no numbers, no signage. Scene: A tiny dollhouse with every detail of a real house shrunk down."
ADJ-157,giant,Adjective,,"Flat vector illustration, thick uniform outline, flat colour fills only, no gradients, no shading, no texture, simple geometric shapes, single centred subject, plain pale background, generous margins, minimal detail, absolutely no text, no letters, no words, no numbers, no signage. Scene: A skyscraper next to a tiny bicycle parked outside."
ADJ-158,extreme,Adjective,,"Flat vector illustration, thick uniform outline, flat colour fills only, no gradients, no shading, no texture, simple geometric shapes, single centred subject, plain pale background, generous margins, minimal detail, absolutely no text, no letters, no words, no numbers, no signage. Scene: A thermometer with its needle pushed all the way to the red zone."
ADJ-159,moderate,Adjective,,"Flat vector illustration, thick uniform outline, flat colour fills only, no gradients, no shading, no texture, simple geometric shapes, single centred subject, plain pale background, generous margins, minimal detail, absolutely no text, no letters, no words, no numbers, no signage. Scene: A dial set exactly in the middle, not at either extreme."
ADJ-160,mild,Adjective,,"Flat vector illustration, thick uniform outline, flat colour fills only, no gradients, no shading, no texture, simple geometric shapes, single centred subject, plain pale background, generous margins, minimal detail, absolutely no text, no letters, no words, no numbers, no signage. Scene: A gentle breeze on a warm, sunny afternoon."
ADJ-161,severe,Adjective,,"Flat vector illustration, thick uniform outline, flat colour fills only, no gradients, no shading, no texture, simple geometric shapes, single centred subject, plain pale background, generous margins, minimal detail, absolutely no text, no letters, no words, no numbers, no signage. Scene: A cracked, damaged road after a powerful storm."
ADJ-162,intense,Adjective,,"Flat vector illustration, thick uniform outline, flat colour fills only, no gradients, no shading, no texture, simple geometric shapes, single centred subject, plain pale background, generous margins, minimal detail, absolutely no text, no letters, no words, no numbers, no signage. Scene: A pot of water boiling rapidly over high heat."
ADJ-163,slight,Adjective,,"Flat vector illustration, thick uniform outline, flat colour fills only, no gradients, no shading, no texture, simple geometric shapes, single centred subject, plain pale background, generous margins, minimal detail, absolutely no text, no letters, no words, no numbers, no signage. Scene: A thermometer needle moving just one small notch."
ADJ-164,considerable,Adjective,,"Flat vector illustration, thick uniform outline, flat colour fills only, no gradients, no shading, no texture, simple geometric shapes, single centred subject, plain pale background, generous margins, minimal detail, absolutely no text, no letters, no words, no numbers, no signage. Scene: A stack of papers growing noticeably taller and taller."
ADJ-165,substantial,Adjective,,"Flat vector illustration, thick uniform outline, flat colour fills only, no gradients, no shading, no texture, simple geometric shapes, single centred subject, plain pale background, generous margins, minimal detail, absolutely no text, no letters, no words, no numbers, no signage. Scene: A thick stack of solid evidence files on a desk."
ADJ-166,minimal,Adjective,,"Flat vector illustration, thick uniform outline, flat colour fills only, no gradients, no shading, no texture, simple geometric shapes, single centred subject, plain pale background, generous margins, minimal detail, absolutely no text, no letters, no words, no numbers, no signage. Scene: A nearly empty glass with just a single drop of water inside."
ADJ-167,significant,Adjective,,"Flat vector illustration, thick uniform outline, flat colour fills only, no gradients, no shading, no texture, simple geometric shapes, single centred subject, plain pale background, generous margins, minimal detail, absolutely no text, no letters, no words, no numbers, no signage. Scene: A graph line jumping sharply upward at one clear point."
ADJ-168,insignificant,Adjective,,"Flat vector illustration, thick uniform outline, flat colour fills only, no gradients, no shading, no texture, simple geometric shapes, single centred subject, plain pale background, generous margins, minimal detail, absolutely no text, no letters, no words, no numbers, no signage. Scene: A single grain of sand on a huge beach."
ADJ-169,vast,Adjective,,"Flat vector illustration, thick uniform outline, flat colour fills only, no gradients, no shading, no texture, simple geometric shapes, single centred subject, plain pale background, generous margins, minimal detail, absolutely no text, no letters, no words, no numbers, no signage. Scene: An open ocean stretching to the horizon with no land in sight."
ADJ-170,immense,Adjective,,"Flat vector illustration, thick uniform outline, flat colour fills only, no gradients, no shading, no texture, simple geometric shapes, single centred subject, plain pale background, generous margins, minimal detail, absolutely no text, no letters, no words, no numbers, no signage. Scene: A single small boat crossing an immense, endless ocean."
ADJ-171,ample,Adjective,,"Flat vector illustration, thick uniform outline, flat colour fills only, no gradients, no shading, no texture, simple geometric shapes, single centred subject, plain pale background, generous margins, minimal detail, absolutely no text, no letters, no words, no numbers, no signage. Scene: A table overflowing with more food than the guests could possibly eat."
ADJ-172,scarce,Adjective,,"Flat vector illustration, thick uniform outline, flat colour fills only, no gradients, no shading, no texture, simple geometric shapes, single centred subject, plain pale background, generous margins, minimal detail, absolutely no text, no letters, no words, no numbers, no signage. Scene: An empty shelf in a store with just a few items left."
ADJ-173,abundant,Adjective,,"Flat vector illustration, thick uniform outline, flat colour fills only, no gradients, no shading, no texture, simple geometric shapes, single centred subject, plain pale background, generous margins, minimal detail, absolutely no text, no letters, no words, no numbers, no signage. Scene: A basket overflowing with ripe fruit at a farmers' market."
ADJ-174,oversized,Adjective,,"Flat vector illustration, thick uniform outline, flat colour fills only, no gradients, no shading, no texture, simple geometric shapes, single centred subject, plain pale background, generous margins, minimal detail, absolutely no text, no letters, no words, no numbers, no signage. Scene: A tiny person swallowed up inside a giant, baggy sweater."
ADJ-175,undersized,Adjective,,"Flat vector illustration, thick uniform outline, flat colour fills only, no gradients, no shading, no texture, simple geometric shapes, single centred subject, plain pale background, generous margins, minimal detail, absolutely no text, no letters, no words, no numbers, no signage. Scene: A child's foot squeezed into a shoe that's clearly too small."
ADJ-176,spacious,Adjective,,"Flat vector illustration, thick uniform outline, flat colour fills only, no gradients, no shading, no texture, simple geometric shapes, single centred subject, plain pale background, generous margins, minimal detail, absolutely no text, no letters, no words, no numbers, no signage. Scene: A big, sunlit living room with wide-open floor space."
ADJ-177,cramped,Adjective,,"Flat vector illustration, thick uniform outline, flat colour fills only, no gradients, no shading, no texture, simple geometric shapes, single centred subject, plain pale background, generous margins, minimal detail, absolutely no text, no letters, no words, no numbers, no signage. Scene: Four people trying to sit around a tiny table meant for two."
ADJ-178,compact,Adjective,,"Flat vector illustration, thick uniform outline, flat colour fills only, no gradients, no shading, no texture, simple geometric shapes, single centred subject, plain pale background, generous margins, minimal detail, absolutely no text, no letters, no words, no numbers, no signage. Scene: A folding bicycle collapsing neatly into a small bag."
ADJ-179,bulky,Adjective,,"Flat vector illustration, thick uniform outline, flat colour fills only, no gradients, no shading, no texture, simple geometric shapes, single centred subject, plain pale background, generous margins, minimal detail, absolutely no text, no letters, no words, no numbers, no signage. Scene: Someone struggling to squeeze a huge box through a narrow doorway."
ADJ-180,busy,Adjective,,"Flat vector illustration, thick uniform outline, flat colour fills only, no gradients, no shading, no texture, simple geometric shapes, single centred subject, plain pale background, generous margins, minimal detail, absolutely no text, no letters, no words, no numbers, no signage. Scene: A calendar completely filled with appointments, no empty slots."
ADJ-181,free,Adjective,,"Flat vector illustration, thick uniform outline, flat colour fills only, no gradients, no shading, no texture, simple geometric shapes, single centred subject, plain pale background, generous margins, minimal detail, absolutely no text, no letters, no words, no numbers, no signage. Scene: A bird flying out of an open cage into the sky."
ADJ-182,ready,Adjective,,"Flat vector illustration, thick uniform outline, flat colour fills only, no gradients, no shading, no texture, simple geometric shapes, single centred subject, plain pale background, generous margins, minimal detail, absolutely no text, no letters, no words, no numbers, no signage. Scene: A runner crouched at the starting line, waiting for the signal."
ADJ-183,available,Adjective,,"Flat vector illustration, thick uniform outline, flat colour fills only, no gradients, no shading, no texture, simple geometric shapes, single centred subject, plain pale background, generous margins, minimal detail, absolutely no text, no letters, no words, no numbers, no signage. Scene: A green ""in stock"" light glowing next to a product on a shelf."
ADJ-184,absent,Adjective,,"Flat vector illustration, thick uniform outline, flat colour fills only, no gradients, no shading, no texture, simple geometric shapes, single centred subject, plain pale background, generous margins, minimal detail, absolutely no text, no letters, no words, no numbers, no signage. Scene: An empty chair with a name tag but no one sitting in it."
ADJ-185,awake,Adjective,,"Flat vector illustration, thick uniform outline, flat colour fills only, no gradients, no shading, no texture, simple geometric shapes, single centred subject, plain pale background, generous margins, minimal detail, absolutely no text, no letters, no words, no numbers, no signage. Scene: Wide-open eyes staring at the ceiling in the middle of the night."
ADJ-186,asleep,Adjective,,"Flat vector illustration, thick uniform outline, flat colour fills only, no gradients, no shading, no texture, simple geometric shapes, single centred subject, plain pale background, generous margins, minimal detail, absolutely no text, no letters, no words, no numbers, no signage. Scene: A cat curled up in a sunny spot, eyes closed and breathing slowly."
ADJ-187,hungry,Adjective,,"Flat vector illustration, thick uniform outline, flat colour fills only, no gradients, no shading, no texture, simple geometric shapes, single centred subject, plain pale background, generous margins, minimal detail, absolutely no text, no letters, no words, no numbers, no signage. Scene: An empty plate with a fork tapping impatiently beside it."
ADJ-188,thirsty,Adjective,,"Flat vector illustration, thick uniform outline, flat colour fills only, no gradients, no shading, no texture, simple geometric shapes, single centred subject, plain pale background, generous margins, minimal detail, absolutely no text, no letters, no words, no numbers, no signage. Scene: A cracked, dry desert landscape under a blazing sun."
ADJ-189,tired,Adjective,,"Flat vector illustration, thick uniform outline, flat colour fills only, no gradients, no shading, no texture, simple geometric shapes, single centred subject, plain pale background, generous margins, minimal detail, absolutely no text, no letters, no words, no numbers, no signage. Scene: Someone yawning widely while rubbing their heavy eyelids."
ADJ-190,exhausted,Adjective,,"Flat vector illustration, thick uniform outline, flat colour fills only, no gradients, no shading, no texture, simple geometric shapes, single centred subject, plain pale background, generous margins, minimal detail, absolutely no text, no letters, no words, no numbers, no signage. Scene: Someone collapsing onto a sofa the moment they get home, coat still on."
ADJ-191,sick,Adjective,,"Flat vector illustration, thick uniform outline, flat colour fills only, no gradients, no shading, no texture, simple geometric shapes, single centred subject, plain pale background, generous margins, minimal detail, absolutely no text, no letters, no words, no numbers, no signage. Scene: Someone lying in bed with a thermometer and a box of tissues nearby."
ADJ-192,healthy,Adjective,,"Flat vector illustration, thick uniform outline, flat colour fills only, no gradients, no shading, no texture, simple geometric shapes, single centred subject, plain pale background, generous margins, minimal detail, absolutely no text, no letters, no words, no numbers, no signage. Scene: A colorful plate of fresh fruits and vegetables next to running shoes."
ADJ-193,safe,Adjective,,"Flat vector illustration, thick uniform outline, flat colour fills only, no gradients, no shading, no texture, simple geometric shapes, single centred subject, plain pale background, generous margins, minimal detail, absolutely no text, no letters, no words, no numbers, no signage. Scene: A child holding a parent's hand while crossing a busy street."
ADJ-194,broken,Adjective,,"Flat vector illustration, thick uniform outline, flat colour fills only, no gradients, no shading, no texture, simple geometric shapes, single centred subject, plain pale background, generous margins, minimal detail, absolutely no text, no letters, no words, no numbers, no signage. Scene: A cracked phone screen with jagged lines spreading across it."
ADJ-195,fixed,Adjective,,"Flat vector illustration, thick uniform outline, flat colour fills only, no gradients, no shading, no texture, simple geometric shapes, single centred subject, plain pale background, generous margins, minimal detail, absolutely no text, no letters, no words, no numbers, no signage. Scene: A wrench tightening the last bolt on a repaired machine."
ADJ-196,open,Adjective,,"Flat vector illustration, thick uniform outline, flat colour fills only, no gradients, no shading, no texture, simple geometric shapes, single centred subject, plain pale background, generous margins, minimal detail, absolutely no text, no letters, no words, no numbers, no signage. Scene: A wide-open door with sunlight streaming through it."
ADJ-197,closed,Adjective,,"Flat vector illustration, thick uniform outline, flat colour fills only, no gradients, no shading, no texture, simple geometric shapes, single centred subject, plain pale background, generous margins, minimal detail, absolutely no text, no letters, no words, no numbers, no signage. Scene: A metal shutter pulled down over a shop window."
ADJ-198,clean,Adjective,,"Flat vector illustration, thick uniform outline, flat colour fills only, no gradients, no shading, no texture, simple geometric shapes, single centred subject, plain pale background, generous margins, minimal detail, absolutely no text, no letters, no words, no numbers, no signage. Scene: A sparkling white kitchen counter with no crumbs or stains."
ADJ-199,dirty,Adjective,,"Flat vector illustration, thick uniform outline, flat colour fills only, no gradients, no shading, no texture, simple geometric shapes, single centred subject, plain pale background, generous margins, minimal detail, absolutely no text, no letters, no words, no numbers, no signage. Scene: Muddy footprints tracked across a clean white floor."
ADJ-200,wet,Adjective,,"Flat vector illustration, thick uniform outline, flat colour fills only, no gradients, no shading, no texture, simple geometric shapes, single centred subject, plain pale background, generous margins, minimal detail, absolutely no text, no letters, no words, no numbers, no signage. Scene: Raindrops sliding down a window, leaving streaks on the glass."
ADJ-201,dry,Adjective,,"Flat vector illustration, thick uniform outline, flat colour fills only, no gradients, no shading, no texture, simple geometric shapes, single centred subject, plain pale background, generous margins, minimal detail, absolutely no text, no letters, no words, no numbers, no signage. Scene: Cracked, sun-baked earth with no visible moisture."
ADJ-202,hot,Adjective,,"Flat vector illustration, thick uniform outline, flat colour fills only, no gradients, no shading, no texture, simple geometric shapes, single centred subject, plain pale background, generous margins, minimal detail, absolutely no text, no letters, no words, no numbers, no signage. Scene: Steam rising off a freshly made cup of tea."
ADJ-203,cold,Adjective,,"Flat vector illustration, thick uniform outline, flat colour fills only, no gradients, no shading, no texture, simple geometric shapes, single centred subject, plain pale background, generous margins, minimal detail, absolutely no text, no letters, no words, no numbers, no signage. Scene: Frost forming on a windowpane in early morning."
ADJ-204,warm,Adjective,,"Flat vector illustration, thick uniform outline, flat colour fills only, no gradients, no shading, no texture, simple geometric shapes, single centred subject, plain pale background, generous margins, minimal detail, absolutely no text, no letters, no words, no numbers, no signage. Scene: A steaming mug of tea held between two cupped hands."
ADJ-205,cool,Adjective,,"Flat vector illustration, thick uniform outline, flat colour fills only, no gradients, no shading, no texture, simple geometric shapes, single centred subject, plain pale background, generous margins, minimal detail, absolutely no text, no letters, no words, no numbers, no signage. Scene: A tall glass of iced lemonade with condensation on a hot day."
ADJ-206,loud,Adjective,,"Flat vector illustration, thick uniform outline, flat colour fills only, no gradients, no shading, no texture, simple geometric shapes, single centred subject, plain pale background, generous margins, minimal detail, absolutely no text, no letters, no words, no numbers, no signage. Scene: A speaker vibrating so hard the walls seem to shake."
ADJ-207,quiet,Adjective,,"Flat vector illustration, thick uniform outline, flat colour fills only, no gradients, no shading, no texture, simple geometric shapes, single centred subject, plain pale background, generous margins, minimal detail, absolutely no text, no letters, no words, no numbers, no signage. Scene: An empty park bench under a still, silent night sky."
ADJ-208,alive,Adjective,,"Flat vector illustration, thick uniform outline, flat colour fills only, no gradients, no shading, no texture, simple geometric shapes, single centred subject, plain pale background, generous margins, minimal detail, absolutely no text, no letters, no words, no numbers, no signage. Scene: A small green sprout pushing up through cracked, dry soil."
ADJ-209,dead,Adjective,,"Flat vector illustration, thick uniform outline, flat colour fills only, no gradients, no shading, no texture, simple geometric shapes, single centred subject, plain pale background, generous margins, minimal detail, absolutely no text, no letters, no words, no numbers, no signage. Scene: A wilted, brown plant drooping over the edge of a pot."
ADJ-210,active,Adjective,,"Flat vector illustration, thick uniform outline, flat colour fills only, no gradients, no shading, no texture, simple geometric shapes, single centred subject, plain pale background, generous margins, minimal detail, absolutely no text, no letters, no words, no numbers, no signage. Scene: A person jogging briskly through a park at sunrise."
ADJ-211,inactive,Adjective,,"Flat vector illustration, thick uniform outline, flat colour fills only, no gradients, no shading, no texture, simple geometric shapes, single centred subject, plain pale background, generous margins, minimal detail, absolutely no text, no letters, no words, no numbers, no signage. Scene: A dusty treadmill sitting unused in the corner of a room."
ADJ-212,stuck,Adjective,,"Flat vector illustration, thick uniform outline, flat colour fills only, no gradients, no shading, no texture, simple geometric shapes, single centred subject, plain pale background, generous margins, minimal detail, absolutely no text, no letters, no words, no numbers, no signage. Scene: A car's tires spinning uselessly in thick mud."
ADJ-213,steady,Adjective,,"Flat vector illustration, thick uniform outline, flat colour fills only, no gradients, no shading, no texture, simple geometric shapes, single centred subject, plain pale background, generous margins, minimal detail, absolutely no text, no letters, no words, no numbers, no signage. Scene: A tightrope walker balancing perfectly still, arms outstretched."
ADJ-214,stable,Adjective,,"Flat vector illustration, thick uniform outline, flat colour fills only, no gradients, no shading, no texture, simple geometric shapes, single centred subject, plain pale background, generous margins, minimal detail, absolutely no text, no letters, no words, no numbers, no signage. Scene: A sturdy four-legged table that doesn't wobble no matter how it's pushed."
ADJ-215,beautiful,Adjective,,"Flat vector illustration, thick uniform outline, flat colour fills only, no gradients, no shading, no texture, simple geometric shapes, single centred subject, plain pale background, generous margins, minimal detail, absolutely no text, no letters, no words, no numbers, no signage. Scene: A field of wildflowers stretching toward a colorful sunset."
ADJ-216,ugly,Adjective,,"Flat vector illustration, thick uniform outline, flat colour fills only, no gradients, no shading, no texture, simple geometric shapes, single centred subject, plain pale background, generous margins, minimal detail, absolutely no text, no letters, no words, no numbers, no signage. Scene: A rusty, dented old car parked awkwardly on a clean street."
ADJ-217,handsome,Adjective,,"Flat vector illustration, thick uniform outline, flat colour fills only, no gradients, no shading, no texture, simple geometric shapes, single centred subject, plain pale background, generous margins, minimal detail, absolutely no text, no letters, no words, no numbers, no signage. Scene: A well-groomed man in a tailored suit walking confidently down the street."
ADJ-218,pretty,Adjective,,"Flat vector illustration, thick uniform outline, flat colour fills only, no gradients, no shading, no texture, simple geometric shapes, single centred subject, plain pale background, generous margins, minimal detail, absolutely no text, no letters, no words, no numbers, no signage. Scene: A small bouquet of pastel-colored flowers tied with ribbon."
ADJ-219,attractive,Adjective,,"Flat vector illustration, thick uniform outline, flat colour fills only, no gradients, no shading, no texture, simple geometric shapes, single centred subject, plain pale background, generous margins, minimal detail, absolutely no text, no letters, no words, no numbers, no signage. Scene: A shop window display so eye-catching that people stop to look."
ADJ-220,elegant,Adjective,,"Flat vector illustration, thick uniform outline, flat colour fills only, no gradients, no shading, no texture, simple geometric shapes, single centred subject, plain pale background, generous margins, minimal detail, absolutely no text, no letters, no words, no numbers, no signage. Scene: A crystal chandelier casting soft light over a perfectly set dinner table."
ADJ-221,stylish,Adjective,,"Flat vector illustration, thick uniform outline, flat colour fills only, no gradients, no shading, no texture, simple geometric shapes, single centred subject, plain pale background, generous margins, minimal detail, absolutely no text, no letters, no words, no numbers, no signage. Scene: A well-curated boutique window with a single eye-catching outfit on display."
ADJ-222,fashionable,Adjective,,"Flat vector illustration, thick uniform outline, flat colour fills only, no gradients, no shading, no texture, simple geometric shapes, single centred subject, plain pale background, generous margins, minimal detail, absolutely no text, no letters, no words, no numbers, no signage. Scene: A crowded street where everyone seems to be wearing the same trending jacket."
ADJ-223,plain,Adjective,,"Flat vector illustration, thick uniform outline, flat colour fills only, no gradients, no shading, no texture, simple geometric shapes, single centred subject, plain pale background, generous margins, minimal detail, absolutely no text, no letters, no words, no numbers, no signage. Scene: A single white wall with no pictures or decorations."
ADJ-224,colorful,Adjective,,"Flat vector illustration, thick uniform outline, flat colour fills only, no gradients, no shading, no texture, simple geometric shapes, single centred subject, plain pale background, generous margins, minimal detail, absolutely no text, no letters, no words, no numbers, no signage. Scene: A rainbow-colored kite fluttering high against a clear blue sky."
ADJ-225,gorgeous,Adjective,,"Flat vector illustration, thick uniform outline, flat colour fills only, no gradients, no shading, no texture, simple geometric shapes, single centred subject, plain pale background, generous margins, minimal detail, absolutely no text, no letters, no words, no numbers, no signage. Scene: A perfect golden-orange sunset reflected on calm ocean water."
ADJ-226,cute,Adjective,,"Flat vector illustration, thick uniform outline, flat colour fills only, no gradients, no shading, no texture, simple geometric shapes, single centred subject, plain pale background, generous margins, minimal detail, absolutely no text, no letters, no words, no numbers, no signage. Scene: A small kitten with big round eyes."
ADJ-227,neat,Adjective,,"Flat vector illustration, thick uniform outline, flat colour fills only, no gradients, no shading, no texture, simple geometric shapes, single centred subject, plain pale background, generous margins, minimal detail, absolutely no text, no letters, no words, no numbers, no signage. Scene: A perfectly organized bookshelf with everything lined up straight."
ADJ-228,messy,Adjective,,"Flat vector illustration, thick uniform outline, flat colour fills only, no gradients, no shading, no texture, simple geometric shapes, single centred subject, plain pale background, generous margins, minimal detail, absolutely no text, no letters, no words, no numbers, no signage. Scene: Clothes and papers scattered across an unmade bed."
ADJ-229,formal,Adjective,,"Flat vector illustration, thick uniform outline, flat colour fills only, no gradients, no shading, no texture, simple geometric shapes, single centred subject, plain pale background, generous margins, minimal detail, absolutely no text, no letters, no words, no numbers, no signage. Scene: A neatly pressed black-tie suit laid out for an evening event."
ADJ-230,casual,Adjective,,"Flat vector illustration, thick uniform outline, flat colour fills only, no gradients, no shading, no texture, simple geometric shapes, single centred subject, plain pale background, generous margins, minimal detail, absolutely no text, no letters, no words, no numbers, no signage. Scene: A pair of comfortable sneakers and a plain T-shirt tossed on a chair."
ADJ-231,modern,Adjective,,"Flat vector illustration, thick uniform outline, flat colour fills only, no gradients, no shading, no texture, simple geometric shapes, single centred subject, plain pale background, generous margins, minimal detail, absolutely no text, no letters, no words, no numbers, no signage. Scene: A sleek glass skyscraper next to older brick buildings."
ADJ-232,old-fashioned,Adjective,,"Flat vector illustration, thick uniform outline, flat colour fills only, no gradients, no shading, no texture, simple geometric shapes, single centred subject, plain pale background, generous margins, minimal detail, absolutely no text, no letters, no words, no numbers, no signage. Scene: A vintage rotary telephone sitting on a wooden desk."
ADJ-233,traditional,Adjective,,"Flat vector illustration, thick uniform outline, flat colour fills only, no gradients, no shading, no texture, simple geometric shapes, single centred subject, plain pale background, generous margins, minimal detail, absolutely no text, no letters, no words, no numbers, no signage. Scene: A grandmother teaching a child to fold traditional clothing."
ADJ-234,classic,Adjective,,"Flat vector illustration, thick uniform outline, flat colour fills only, no gradients, no shading, no texture, simple geometric shapes, single centred subject, plain pale background, generous margins, minimal detail, absolutely no text, no letters, no words, no numbers, no signage. Scene: A polished vintage car parked outside an old cinema."
ADJ-235,trendy,Adjective,,"Flat vector illustration, thick uniform outline, flat colour fills only, no gradients, no shading, no texture, simple geometric shapes, single centred subject, plain pale background, generous margins, minimal detail, absolutely no text, no letters, no words, no numbers, no signage. Scene: A crowded, brightly lit cafe full of people taking photos of their food."
ADJ-236,glamorous,Adjective,,"Flat vector illustration, thick uniform outline, flat colour fills only, no gradients, no shading, no texture, simple geometric shapes, single centred subject, plain pale background, generous margins, minimal detail, absolutely no text, no letters, no words, no numbers, no signage. Scene: A red carpet lined with flashing cameras and elegant gowns."
ADJ-237,shabby,Adjective,,"Flat vector illustration, thick uniform outline, flat colour fills only, no gradients, no shading, no texture, simple geometric shapes, single centred subject, plain pale background, generous margins, minimal detail, absolutely no text, no letters, no words, no numbers, no signage. Scene: A faded, torn armchair with stuffing peeking out of the seams."
ADJ-238,spotless,Adjective,,"Flat vector illustration, thick uniform outline, flat colour fills only, no gradients, no shading, no texture, simple geometric shapes, single centred subject, plain pale background, generous margins, minimal detail, absolutely no text, no letters, no words, no numbers, no signage. Scene: A glass window so clean it looks completely invisible."
ADJ-239,fancy,Adjective,,"Flat vector illustration, thick uniform outline, flat colour fills only, no gradients, no shading, no texture, simple geometric shapes, single centred subject, plain pale background, generous margins, minimal detail, absolutely no text, no letters, no words, no numbers, no signage. Scene: A table set with polished silverware and a folded cloth napkin."
ADJ-240,decent,Adjective,,"Flat vector illustration, thick uniform outline, flat colour fills only, no gradients, no shading, no texture, simple geometric shapes, single centred subject, plain pale background, generous margins, minimal detail, absolutely no text, no letters, no words, no numbers, no signage. Scene: A simple, clean plate of home-cooked food -- nothing fancy, but satisfying."
ADJ-241,respectable,Adjective,,"Flat vector illustration, thick uniform outline, flat colour fills only, no gradients, no shading, no texture, simple geometric shapes, single centred subject, plain pale background, generous margins, minimal detail, absolutely no text, no letters, no words, no numbers, no signage. Scene: A neatly dressed businessperson shaking hands firmly and confidently."
ADJ-242,graceful,Adjective,,"Flat vector illustration, thick uniform outline, flat colour fills only, no gradients, no shading, no texture, simple geometric shapes, single centred subject, plain pale background, generous margins, minimal detail, absolutely no text, no letters, no words, no numbers, no signage. Scene: A ballerina spinning smoothly on one foot without wobbling."
ADJ-243,clumsy,Adjective,,"Flat vector illustration, thick uniform outline, flat colour fills only, no gradients, no shading, no texture, simple geometric shapes, single centred subject, plain pale background, generous margins, minimal detail, absolutely no text, no letters, no words, no numbers, no signage. Scene: Someone tripping over their own shoelaces while carrying a stack of plates."
ADJ-244,awkward,Adjective,YES,"Flat vector illustration, thick uniform outline, flat colour fills only, no gradients, no shading, no texture, simple geometric shapes, single centred subject, plain pale background, generous margins, minimal detail, absolutely no text, no letters, no words, no numbers, no signage. Scene: Two people accidentally saying the same word at the same time and freezing."
ADJ-245,charming,Adjective,,"Flat vector illustration, thick uniform outline, flat colour fills only, no gradients, no shading, no texture, simple geometric shapes, single centred subject, plain pale background, generous margins, minimal detail, absolutely no text, no letters, no words, no numbers, no signage. Scene: A cobblestone street lined with flower boxes and small cafes."
ADJ-246,dazzling,Adjective,,"Flat vector illustration, thick uniform outline, flat colour fills only, no gradients, no shading, no texture, simple geometric shapes, single centred subject, plain pale background, generous margins, minimal detail, absolutely no text, no letters, no words, no numbers, no signage. Scene: A sky full of bright, colorful fireworks exploding at once."
ADJ-247,radiant,Adjective,,"Flat vector illustration, thick uniform outline, flat colour fills only, no gradients, no shading, no texture, simple geometric shapes, single centred subject, plain pale background, generous margins, minimal detail, absolutely no text, no letters, no words, no numbers, no signage. Scene: Sunlight streaming through leaves, lighting up a person's smiling face."
ADJ-248,vivid,Adjective,,"Flat vector illustration, thick uniform outline, flat colour fills only, no gradients, no shading, no texture, simple geometric shapes, single centred subject, plain pale background, generous margins, minimal detail, absolutely no text, no letters, no words, no numbers, no signage. Scene: A bright rainbow of colors splashed across a canvas."
ADJ-249,sophisticated,Adjective,,"Flat vector illustration, thick uniform outline, flat colour fills only, no gradients, no shading, no texture, simple geometric shapes, single centred subject, plain pale background, generous margins, minimal detail, absolutely no text, no letters, no words, no numbers, no signage. Scene: A sleek control panel covered in advanced dials and screens."
ADJ-250,rustic,Adjective,,"Flat vector illustration, thick uniform outline, flat colour fills only, no gradients, no shading, no texture, simple geometric shapes, single centred subject, plain pale background, generous margins, minimal detail, absolutely no text, no letters, no words, no numbers, no signage. Scene: A wooden cabin with a stone fireplace and handmade furniture."
ADV-001,always,Adverb,,"Flat vector illustration, thick uniform outline, flat colour fills only, no gradients, no shading, no texture, simple geometric shapes, single centred subject, plain pale background, generous margins, minimal detail, absolutely no text, no letters, no words, no numbers, no signage. Scene: A clock with hands that never stop moving in the same pattern."
ADV-002,rarely,Adverb,,"Flat vector illustration, thick uniform outline, flat colour fills only, no gradients, no shading, no texture, simple geometric shapes, single centred subject, plain pale background, generous margins, minimal detail, absolutely no text, no letters, no words, no numbers, no signage. Scene: A single four-leaf clover in a large field of ordinary ones."
ADV-003,daily,Adverb,,"Flat vector illustration, thick uniform outline, flat colour fills only, no gradients, no shading, no texture, simple geometric shapes, single centred subject, plain pale background, generous margins, minimal detail, absolutely no text, no letters, no words, no numbers, no signage. Scene: A calendar with the same box checked off every single day."
ADV-004,soon,Adverb,,"Flat vector illustration, thick uniform outline, flat colour fills only, no gradients, no shading, no texture, simple geometric shapes, single centred subject, plain pale background, generous margins, minimal detail, absolutely no text, no letters, no words, no numbers, no signage. Scene: A sunrise just beginning to peek over the horizon."
ADV-005,often,Adverb,,"Flat vector illustration, thick uniform outline, flat colour fills only, no gradients, no shading, no texture, simple geometric shapes, single centred subject, plain pale background, generous margins, minimal detail, absolutely no text, no letters, no words, no numbers, no signage. Scene: A calendar with the same activity checked off on many different days."
ADV-006,sometimes,Adverb,,"Flat vector illustration, thick uniform outline, flat colour fills only, no gradients, no shading, no texture, simple geometric shapes, single centred subject, plain pale background, generous margins, minimal detail, absolutely no text, no letters, no words, no numbers, no signage. Scene: A calendar with only a few random days circled, not every day."
ADV-007,usually,Adverb,YES,"Flat vector illustration, thick uniform outline, flat colour fills only, no gradients, no shading, no texture, simple geometric shapes, single centred subject, plain pale background, generous margins, minimal detail, absolutely no text, no letters, no words, no numbers, no signage. Scene: A daily planner with the same activity written in almost every box."
ADV-008,never,Adverb,,"Flat vector illustration, thick uniform outline, flat colour fills only, no gradients, no shading, no texture, simple geometric shapes, single centred subject, plain pale background, generous margins, minimal detail, absolutely no text, no letters, no words, no numbers, no signage. Scene: A door that never opens, no matter how many times someone knocks."
ADV-009,occasionally,Adverb,,"Flat vector illustration, thick uniform outline, flat colour fills only, no gradients, no shading, no texture, simple geometric shapes, single centred subject, plain pale background, generous margins, minimal detail, absolutely no text, no letters, no words, no numbers, no signage. Scene: A jar of cookies opened only once in a while, not every day."
ADV-010,frequently,Adverb,,"Flat vector illustration, thick uniform outline, flat colour fills only, no gradients, no shading, no texture, simple geometric shapes, single centred subject, plain pale background, generous margins, minimal detail, absolutely no text, no letters, no words, no numbers, no signage. Scene: A graph with a line spiking up again and again at regular intervals."
ADV-011,constantly,Adverb,,"Flat vector illustration, thick uniform outline, flat colour fills only, no gradients, no shading, no texture, simple geometric shapes, single centred subject, plain pale background, generous margins, minimal detail, absolutely no text, no letters, no words, no numbers, no signage. Scene: A phone screen lighting up over and over with new notifications."
ADV-012,regularly,Adverb,,"Flat vector illustration, thick uniform outline, flat colour fills only, no gradients, no shading, no texture, simple geometric shapes, single centred subject, plain pale background, generous margins, minimal detail, absolutely no text, no letters, no words, no numbers, no signage. Scene: A weekly planner with the same box checked off every single week."
ADV-013,immediately,Adverb,,"Flat vector illustration, thick uniform outline, flat colour fills only, no gradients, no shading, no texture, simple geometric shapes, single centred subject, plain pale background, generous margins, minimal detail, absolutely no text, no letters, no words, no numbers, no signage. Scene: A red emergency button being pressed the second danger appears."
ADV-014,eventually,Adverb,,"Flat vector illustration, thick uniform outline, flat colour fills only, no gradients, no shading, no texture, simple geometric shapes, single centred subject, plain pale background, generous margins, minimal detail, absolutely no text, no letters, no words, no numbers, no signage. Scene: A long, winding road that finally reaches its destination."
ADV-015,finally,Adverb,,"Flat vector illustration, thick uniform outline, flat colour fills only, no gradients, no shading, no texture, simple geometric shapes, single centred subject, plain pale background, generous margins, minimal detail, absolutely no text, no letters, no words, no numbers, no signage. Scene: Crossing a finish line after a long race."
ADV-016,recently,Adverb,,"Flat vector illustration, thick uniform outline, flat colour fills only, no gradients, no shading, no texture, simple geometric shapes, single centred subject, plain pale background, generous margins, minimal detail, absolutely no text, no letters, no words, no numbers, no signage. Scene: A calendar page from last week, still fresh in memory."
ADV-017,currently,Adverb,,"Flat vector illustration, thick uniform outline, flat colour fills only, no gradients, no shading, no texture, simple geometric shapes, single centred subject, plain pale background, generous margins, minimal detail, absolutely no text, no letters, no words, no numbers, no signage. Scene: A ""now playing"" sign lit up on a screen."
ADV-018,now,Adverb,,"Flat vector illustration, thick uniform outline, flat colour fills only, no gradients, no shading, no texture, simple geometric shapes, single centred subject, plain pale background, generous margins, minimal detail, absolutely no text, no letters, no words, no numbers, no signage. Scene: A clock hand pointing exactly at the current second."
ADV-019,later,Adverb,,"Flat vector illustration, thick uniform outline, flat colour fills only, no gradients, no shading, no texture, simple geometric shapes, single centred subject, plain pale background, generous margins, minimal detail, absolutely no text, no letters, no words, no numbers, no signage. Scene: A clock hand moving forward past the current hour."
ADV-020,earlier,Adverb,,"Flat vector illustration, thick uniform outline, flat colour fills only, no gradients, no shading, no texture, simple geometric shapes, single centred subject, plain pale background, generous margins, minimal detail, absolutely no text, no letters, no words, no numbers, no signage. Scene: A clock hand pointing to an hour that has already passed."
ADV-021,already,Adverb,,"Flat vector illustration, thick uniform outline, flat colour fills only, no gradients, no shading, no texture, simple geometric shapes, single centred subject, plain pale background, generous margins, minimal detail, absolutely no text, no letters, no words, no numbers, no signage. Scene: A checklist with every box already ticked off before you even started."
ADV-022,presently,Adverb,,"Flat vector illustration, thick uniform outline, flat colour fills only, no gradients, no shading, no texture, simple geometric shapes, single centred subject, plain pale background, generous margins, minimal detail, absolutely no text, no letters, no words, no numbers, no signage. Scene: A closed office door with a sign reading ""In a meeting."""
ADV-023,still,Adverb,,"Flat vector illustration, thick uniform outline, flat colour fills only, no gradients, no shading, no texture, simple geometric shapes, single centred subject, plain pale background, generous margins, minimal detail, absolutely no text, no letters, no words, no numbers, no signage. Scene: A candle that keeps burning, still lit long after it was expected to go out."
ADV-024,afterward,Adverb,,"Flat vector illustration, thick uniform outline, flat colour fills only, no gradients, no shading, no texture, simple geometric shapes, single centred subject, plain pale background, generous margins, minimal detail, absolutely no text, no letters, no words, no numbers, no signage. Scene: One event finishing and a new scene starting right after it."
ADV-025,beforehand,Adverb,,"Flat vector illustration, thick uniform outline, flat colour fills only, no gradients, no shading, no texture, simple geometric shapes, single centred subject, plain pale background, generous margins, minimal detail, absolutely no text, no letters, no words, no numbers, no signage. Scene: A suitcase packed and ready the night before a trip."
ADV-026,meanwhile,Adverb,,"Flat vector illustration, thick uniform outline, flat colour fills only, no gradients, no shading, no texture, simple geometric shapes, single centred subject, plain pale background, generous margins, minimal detail, absolutely no text, no letters, no words, no numbers, no signage. Scene: A split-screen showing two different scenes happening at once."
ADV-027,nowadays,Adverb,,"Flat vector illustration, thick uniform outline, flat colour fills only, no gradients, no shading, no texture, simple geometric shapes, single centred subject, plain pale background, generous margins, minimal detail, absolutely no text, no letters, no words, no numbers, no signage. Scene: An old photograph placed next to a modern smartphone."
ADV-028,annually,Adverb,,"Flat vector illustration, thick uniform outline, flat colour fills only, no gradients, no shading, no texture, simple geometric shapes, single centred subject, plain pale background, generous margins, minimal detail, absolutely no text, no letters, no words, no numbers, no signage. Scene: A calendar with the same date circled every single year."
ADV-029,weekly,Adverb,,"Flat vector illustration, thick uniform outline, flat colour fills only, no gradients, no shading, no texture, simple geometric shapes, single centred subject, plain pale background, generous margins, minimal detail, absolutely no text, no letters, no words, no numbers, no signage. Scene: A calendar page with the same day circled every seven days."
ADV-030,quickly,Adverb,,"Flat vector illustration, thick uniform outline, flat colour fills only, no gradients, no shading, no texture, simple geometric shapes, single centred subject, plain pale background, generous margins, minimal detail, absolutely no text, no letters, no words, no numbers, no signage. Scene: A blurred figure sprinting past a clock."
ADV-031,slowly,Adverb,,"Flat vector illustration, thick uniform outline, flat colour fills only, no gradients, no shading, no texture, simple geometric shapes, single centred subject, plain pale background, generous margins, minimal detail, absolutely no text, no letters, no words, no numbers, no signage. Scene: A snail inching along a leaf."
ADV-032,carefully,Adverb,,"Flat vector illustration, thick uniform outline, flat colour fills only, no gradients, no shading, no texture, simple geometric shapes, single centred subject, plain pale background, generous margins, minimal detail, absolutely no text, no letters, no words, no numbers, no signage. Scene: Someone carrying a full cup of tea without spilling a drop."
ADV-033,carelessly,Adverb,,"Flat vector illustration, thick uniform outline, flat colour fills only, no gradients, no shading, no texture, simple geometric shapes, single centred subject, plain pale background, generous margins, minimal detail, absolutely no text, no letters, no words, no numbers, no signage. Scene: Papers scattered messily across a desk after being tossed down."
ADV-034,quietly,Adverb,,"Flat vector illustration, thick uniform outline, flat colour fills only, no gradients, no shading, no texture, simple geometric shapes, single centred subject, plain pale background, generous margins, minimal detail, absolutely no text, no letters, no words, no numbers, no signage. Scene: Someone tiptoeing across a wooden floor at night."
ADV-035,loudly,Adverb,,"Flat vector illustration, thick uniform outline, flat colour fills only, no gradients, no shading, no texture, simple geometric shapes, single centred subject, plain pale background, generous margins, minimal detail, absolutely no text, no letters, no words, no numbers, no signage. Scene: A stadium crowd roaring with hands cupped around their mouths."
ADV-036,gently,Adverb,,"Flat vector illustration, thick uniform outline, flat colour fills only, no gradients, no shading, no texture, simple geometric shapes, single centred subject, plain pale background, generous margins, minimal detail, absolutely no text, no letters, no words, no numbers, no signage. Scene: A hand cupping a small bird without squeezing it."
ADV-037,roughly,Adverb,,"Flat vector illustration, thick uniform outline, flat colour fills only, no gradients, no shading, no texture, simple geometric shapes, single centred subject, plain pale background, generous margins, minimal detail, absolutely no text, no letters, no words, no numbers, no signage. Scene: A hand shoving a door open instead of pushing it softly."
ADV-038,easily,Adverb,,"Flat vector illustration, thick uniform outline, flat colour fills only, no gradients, no shading, no texture, simple geometric shapes, single centred subject, plain pale background, generous margins, minimal detail, absolutely no text, no letters, no words, no numbers, no signage. Scene: A key sliding smoothly into a lock and turning without resistance."
ADV-039,hardly,Adverb,,"Flat vector illustration, thick uniform outline, flat colour fills only, no gradients, no shading, no texture, simple geometric shapes, single centred subject, plain pale background, generous margins, minimal detail, absolutely no text, no letters, no words, no numbers, no signage. Scene: A nearly empty glass with just one drop of water left."
ADV-040,smoothly,Adverb,,"Flat vector illustration, thick uniform outline, flat colour fills only, no gradients, no shading, no texture, simple geometric shapes, single centred subject, plain pale background, generous margins, minimal detail, absolutely no text, no letters, no words, no numbers, no signage. Scene: A car gliding down a freshly paved road with no bumps."
ADV-041,clumsily,Adverb,,"Flat vector illustration, thick uniform outline, flat colour fills only, no gradients, no shading, no texture, simple geometric shapes, single centred subject, plain pale background, generous margins, minimal detail, absolutely no text, no letters, no words, no numbers, no signage. Scene: Someone tripping over a shoelace while carrying a stack of boxes."
ADV-042,patiently,Adverb,,"Flat vector illustration, thick uniform outline, flat colour fills only, no gradients, no shading, no texture, simple geometric shapes, single centred subject, plain pale background, generous margins, minimal detail, absolutely no text, no letters, no words, no numbers, no signage. Scene: Someone sitting calmly on a bench, watching the clock without checking it repeatedly."
ADV-043,nervously,Adverb,,"Flat vector illustration, thick uniform outline, flat colour fills only, no gradients, no shading, no texture, simple geometric shapes, single centred subject, plain pale background, generous margins, minimal detail, absolutely no text, no letters, no words, no numbers, no signage. Scene: Fingers tapping restlessly on a table while eyes dart toward a doorway."
ADV-044,calmly,Adverb,,"Flat vector illustration, thick uniform outline, flat colour fills only, no gradients, no shading, no texture, simple geometric shapes, single centred subject, plain pale background, generous margins, minimal detail, absolutely no text, no letters, no words, no numbers, no signage. Scene: Someone breathing slowly with their eyes closed before a big decision."
ADV-045,angrily,Adverb,,"Flat vector illustration, thick uniform outline, flat colour fills only, no gradients, no shading, no texture, simple geometric shapes, single centred subject, plain pale background, generous margins, minimal detail, absolutely no text, no letters, no words, no numbers, no signage. Scene: A red-faced person crossing their arms and turning away sharply."
ADV-046,happily,Adverb,,"Flat vector illustration, thick uniform outline, flat colour fills only, no gradients, no shading, no texture, simple geometric shapes, single centred subject, plain pale background, generous margins, minimal detail, absolutely no text, no letters, no words, no numbers, no signage. Scene: A child laughing while running through falling autumn leaves."
ADV-047,sadly,Adverb,,"Flat vector illustration, thick uniform outline, flat colour fills only, no gradients, no shading, no texture, simple geometric shapes, single centred subject, plain pale background, generous margins, minimal detail, absolutely no text, no letters, no words, no numbers, no signage. Scene: A single wilted flower on an empty table."
ADV-048,bravely,Adverb,,"Flat vector illustration, thick uniform outline, flat colour fills only, no gradients, no shading, no texture, simple geometric shapes, single centred subject, plain pale background, generous margins, minimal detail, absolutely no text, no letters, no words, no numbers, no signage. Scene: A small figure stepping forward alone toward a dark doorway."
ADV-049,honestly,Adverb,,"Flat vector illustration, thick uniform outline, flat colour fills only, no gradients, no shading, no texture, simple geometric shapes, single centred subject, plain pale background, generous margins, minimal detail, absolutely no text, no letters, no words, no numbers, no signage. Scene: A person looking someone straight in the eye while speaking."
ADV-050,secretly,Adverb,,"Flat vector illustration, thick uniform outline, flat colour fills only, no gradients, no shading, no texture, simple geometric shapes, single centred subject, plain pale background, generous margins, minimal detail, absolutely no text, no letters, no words, no numbers, no signage. Scene: A hand slipping a folded note under a door when no one is watching."
ADV-051,openly,Adverb,,"Flat vector illustration, thick uniform outline, flat colour fills only, no gradients, no shading, no texture, simple geometric shapes, single centred subject, plain pale background, generous margins, minimal detail, absolutely no text, no letters, no words, no numbers, no signage. Scene: Curtains being pulled wide open to let in daylight."
ADV-052,directly,Adverb,,"Flat vector illustration, thick uniform outline, flat colour fills only, no gradients, no shading, no texture, simple geometric shapes, single centred subject, plain pale background, generous margins, minimal detail, absolutely no text, no letters, no words, no numbers, no signage. Scene: A straight arrow pointing from one point to another with no bends."
ADV-053,indirectly,Adverb,,"Flat vector illustration, thick uniform outline, flat colour fills only, no gradients, no shading, no texture, simple geometric shapes, single centred subject, plain pale background, generous margins, minimal detail, absolutely no text, no letters, no words, no numbers, no signage. Scene: A winding path leading to the same destination as a straight road, just longer."
ADV-054,willingly,Adverb,,"Flat vector illustration, thick uniform outline, flat colour fills only, no gradients, no shading, no texture, simple geometric shapes, single centred subject, plain pale background, generous margins, minimal detail, absolutely no text, no letters, no words, no numbers, no signage. Scene: A hand raised high and fast when volunteers are asked for."
ADV-055,reluctantly,Adverb,,"Flat vector illustration, thick uniform outline, flat colour fills only, no gradients, no shading, no texture, simple geometric shapes, single centred subject, plain pale background, generous margins, minimal detail, absolutely no text, no letters, no words, no numbers, no signage. Scene: Someone being pulled slowly toward a door they don't want to walk through."
ADV-056,eagerly,Adverb,,"Flat vector illustration, thick uniform outline, flat colour fills only, no gradients, no shading, no texture, simple geometric shapes, single centred subject, plain pale background, generous margins, minimal detail, absolutely no text, no letters, no words, no numbers, no signage. Scene: A dog wagging its tail furiously by the front door, waiting to go out."
ADV-057,cautiously,Adverb,,"Flat vector illustration, thick uniform outline, flat colour fills only, no gradients, no shading, no texture, simple geometric shapes, single centred subject, plain pale background, generous margins, minimal detail, absolutely no text, no letters, no words, no numbers, no signage. Scene: A cat slowly stepping into an unfamiliar room, ears alert."
ADV-058,silently,Adverb,,"Flat vector illustration, thick uniform outline, flat colour fills only, no gradients, no shading, no texture, simple geometric shapes, single centred subject, plain pale background, generous margins, minimal detail, absolutely no text, no letters, no words, no numbers, no signage. Scene: Snow falling silently outside a window at night."
ADV-059,gracefully,Adverb,,"Flat vector illustration, thick uniform outline, flat colour fills only, no gradients, no shading, no texture, simple geometric shapes, single centred subject, plain pale background, generous margins, minimal detail, absolutely no text, no letters, no words, no numbers, no signage. Scene: A ballerina landing softly after a spin, arms perfectly balanced."
ADV-060,very,Adverb,,"Flat vector illustration, thick uniform outline, flat colour fills only, no gradients, no shading, no texture, simple geometric shapes, single centred subject, plain pale background, generous margins, minimal detail, absolutely no text, no letters, no words, no numbers, no signage. Scene: A volume dial turned up a few extra notches."
ADV-061,extremely,Adverb,,"Flat vector illustration, thick uniform outline, flat colour fills only, no gradients, no shading, no texture, simple geometric shapes, single centred subject, plain pale background, generous margins, minimal detail, absolutely no text, no letters, no words, no numbers, no signage. Scene: A thermometer's red line pushed all the way to the top."
ADV-062,quite,Adverb,,"Flat vector illustration, thick uniform outline, flat colour fills only, no gradients, no shading, no texture, simple geometric shapes, single centred subject, plain pale background, generous margins, minimal detail, absolutely no text, no letters, no words, no numbers, no signage. Scene: A dial set to the middle, not all the way up."
ADV-063,fairly,Adverb,,"Flat vector illustration, thick uniform outline, flat colour fills only, no gradients, no shading, no texture, simple geometric shapes, single centred subject, plain pale background, generous margins, minimal detail, absolutely no text, no letters, no words, no numbers, no signage. Scene: A scale balanced roughly in the middle, tilting only slightly."
ADV-064,rather,Adverb,,"Flat vector illustration, thick uniform outline, flat colour fills only, no gradients, no shading, no texture, simple geometric shapes, single centred subject, plain pale background, generous margins, minimal detail, absolutely no text, no letters, no words, no numbers, no signage. Scene: A signpost with two arrows, one slightly favored over the other."
ADV-065,somewhat,Adverb,,"Flat vector illustration, thick uniform outline, flat colour fills only, no gradients, no shading, no texture, simple geometric shapes, single centred subject, plain pale background, generous margins, minimal detail, absolutely no text, no letters, no words, no numbers, no signage. Scene: A glass filled about halfway, neither empty nor full."
ADV-066,slightly,Adverb,,"Flat vector illustration, thick uniform outline, flat colour fills only, no gradients, no shading, no texture, simple geometric shapes, single centred subject, plain pale background, generous margins, minimal detail, absolutely no text, no letters, no words, no numbers, no signage. Scene: A needle on a scale moving just a hair past the middle mark."
ADV-067,completely,Adverb,,"Flat vector illustration, thick uniform outline, flat colour fills only, no gradients, no shading, no texture, simple geometric shapes, single centred subject, plain pale background, generous margins, minimal detail, absolutely no text, no letters, no words, no numbers, no signage. Scene: A glass filled to the very brim, not a drop of space left."
ADV-068,totally,Adverb,,"Flat vector illustration, thick uniform outline, flat colour fills only, no gradients, no shading, no texture, simple geometric shapes, single centred subject, plain pale background, generous margins, minimal detail, absolutely no text, no letters, no words, no numbers, no signage. Scene: A checkbox ticked all the way, no partial marks."
ADV-069,absolutely,Adverb,,"Flat vector illustration, thick uniform outline, flat colour fills only, no gradients, no shading, no texture, simple geometric shapes, single centred subject, plain pale background, generous margins, minimal detail, absolutely no text, no letters, no words, no numbers, no signage. Scene: A judge's gavel striking down firmly, a final decision."
ADV-070,entirely,Adverb,,"Flat vector illustration, thick uniform outline, flat colour fills only, no gradients, no shading, no texture, simple geometric shapes, single centred subject, plain pale background, generous margins, minimal detail, absolutely no text, no letters, no words, no numbers, no signage. Scene: A pie chart shaded in one solid color, no slices missing."
ADV-071,barely,Adverb,,"Flat vector illustration, thick uniform outline, flat colour fills only, no gradients, no shading, no texture, simple geometric shapes, single centred subject, plain pale background, generous margins, minimal detail, absolutely no text, no letters, no words, no numbers, no signage. Scene: A finger just brushing the edge of a closing door."
ADV-072,almost,Adverb,,"Flat vector illustration, thick uniform outline, flat colour fills only, no gradients, no shading, no texture, simple geometric shapes, single centred subject, plain pale background, generous margins, minimal detail, absolutely no text, no letters, no words, no numbers, no signage. Scene: A finish line just a few steps ahead of a tired runner."
ADV-073,nearly,Adverb,,"Flat vector illustration, thick uniform outline, flat colour fills only, no gradients, no shading, no texture, simple geometric shapes, single centred subject, plain pale background, generous margins, minimal detail, absolutely no text, no letters, no words, no numbers, no signage. Scene: A hand reaching out, just inches from touching something."
ADV-074,just,Adverb,,"Flat vector illustration, thick uniform outline, flat colour fills only, no gradients, no shading, no texture, simple geometric shapes, single centred subject, plain pale background, generous margins, minimal detail, absolutely no text, no letters, no words, no numbers, no signage. Scene: A clock hand that has just ticked past the hour mark."
ADV-075,only,Adverb,,"Flat vector illustration, thick uniform outline, flat colour fills only, no gradients, no shading, no texture, simple geometric shapes, single centred subject, plain pale background, generous margins, minimal detail, absolutely no text, no letters, no words, no numbers, no signage. Scene: A single candle burning in an otherwise dark room."
ADV-076,too,Adverb,,"Flat vector illustration, thick uniform outline, flat colour fills only, no gradients, no shading, no texture, simple geometric shapes, single centred subject, plain pale background, generous margins, minimal detail, absolutely no text, no letters, no words, no numbers, no signage. Scene: A suitcase overflowing because it's packed with too many clothes."
ADV-077,utterly,Adverb,YES,"Flat vector illustration, thick uniform outline, flat colour fills only, no gradients, no shading, no texture, simple geometric shapes, single centred subject, plain pale background, generous margins, minimal detail, absolutely no text, no letters, no words, no numbers, no signage. Scene: A single word written in bold capital letters, underlined twice for emphasis."
ADV-078,exceedingly,Adverb,,"Flat vector illustration, thick uniform outline, flat colour fills only, no gradients, no shading, no texture, simple geometric shapes, single centred subject, plain pale background, generous margins, minimal detail, absolutely no text, no letters, no words, no numbers, no signage. Scene: An old, elegant book with gold-lettered pages describing grand events."
ADV-079,remarkably,Adverb,,"Flat vector illustration, thick uniform outline, flat colour fills only, no gradients, no shading, no texture, simple geometric shapes, single centred subject, plain pale background, generous margins, minimal detail, absolutely no text, no letters, no words, no numbers, no signage. Scene: A raised eyebrow of surprise paired with an approving nod."
ADV-080,here,Adverb,,"Flat vector illustration, thick uniform outline, flat colour fills only, no gradients, no shading, no texture, simple geometric shapes, single centred subject, plain pale background, generous margins, minimal detail, absolutely no text, no letters, no words, no numbers, no signage. Scene: A pin dropped exactly on your current location on a map."
ADV-081,there,Adverb,,"Flat vector illustration, thick uniform outline, flat colour fills only, no gradients, no shading, no texture, simple geometric shapes, single centred subject, plain pale background, generous margins, minimal detail, absolutely no text, no letters, no words, no numbers, no signage. Scene: An arrow pointing toward a distant spot on the horizon."
ADV-082,everywhere,Adverb,,"Flat vector illustration, thick uniform outline, flat colour fills only, no gradients, no shading, no texture, simple geometric shapes, single centred subject, plain pale background, generous margins, minimal detail, absolutely no text, no letters, no words, no numbers, no signage. Scene: Footprints scattered across every corner of a map."
ADV-083,nowhere,Adverb,,"Flat vector illustration, thick uniform outline, flat colour fills only, no gradients, no shading, no texture, simple geometric shapes, single centred subject, plain pale background, generous margins, minimal detail, absolutely no text, no letters, no words, no numbers, no signage. Scene: A blank, empty map with no marked location at all."
ADV-084,somewhere,Adverb,,"Flat vector illustration, thick uniform outline, flat colour fills only, no gradients, no shading, no texture, simple geometric shapes, single centred subject, plain pale background, generous margins, minimal detail, absolutely no text, no letters, no words, no numbers, no signage. Scene: A faint dot on a map, marking an unclear, unconfirmed location."
ADV-085,anywhere,Adverb,,"Flat vector illustration, thick uniform outline, flat colour fills only, no gradients, no shading, no texture, simple geometric shapes, single centred subject, plain pale background, generous margins, minimal detail, absolutely no text, no letters, no words, no numbers, no signage. Scene: A compass spinning freely, pointing to no fixed direction."
ADV-086,upward,Adverb,,"Flat vector illustration, thick uniform outline, flat colour fills only, no gradients, no shading, no texture, simple geometric shapes, single centred subject, plain pale background, generous margins, minimal detail, absolutely no text, no letters, no words, no numbers, no signage. Scene: An arrow rising steadily from the bottom to the top of a graph."
ADV-087,downward,Adverb,,"Flat vector illustration, thick uniform outline, flat colour fills only, no gradients, no shading, no texture, simple geometric shapes, single centred subject, plain pale background, generous margins, minimal detail, absolutely no text, no letters, no words, no numbers, no signage. Scene: An arrow sloping steadily from the top to the bottom of a graph."
ADV-088,forward,Adverb,,"Flat vector illustration, thick uniform outline, flat colour fills only, no gradients, no shading, no texture, simple geometric shapes, single centred subject, plain pale background, generous margins, minimal detail, absolutely no text, no letters, no words, no numbers, no signage. Scene: A single arrow pointing straight ahead down a road."
ADV-089,backward,Adverb,,"Flat vector illustration, thick uniform outline, flat colour fills only, no gradients, no shading, no texture, simple geometric shapes, single centred subject, plain pale background, generous margins, minimal detail, absolutely no text, no letters, no words, no numbers, no signage. Scene: A person walking in reverse, glancing back over their shoulder."
ADV-090,together,Adverb,YES,"Flat vector illustration, thick uniform outline, flat colour fills only, no gradients, no shading, no texture, simple geometric shapes, single centred subject, plain pale background, generous margins, minimal detail, absolutely no text, no letters, no words, no numbers, no signage. Scene: Puzzle pieces clicking into place to form one picture."
NUM-001,several,Numeral/Quantifier,,"Flat vector illustration, thick uniform outline, flat colour fills only, no gradients, no shading, no texture, simple geometric shapes, single centred subject, plain pale background, generous margins, minimal detail, absolutely no text, no letters, no words, no numbers, no signage. Scene: A handful of pebbles, more than three but easy to count."
NUM-002,dozen,Numeral/Quantifier,,"Flat vector illustration, thick uniform outline, flat colour fills only, no gradients, no shading, no texture, simple geometric shapes, single centred subject, plain pale background, generous margins, minimal detail, absolutely no text, no letters, no words, no numbers, no signage. Scene: A standard egg carton, exactly twelve slots."
NUM-003,one,Numeral/Quantifier,,"Flat vector illustration, thick uniform outline, flat colour fills only, no gradients, no shading, no texture, simple geometric shapes, single centred subject, plain pale background, generous margins, minimal detail, absolutely no text, no letters, no words, no numbers, no signage. Scene: A single candle flame standing alone in the dark."
NUM-004,two,Numeral/Quantifier,,"Flat vector illustration, thick uniform outline, flat colour fills only, no gradients, no shading, no texture, simple geometric shapes, single centred subject, plain pale background, generous margins, minimal detail, absolutely no text, no letters, no words, no numbers, no signage. Scene: Two matching shoes placed side by side."
NUM-005,three,Numeral/Quantifier,,"Flat vector illustration, thick uniform outline, flat colour fills only, no gradients, no shading, no texture, simple geometric shapes, single centred subject, plain pale background, generous margins, minimal detail, absolutely no text, no letters, no words, no numbers, no signage. Scene: Three candles lined up in a row on a cake."
NUM-006,four,Numeral/Quantifier,,"Flat vector illustration, thick uniform outline, flat colour fills only, no gradients, no shading, no texture, simple geometric shapes, single centred subject, plain pale background, generous margins, minimal detail, absolutely no text, no letters, no words, no numbers, no signage. Scene: The four corners of a square table."
NUM-007,five,Numeral/Quantifier,,"Flat vector illustration, thick uniform outline, flat colour fills only, no gradients, no shading, no texture, simple geometric shapes, single centred subject, plain pale background, generous margins, minimal detail, absolutely no text, no letters, no words, no numbers, no signage. Scene: A hand held up showing five spread fingers."
NUM-008,six,Numeral/Quantifier,,"Flat vector illustration, thick uniform outline, flat colour fills only, no gradients, no shading, no texture, simple geometric shapes, single centred subject, plain pale background, generous margins, minimal detail, absolutely no text, no letters, no words, no numbers, no signage. Scene: The six dots on the face of a rolled die."
NUM-009,seven,Numeral/Quantifier,,"Flat vector illustration, thick uniform outline, flat colour fills only, no gradients, no shading, no texture, simple geometric shapes, single centred subject, plain pale background, generous margins, minimal detail, absolutely no text, no letters, no words, no numbers, no signage. Scene: Seven colorful stripes of a rainbow."
NUM-010,eight,Numeral/Quantifier,,"Flat vector illustration, thick uniform outline, flat colour fills only, no gradients, no shading, no texture, simple geometric shapes, single centred subject, plain pale background, generous margins, minimal detail, absolutely no text, no letters, no words, no numbers, no signage. Scene: The eight legs of a spider spread out on its web."
NUM-011,nine,Numeral/Quantifier,,"Flat vector illustration, thick uniform outline, flat colour fills only, no gradients, no shading, no texture, simple geometric shapes, single centred subject, plain pale background, generous margins, minimal detail, absolutely no text, no letters, no words, no numbers, no signage. Scene: A cat curling up, said to have nine lives."
NUM-012,ten,Numeral/Quantifier,,"Flat vector illustration, thick uniform outline, flat colour fills only, no gradients, no shading, no texture, simple geometric shapes, single centred subject, plain pale background, generous margins, minimal detail, absolutely no text, no letters, no words, no numbers, no signage. Scene: Ten fingers spread wide, all counted at once."
NUM-013,eleven,Numeral/Quantifier,,"Flat vector illustration, thick uniform outline, flat colour fills only, no gradients, no shading, no texture, simple geometric shapes, single centred subject, plain pale background, generous margins, minimal detail, absolutely no text, no letters, no words, no numbers, no signage. Scene: A full soccer team lined up, eleven players strong."
NUM-014,twelve,Numeral/Quantifier,,"Flat vector illustration, thick uniform outline, flat colour fills only, no gradients, no shading, no texture, simple geometric shapes, single centred subject, plain pale background, generous margins, minimal detail, absolutely no text, no letters, no words, no numbers, no signage. Scene: A clock face with its hands pointing straight up at twelve."
NUM-015,thirteen,Numeral/Quantifier,,"Flat vector illustration, thick uniform outline, flat colour fills only, no gradients, no shading, no texture, simple geometric shapes, single centred subject, plain pale background, generous margins, minimal detail, absolutely no text, no letters, no words, no numbers, no signage. Scene: A calendar page with Friday the thirteenth circled in red."
NUM-016,fourteen,Numeral/Quantifier,,"Flat vector illustration, thick uniform outline, flat colour fills only, no gradients, no shading, no texture, simple geometric shapes, single centred subject, plain pale background, generous margins, minimal detail, absolutely no text, no letters, no words, no numbers, no signage. Scene: Two full weeks marked off on a calendar."
NUM-017,fifteen,Numeral/Quantifier,,"Flat vector illustration, thick uniform outline, flat colour fills only, no gradients, no shading, no texture, simple geometric shapes, single centred subject, plain pale background, generous margins, minimal detail, absolutely no text, no letters, no words, no numbers, no signage. Scene: A clock with its minute hand pointing at the fifteen-minute mark."
NUM-018,sixteen,Numeral/Quantifier,,"Flat vector illustration, thick uniform outline, flat colour fills only, no gradients, no shading, no texture, simple geometric shapes, single centred subject, plain pale background, generous margins, minimal detail, absolutely no text, no letters, no words, no numbers, no signage. Scene: A birthday cake with sixteen lit candles."
NUM-019,seventeen,Numeral/Quantifier,,"Flat vector illustration, thick uniform outline, flat colour fills only, no gradients, no shading, no texture, simple geometric shapes, single centred subject, plain pale background, generous margins, minimal detail, absolutely no text, no letters, no words, no numbers, no signage. Scene: A stack of seventeen books piled on a nightstand."
NUM-020,eighteen,Numeral/Quantifier,,"Flat vector illustration, thick uniform outline, flat colour fills only, no gradients, no shading, no texture, simple geometric shapes, single centred subject, plain pale background, generous margins, minimal detail, absolutely no text, no letters, no words, no numbers, no signage. Scene: A young adult holding up a freshly issued ID card."
NUM-021,nineteen,Numeral/Quantifier,,"Flat vector illustration, thick uniform outline, flat colour fills only, no gradients, no shading, no texture, simple geometric shapes, single centred subject, plain pale background, generous margins, minimal detail, absolutely no text, no letters, no words, no numbers, no signage. Scene: A calendar flipping from eighteen to nineteen candles on a cake."
NUM-022,twenty,Numeral/Quantifier,,"Flat vector illustration, thick uniform outline, flat colour fills only, no gradients, no shading, no texture, simple geometric shapes, single centred subject, plain pale background, generous margins, minimal detail, absolutely no text, no letters, no words, no numbers, no signage. Scene: Two hands held up, each showing all ten fingers."
NUM-023,thirty,Numeral/Quantifier,,"Flat vector illustration, thick uniform outline, flat colour fills only, no gradients, no shading, no texture, simple geometric shapes, single centred subject, plain pale background, generous margins, minimal detail, absolutely no text, no letters, no words, no numbers, no signage. Scene: Three rows of ten dots, arranged neatly like a chart."
NUM-024,forty,Numeral/Quantifier,,"Flat vector illustration, thick uniform outline, flat colour fills only, no gradients, no shading, no texture, simple geometric shapes, single centred subject, plain pale background, generous margins, minimal detail, absolutely no text, no letters, no words, no numbers, no signage. Scene: Four rows of ten checkmarks lined up on a checklist."
NUM-025,fifty,Numeral/Quantifier,,"Flat vector illustration, thick uniform outline, flat colour fills only, no gradients, no shading, no texture, simple geometric shapes, single centred subject, plain pale background, generous margins, minimal detail, absolutely no text, no letters, no words, no numbers, no signage. Scene: A coin balanced perfectly on its edge, representing even odds."
NUM-026,sixty,Numeral/Quantifier,,"Flat vector illustration, thick uniform outline, flat colour fills only, no gradients, no shading, no texture, simple geometric shapes, single centred subject, plain pale background, generous margins, minimal detail, absolutely no text, no letters, no words, no numbers, no signage. Scene: A clock face completing one full circle of sixty minutes."
NUM-027,seventy,Numeral/Quantifier,,"Flat vector illustration, thick uniform outline, flat colour fills only, no gradients, no shading, no texture, simple geometric shapes, single centred subject, plain pale background, generous margins, minimal detail, absolutely no text, no letters, no words, no numbers, no signage. Scene: Seven full rows of ten chairs set up in an auditorium."
NUM-028,eighty,Numeral/Quantifier,,"Flat vector illustration, thick uniform outline, flat colour fills only, no gradients, no shading, no texture, simple geometric shapes, single centred subject, plain pale background, generous margins, minimal detail, absolutely no text, no letters, no words, no numbers, no signage. Scene: Eight complete rows of ten bricks stacked to build a wall."
NUM-029,ninety,Numeral/Quantifier,,"Flat vector illustration, thick uniform outline, flat colour fills only, no gradients, no shading, no texture, simple geometric shapes, single centred subject, plain pale background, generous margins, minimal detail, absolutely no text, no letters, no words, no numbers, no signage. Scene: A thermometer's red line climbing close to the very top."
NUM-030,hundred,Numeral/Quantifier,,"Flat vector illustration, thick uniform outline, flat colour fills only, no gradients, no shading, no texture, simple geometric shapes, single centred subject, plain pale background, generous margins, minimal detail, absolutely no text, no letters, no words, no numbers, no signage. Scene: A grid of ten rows and ten columns of dots, exactly one hundred."
NUM-031,thousand,Numeral/Quantifier,,"Flat vector illustration, thick uniform outline, flat colour fills only, no gradients, no shading, no texture, simple geometric shapes, single centred subject, plain pale background, generous margins, minimal detail, absolutely no text, no letters, no words, no numbers, no signage. Scene: A massive stadium crowd, packed shoulder to shoulder."
NUM-032,million,Numeral/Quantifier,,"Flat vector illustration, thick uniform outline, flat colour fills only, no gradients, no shading, no texture, simple geometric shapes, single centred subject, plain pale background, generous margins, minimal detail, absolutely no text, no letters, no words, no numbers, no signage. Scene: A warehouse stacked floor to ceiling with countless boxes."
NUM-033,billion,Numeral/Quantifier,,"Flat vector illustration, thick uniform outline, flat colour fills only, no gradients, no shading, no texture, simple geometric shapes, single centred subject, plain pale background, generous margins, minimal detail, absolutely no text, no letters, no words, no numbers, no signage. Scene: An entire city skyline representing an almost unimaginable sum of money."
NUM-034,first,Numeral/Quantifier,,"Flat vector illustration, thick uniform outline, flat colour fills only, no gradients, no shading, no texture, simple geometric shapes, single centred subject, plain pale background, generous margins, minimal detail, absolutely no text, no letters, no words, no numbers, no signage. Scene: A gold medal placed around the neck of a race winner."
NUM-035,second,Numeral/Quantifier,,"Flat vector illustration, thick uniform outline, flat colour fills only, no gradients, no shading, no texture, simple geometric shapes, single centred subject, plain pale background, generous margins, minimal detail, absolutely no text, no letters, no words, no numbers, no signage. Scene: A stopwatch ticking down, marking each passing second."
NUM-036,third,Numeral/Quantifier,,"Flat vector illustration, thick uniform outline, flat colour fills only, no gradients, no shading, no texture, simple geometric shapes, single centred subject, plain pale background, generous margins, minimal detail, absolutely no text, no letters, no words, no numbers, no signage. Scene: A bronze medal, awarded for third place."
NUM-037,fourth,Numeral/Quantifier,,"Flat vector illustration, thick uniform outline, flat colour fills only, no gradients, no shading, no texture, simple geometric shapes, single centred subject, plain pale background, generous margins, minimal detail, absolutely no text, no letters, no words, no numbers, no signage. Scene: A calendar with the fourth day of the month circled."
NUM-038,fifth,Numeral/Quantifier,,"Flat vector illustration, thick uniform outline, flat colour fills only, no gradients, no shading, no texture, simple geometric shapes, single centred subject, plain pale background, generous margins, minimal detail, absolutely no text, no letters, no words, no numbers, no signage. Scene: An elevator panel with the button for the fifth floor lit up."
NUM-039,sixth,Numeral/Quantifier,,"Flat vector illustration, thick uniform outline, flat colour fills only, no gradients, no shading, no texture, simple geometric shapes, single centred subject, plain pale background, generous margins, minimal detail, absolutely no text, no letters, no words, no numbers, no signage. Scene: An eye slightly open on the back of a hand, symbolizing extra intuition."
NUM-040,seventh,Numeral/Quantifier,,"Flat vector illustration, thick uniform outline, flat colour fills only, no gradients, no shading, no texture, simple geometric shapes, single centred subject, plain pale background, generous margins, minimal detail, absolutely no text, no letters, no words, no numbers, no signage. Scene: A person floating on a cloud, blissfully happy."
NUM-041,eighth,Numeral/Quantifier,,"Flat vector illustration, thick uniform outline, flat colour fills only, no gradients, no shading, no texture, simple geometric shapes, single centred subject, plain pale background, generous margins, minimal detail, absolutely no text, no letters, no words, no numbers, no signage. Scene: A racing bib with the number 8 crossing a finish line marker labeled '8th.'"
NUM-042,ninth,Numeral/Quantifier,,"Flat vector illustration, thick uniform outline, flat colour fills only, no gradients, no shading, no texture, simple geometric shapes, single centred subject, plain pale background, generous margins, minimal detail, absolutely no text, no letters, no words, no numbers, no signage. Scene: A scoreboard flipping to show '9th inning.'"
NUM-043,tenth,Numeral/Quantifier,,"Flat vector illustration, thick uniform outline, flat colour fills only, no gradients, no shading, no texture, simple geometric shapes, single centred subject, plain pale background, generous margins, minimal detail, absolutely no text, no letters, no words, no numbers, no signage. Scene: A cake with a big '10' candle marking a tenth anniversary."
NUM-044,eleventh,Numeral/Quantifier,,"Flat vector illustration, thick uniform outline, flat colour fills only, no gradients, no shading, no texture, simple geometric shapes, single centred subject, plain pale background, generous margins, minimal detail, absolutely no text, no letters, no words, no numbers, no signage. Scene: A clock hand about to strike midnight."
NUM-045,twelfth,Numeral/Quantifier,,"Flat vector illustration, thick uniform outline, flat colour fills only, no gradients, no shading, no texture, simple geometric shapes, single centred subject, plain pale background, generous margins, minimal detail, absolutely no text, no letters, no words, no numbers, no signage. Scene: A calendar page turning to December, the twelfth month."
NUM-046,twentieth,Numeral/Quantifier,,"Flat vector illustration, thick uniform outline, flat colour fills only, no gradients, no shading, no texture, simple geometric shapes, single centred subject, plain pale background, generous margins, minimal detail, absolutely no text, no letters, no words, no numbers, no signage. Scene: An old black-and-white photograph representing the twentieth century."
NUM-047,hundredth,Numeral/Quantifier,,"Flat vector illustration, thick uniform outline, flat colour fills only, no gradients, no shading, no texture, simple geometric shapes, single centred subject, plain pale background, generous margins, minimal detail, absolutely no text, no letters, no words, no numbers, no signage. Scene: A stopwatch showing a difference of just one hundredth of a second."
NUM-048,thousandth,Numeral/Quantifier,,"Flat vector illustration, thick uniform outline, flat colour fills only, no gradients, no shading, no texture, simple geometric shapes, single centred subject, plain pale background, generous margins, minimal detail, absolutely no text, no letters, no words, no numbers, no signage. Scene: A large banner reading '1,000th customer!' hanging above a shop entrance."
NUM-049,half,Numeral/Quantifier,,"Flat vector illustration, thick uniform outline, flat colour fills only, no gradients, no shading, no texture, simple geometric shapes, single centred subject, plain pale background, generous margins, minimal detail, absolutely no text, no letters, no words, no numbers, no signage. Scene: A pizza cut cleanly down the middle into two equal slices."
NUM-050,quarter,Numeral/Quantifier,,"Flat vector illustration, thick uniform outline, flat colour fills only, no gradients, no shading, no texture, simple geometric shapes, single centred subject, plain pale background, generous margins, minimal detail, absolutely no text, no letters, no words, no numbers, no signage. Scene: A pie cut into four equal wedges, with one slice pulled forward."
NUM-051,double,Numeral/Quantifier,,"Flat vector illustration, thick uniform outline, flat colour fills only, no gradients, no shading, no texture, simple geometric shapes, single centred subject, plain pale background, generous margins, minimal detail, absolutely no text, no letters, no words, no numbers, no signage. Scene: One apple next to a mirror reflecting two apples."
NUM-052,triple,Numeral/Quantifier,,"Flat vector illustration, thick uniform outline, flat colour fills only, no gradients, no shading, no texture, simple geometric shapes, single centred subject, plain pale background, generous margins, minimal detail, absolutely no text, no letters, no words, no numbers, no signage. Scene: One coffee cup multiplying into three identical cups in a row."
NUM-053,quadruple,Numeral/Quantifier,,"Flat vector illustration, thick uniform outline, flat colour fills only, no gradients, no shading, no texture, simple geometric shapes, single centred subject, plain pale background, generous margins, minimal detail, absolutely no text, no letters, no words, no numbers, no signage. Scene: One small plant multiplying into four identical plants in a row."
NUM-054,pair,Numeral/Quantifier,,"Flat vector illustration, thick uniform outline, flat colour fills only, no gradients, no shading, no texture, simple geometric shapes, single centred subject, plain pale background, generous margins, minimal detail, absolutely no text, no letters, no words, no numbers, no signage. Scene: Two shoes placed neatly side by side."
NUM-055,couple,Numeral/Quantifier,,"Flat vector illustration, thick uniform outline, flat colour fills only, no gradients, no shading, no texture, simple geometric shapes, single centred subject, plain pale background, generous margins, minimal detail, absolutely no text, no letters, no words, no numbers, no signage. Scene: Two rings linked together, side by side."
NUM-056,single,Numeral/Quantifier,,"Flat vector illustration, thick uniform outline, flat colour fills only, no gradients, no shading, no texture, simple geometric shapes, single centred subject, plain pale background, generous margins, minimal detail, absolutely no text, no letters, no words, no numbers, no signage. Scene: One lonely chair at an otherwise empty table."
NUM-057,multiple,Numeral/Quantifier,,"Flat vector illustration, thick uniform outline, flat colour fills only, no gradients, no shading, no texture, simple geometric shapes, single centred subject, plain pale background, generous margins, minimal detail, absolutely no text, no letters, no words, no numbers, no signage. Scene: Several identical puzzle pieces scattered across a table."
NUM-058,numerous,Numeral/Quantifier,,"Flat vector illustration, thick uniform outline, flat colour fills only, no gradients, no shading, no texture, simple geometric shapes, single centred subject, plain pale background, generous margins, minimal detail, absolutely no text, no letters, no words, no numbers, no signage. Scene: A long list with many checkmarks, stretching off the page."
NUM-059,countless,Numeral/Quantifier,,"Flat vector illustration, thick uniform outline, flat colour fills only, no gradients, no shading, no texture, simple geometric shapes, single centred subject, plain pale background, generous margins, minimal detail, absolutely no text, no letters, no words, no numbers, no signage. Scene: A night sky packed with too many stars to count."
NUM-060,few,Numeral/Quantifier,,"Flat vector illustration, thick uniform outline, flat colour fills only, no gradients, no shading, no texture, simple geometric shapes, single centred subject, plain pale background, generous margins, minimal detail, absolutely no text, no letters, no words, no numbers, no signage. Scene: A small handful of coins, clearly less than a full pocketful."
NUM-061,many,Numeral/Quantifier,,"Flat vector illustration, thick uniform outline, flat colour fills only, no gradients, no shading, no texture, simple geometric shapes, single centred subject, plain pale background, generous margins, minimal detail, absolutely no text, no letters, no words, no numbers, no signage. Scene: A crowded room packed with many people standing shoulder to shoulder."
NUM-062,most,Numeral/Quantifier,,"Flat vector illustration, thick uniform outline, flat colour fills only, no gradients, no shading, no texture, simple geometric shapes, single centred subject, plain pale background, generous margins, minimal detail, absolutely no text, no letters, no words, no numbers, no signage. Scene: A pie chart with one large slice representing ""most"" of the whole."
NUM-063,least,Numeral/Quantifier,,"Flat vector illustration, thick uniform outline, flat colour fills only, no gradients, no shading, no texture, simple geometric shapes, single centred subject, plain pale background, generous margins, minimal detail, absolutely no text, no letters, no words, no numbers, no signage. Scene: Three glasses of water, one nearly empty, labeled ""the least."""
NUM-064,more,Numeral/Quantifier,,"Flat vector illustration, thick uniform outline, flat colour fills only, no gradients, no shading, no texture, simple geometric shapes, single centred subject, plain pale background, generous margins, minimal detail, absolutely no text, no letters, no words, no numbers, no signage. Scene: A hand reaching out for a second helping of food."
NUM-065,less,Numeral/Quantifier,,"Flat vector illustration, thick uniform outline, flat colour fills only, no gradients, no shading, no texture, simple geometric shapes, single centred subject, plain pale background, generous margins, minimal detail, absolutely no text, no letters, no words, no numbers, no signage. Scene: A glass with only a small amount of water left in it."
NUM-066,all,Numeral/Quantifier,,"Flat vector illustration, thick uniform outline, flat colour fills only, no gradients, no shading, no texture, simple geometric shapes, single centred subject, plain pale background, generous margins, minimal detail, absolutely no text, no letters, no words, no numbers, no signage. Scene: A full jar with every single space filled to the top."
NUM-067,both,Numeral/Quantifier,,"Flat vector illustration, thick uniform outline, flat colour fills only, no gradients, no shading, no texture, simple geometric shapes, single centred subject, plain pale background, generous margins, minimal detail, absolutely no text, no letters, no words, no numbers, no signage. Scene: Two identical twins standing side by side, matching in every way."
NUM-068,none,Numeral/Quantifier,,"Flat vector illustration, thick uniform outline, flat colour fills only, no gradients, no shading, no texture, simple geometric shapes, single centred subject, plain pale background, generous margins, minimal detail, absolutely no text, no letters, no words, no numbers, no signage. Scene: An empty plate where cookies used to be, with only crumbs left."
NUM-069,some,Numeral/Quantifier,,"Flat vector illustration, thick uniform outline, flat colour fills only, no gradients, no shading, no texture, simple geometric shapes, single centred subject, plain pale background, generous margins, minimal detail, absolutely no text, no letters, no words, no numbers, no signage. Scene: A hand pouring a small, unmeasured amount of sugar into a cup."
NUM-070,any,Numeral/Quantifier,,"Flat vector illustration, thick uniform outline, flat colour fills only, no gradients, no shading, no texture, simple geometric shapes, single centred subject, plain pale background, generous margins, minimal detail, absolutely no text, no letters, no words, no numbers, no signage. Scene: An open hand gesturing toward a row of identical boxes -- pick any one."
NUM-071,each,Numeral/Quantifier,,"Flat vector illustration, thick uniform outline, flat colour fills only, no gradients, no shading, no texture, simple geometric shapes, single centred subject, plain pale background, generous margins, minimal detail, absolutely no text, no letters, no words, no numbers, no signage. Scene: A row of gift boxes, one placed carefully in front of each person."
NUM-072,every,Numeral/Quantifier,,"Flat vector illustration, thick uniform outline, flat colour fills only, no gradients, no shading, no texture, simple geometric shapes, single centred subject, plain pale background, generous margins, minimal detail, absolutely no text, no letters, no words, no numbers, no signage. Scene: A calendar with every single box checked off, no days missed."
NUM-073,plenty,Numeral/Quantifier,,"Flat vector illustration, thick uniform outline, flat colour fills only, no gradients, no shading, no texture, simple geometric shapes, single centred subject, plain pale background, generous margins, minimal detail, absolutely no text, no letters, no words, no numbers, no signage. Scene: A table overflowing with food, more than anyone could possibly eat."
NUM-074,enough,Numeral/Quantifier,,"Flat vector illustration, thick uniform outline, flat colour fills only, no gradients, no shading, no texture, simple geometric shapes, single centred subject, plain pale background, generous margins, minimal detail, absolutely no text, no letters, no words, no numbers, no signage. Scene: A measuring cup filled exactly to the line, no more, no less."
NUM-075,extra,Numeral/Quantifier,,"Flat vector illustration, thick uniform outline, flat colour fills only, no gradients, no shading, no texture, simple geometric shapes, single centred subject, plain pale background, generous margins, minimal detail, absolutely no text, no letters, no words, no numbers, no signage. Scene: A pizza box with a little extra cheese spilling over the edge."
NUM-076,remaining,Numeral/Quantifier,,"Flat vector illustration, thick uniform outline, flat colour fills only, no gradients, no shading, no texture, simple geometric shapes, single centred subject, plain pale background, generous margins, minimal detail, absolutely no text, no letters, no words, no numbers, no signage. Scene: A pie with just one slice left after everyone has eaten."
NUM-077,maximum,Numeral/Quantifier,,"Flat vector illustration, thick uniform outline, flat colour fills only, no gradients, no shading, no texture, simple geometric shapes, single centred subject, plain pale background, generous margins, minimal detail, absolutely no text, no letters, no words, no numbers, no signage. Scene: A speedometer needle pushed all the way to the highest number."
NUM-078,minimum,Numeral/Quantifier,,"Flat vector illustration, thick uniform outline, flat colour fills only, no gradients, no shading, no texture, simple geometric shapes, single centred subject, plain pale background, generous margins, minimal detail, absolutely no text, no letters, no words, no numbers, no signage. Scene: A thermometer with the needle resting right at the lowest marked line."
NUM-079,whole,Numeral/Quantifier,,"Flat vector illustration, thick uniform outline, flat colour fills only, no gradients, no shading, no texture, simple geometric shapes, single centred subject, plain pale background, generous margins, minimal detail, absolutely no text, no letters, no words, no numbers, no signage. Scene: An entire, uncut pie sitting untouched on the table."
NUM-080,zero,Numeral/Quantifier,,"Flat vector illustration, thick uniform outline, flat colour fills only, no gradients, no shading, no texture, simple geometric shapes, single centred subject, plain pale background, generous margins, minimal detail, absolutely no text, no letters, no words, no numbers, no signage. Scene: A thermometer with the red line resting exactly on the '0' mark."
PRN-001,I,Pronoun,,"Flat vector illustration, thick uniform outline, flat colour fills only, no gradients, no shading, no texture, simple geometric shapes, single centred subject, plain pale background, generous margins, minimal detail, absolutely no text, no letters, no words, no numbers, no signage. Scene: A person pointing to their own chest while speaking."
PRN-002,you,Pronoun,,"Flat vector illustration, thick uniform outline, flat colour fills only, no gradients, no shading, no texture, simple geometric shapes, single centred subject, plain pale background, generous margins, minimal detail, absolutely no text, no letters, no words, no numbers, no signage. Scene: A finger pointing directly at another person across the table."
PRN-003,he,Pronoun,,"Flat vector illustration, thick uniform outline, flat colour fills only, no gradients, no shading, no texture, simple geometric shapes, single centred subject, plain pale background, generous margins, minimal detail, absolutely no text, no letters, no words, no numbers, no signage. Scene: An arrow pointing toward a man standing across the room."
PRN-004,she,Pronoun,,"Flat vector illustration, thick uniform outline, flat colour fills only, no gradients, no shading, no texture, simple geometric shapes, single centred subject, plain pale background, generous margins, minimal detail, absolutely no text, no letters, no words, no numbers, no signage. Scene: An arrow pointing toward a woman standing near the doorway."
PRN-005,it,Pronoun,,"Flat vector illustration, thick uniform outline, flat colour fills only, no gradients, no shading, no texture, simple geometric shapes, single centred subject, plain pale background, generous margins, minimal detail, absolutely no text, no letters, no words, no numbers, no signage. Scene: A finger pointing at a mysterious box sitting on a table."
PRN-006,we,Pronoun,,"Flat vector illustration, thick uniform outline, flat colour fills only, no gradients, no shading, no texture, simple geometric shapes, single centred subject, plain pale background, generous margins, minimal detail, absolutely no text, no letters, no words, no numbers, no signage. Scene: A group of people standing together, arms linked in a circle."
PRN-007,they,Pronoun,,"Flat vector illustration, thick uniform outline, flat colour fills only, no gradients, no shading, no texture, simple geometric shapes, single centred subject, plain pale background, generous margins, minimal detail, absolutely no text, no letters, no words, no numbers, no signage. Scene: A group of silhouettes walking together down a street."
PRN-008,me,Pronoun,,"Flat vector illustration, thick uniform outline, flat colour fills only, no gradients, no shading, no texture, simple geometric shapes, single centred subject, plain pale background, generous margins, minimal detail, absolutely no text, no letters, no words, no numbers, no signage. Scene: A hand reaching out to receive something being handed over."
PRN-009,him,Pronoun,,"Flat vector illustration, thick uniform outline, flat colour fills only, no gradients, no shading, no texture, simple geometric shapes, single centred subject, plain pale background, generous margins, minimal detail, absolutely no text, no letters, no words, no numbers, no signage. Scene: A hand pointing toward a man while handing him an object."
PRN-010,her,Pronoun,,"Flat vector illustration, thick uniform outline, flat colour fills only, no gradients, no shading, no texture, simple geometric shapes, single centred subject, plain pale background, generous margins, minimal detail, absolutely no text, no letters, no words, no numbers, no signage. Scene: A hand placing a bouquet gently into a woman's open hands."
PRN-011,us,Pronoun,,"Flat vector illustration, thick uniform outline, flat colour fills only, no gradients, no shading, no texture, simple geometric shapes, single centred subject, plain pale background, generous margins, minimal detail, absolutely no text, no letters, no words, no numbers, no signage. Scene: A group of people standing closely together, arms linked."
PRN-012,them,Pronoun,,"Flat vector illustration, thick uniform outline, flat colour fills only, no gradients, no shading, no texture, simple geometric shapes, single centred subject, plain pale background, generous margins, minimal detail, absolutely no text, no letters, no words, no numbers, no signage. Scene: An arrow pointing away from the speaker toward a group of people in the distance."
PRN-013,my,Pronoun,YES,"Flat vector illustration, thick uniform outline, flat colour fills only, no gradients, no shading, no texture, simple geometric shapes, single centred subject, plain pale background, generous margins, minimal detail, absolutely no text, no letters, no words, no numbers, no signage. Scene: A small tag with your own name written on it, attached to an object."
PRN-014,your,Pronoun,,"Flat vector illustration, thick uniform outline, flat colour fills only, no gradients, no shading, no texture, simple geometric shapes, single centred subject, plain pale background, generous margins, minimal detail, absolutely no text, no letters, no words, no numbers, no signage. Scene: A hand pointing toward the listener while holding out an object."
PRN-015,his,Pronoun,,"Flat vector illustration, thick uniform outline, flat colour fills only, no gradients, no shading, no texture, simple geometric shapes, single centred subject, plain pale background, generous margins, minimal detail, absolutely no text, no letters, no words, no numbers, no signage. Scene: A name tag reading 'His' stuck onto a jacket on a coat hook."
PRN-016,its,Pronoun,YES,"Flat vector illustration, thick uniform outline, flat colour fills only, no gradients, no shading, no texture, simple geometric shapes, single centred subject, plain pale background, generous margins, minimal detail, absolutely no text, no letters, no words, no numbers, no signage. Scene: A tree with a small label tied to a branch reading 'its leaves.'"
PRN-017,our,Pronoun,,"Flat vector illustration, thick uniform outline, flat colour fills only, no gradients, no shading, no texture, simple geometric shapes, single centred subject, plain pale background, generous margins, minimal detail, absolutely no text, no letters, no words, no numbers, no signage. Scene: Several hands stacked together on top of one shared object."
PRN-018,their,Pronoun,,"Flat vector illustration, thick uniform outline, flat colour fills only, no gradients, no shading, no texture, simple geometric shapes, single centred subject, plain pale background, generous margins, minimal detail, absolutely no text, no letters, no words, no numbers, no signage. Scene: A group of houses, each with a small flag showing it belongs to a different family."
PRN-019,mine,Pronoun,,"Flat vector illustration, thick uniform outline, flat colour fills only, no gradients, no shading, no texture, simple geometric shapes, single centred subject, plain pale background, generous margins, minimal detail, absolutely no text, no letters, no words, no numbers, no signage. Scene: A hand placing a small flag on an object to mark it as owned."
PRN-020,yours,Pronoun,,"Flat vector illustration, thick uniform outline, flat colour fills only, no gradients, no shading, no texture, simple geometric shapes, single centred subject, plain pale background, generous margins, minimal detail, absolutely no text, no letters, no words, no numbers, no signage. Scene: A gift box being handed over with a tag that says 'Yours.'"
PRN-021,hers,Pronoun,,"Flat vector illustration, thick uniform outline, flat colour fills only, no gradients, no shading, no texture, simple geometric shapes, single centred subject, plain pale background, generous margins, minimal detail, absolutely no text, no letters, no words, no numbers, no signage. Scene: A trophy with a small tag reading 'Hers' placed on a shelf."
PRN-022,ours,Pronoun,,"Flat vector illustration, thick uniform outline, flat colour fills only, no gradients, no shading, no texture, simple geometric shapes, single centred subject, plain pale background, generous margins, minimal detail, absolutely no text, no letters, no words, no numbers, no signage. Scene: A group of friends placing their hands together on top of a shared trophy."
PRN-023,theirs,Pronoun,,"Flat vector illustration, thick uniform outline, flat colour fills only, no gradients, no shading, no texture, simple geometric shapes, single centred subject, plain pale background, generous margins, minimal detail, absolutely no text, no letters, no words, no numbers, no signage. Scene: A group of flags planted together on top of a shared piece of land."
PRN-024,myself,Pronoun,,"Flat vector illustration, thick uniform outline, flat colour fills only, no gradients, no shading, no texture, simple geometric shapes, single centred subject, plain pale background, generous margins, minimal detail, absolutely no text, no letters, no words, no numbers, no signage. Scene: A person looking at their own reflection in a mirror."
PRN-025,yourself,Pronoun,,"Flat vector illustration, thick uniform outline, flat colour fills only, no gradients, no shading, no texture, simple geometric shapes, single centred subject, plain pale background, generous margins, minimal detail, absolutely no text, no letters, no words, no numbers, no signage. Scene: A person giving themselves a pat on the back."
PRN-026,himself,Pronoun,,"Flat vector illustration, thick uniform outline, flat colour fills only, no gradients, no shading, no texture, simple geometric shapes, single centred subject, plain pale background, generous margins, minimal detail, absolutely no text, no letters, no words, no numbers, no signage. Scene: A boy standing tall after finishing a task without any help."
PRN-027,herself,Pronoun,,"Flat vector illustration, thick uniform outline, flat colour fills only, no gradients, no shading, no texture, simple geometric shapes, single centred subject, plain pale background, generous margins, minimal detail, absolutely no text, no letters, no words, no numbers, no signage. Scene: A woman crossing a finish line and smiling at her own reflection in a puddle."
PRN-028,itself,Pronoun,,"Flat vector illustration, thick uniform outline, flat colour fills only, no gradients, no shading, no texture, simple geometric shapes, single centred subject, plain pale background, generous margins, minimal detail, absolutely no text, no letters, no words, no numbers, no signage. Scene: A robot vacuum quietly returning to its charging dock on its own."
PRN-029,ourselves,Pronoun,,"Flat vector illustration, thick uniform outline, flat colour fills only, no gradients, no shading, no texture, simple geometric shapes, single centred subject, plain pale background, generous margins, minimal detail, absolutely no text, no letters, no words, no numbers, no signage. Scene: A group of friends taking a selfie together after finishing a big project."
PRN-030,yourselves,Pronoun,,"Flat vector illustration, thick uniform outline, flat colour fills only, no gradients, no shading, no texture, simple geometric shapes, single centred subject, plain pale background, generous margins, minimal detail, absolutely no text, no letters, no words, no numbers, no signage. Scene: A host opening the door wide and waving a group inside."
PRN-031,themselves,Pronoun,,"Flat vector illustration, thick uniform outline, flat colour fills only, no gradients, no shading, no texture, simple geometric shapes, single centred subject, plain pale background, generous margins, minimal detail, absolutely no text, no letters, no words, no numbers, no signage. Scene: A group of children building a fort together without any adult help."
PRN-032,this,Pronoun,,"Flat vector illustration, thick uniform outline, flat colour fills only, no gradients, no shading, no texture, simple geometric shapes, single centred subject, plain pale background, generous margins, minimal detail, absolutely no text, no letters, no words, no numbers, no signage. Scene: A hand pointing directly at an object sitting right next to it."
PRN-033,that,Pronoun,,"Flat vector illustration, thick uniform outline, flat colour fills only, no gradients, no shading, no texture, simple geometric shapes, single centred subject, plain pale background, generous margins, minimal detail, absolutely no text, no letters, no words, no numbers, no signage. Scene: A finger pointing toward something far across a room or field."
PRN-034,these,Pronoun,,"Flat vector illustration, thick uniform outline, flat colour fills only, no gradients, no shading, no texture, simple geometric shapes, single centred subject, plain pale background, generous margins, minimal detail, absolutely no text, no letters, no words, no numbers, no signage. Scene: A hand gesturing toward a small pile of objects sitting close by."
PRN-035,those,Pronoun,,"Flat vector illustration, thick uniform outline, flat colour fills only, no gradients, no shading, no texture, simple geometric shapes, single centred subject, plain pale background, generous margins, minimal detail, absolutely no text, no letters, no words, no numbers, no signage. Scene: An old photo album showing faded pictures of far-off memories."
PRN-036,who,Pronoun,,"Flat vector illustration, thick uniform outline, flat colour fills only, no gradients, no shading, no texture, simple geometric shapes, single centred subject, plain pale background, generous margins, minimal detail, absolutely no text, no letters, no words, no numbers, no signage. Scene: A magnifying glass hovering over a crowd of faces."
PRN-037,whom,Pronoun,,"Flat vector illustration, thick uniform outline, flat colour fills only, no gradients, no shading, no texture, simple geometric shapes, single centred subject, plain pale background, generous margins, minimal detail, absolutely no text, no letters, no words, no numbers, no signage. Scene: A sealed envelope addressed 'To Whom It May Concern.'"
PRN-038,whose,Pronoun,,"Flat vector illustration, thick uniform outline, flat colour fills only, no gradients, no shading, no texture, simple geometric shapes, single centred subject, plain pale background, generous margins, minimal detail, absolutely no text, no letters, no words, no numbers, no signage. Scene: A single glove lying on the ground with a question mark above it."
PRN-039,which,Pronoun,,"Flat vector illustration, thick uniform outline, flat colour fills only, no gradients, no shading, no texture, simple geometric shapes, single centred subject, plain pale background, generous margins, minimal detail, absolutely no text, no letters, no words, no numbers, no signage. Scene: Two paths splitting apart with a signpost in the middle."
PRN-040,what,Pronoun,,"Flat vector illustration, thick uniform outline, flat colour fills only, no gradients, no shading, no texture, simple geometric shapes, single centred subject, plain pale background, generous margins, minimal detail, absolutely no text, no letters, no words, no numbers, no signage. Scene: A large question mark floating above someone's head."
PRN-041,someone,Pronoun,,"Flat vector illustration, thick uniform outline, flat colour fills only, no gradients, no shading, no texture, simple geometric shapes, single centred subject, plain pale background, generous margins, minimal detail, absolutely no text, no letters, no words, no numbers, no signage. Scene: A silhouette of an unknown person in a doorway."
PRN-042,anyone,Pronoun,,"Flat vector illustration, thick uniform outline, flat colour fills only, no gradients, no shading, no texture, simple geometric shapes, single centred subject, plain pale background, generous margins, minimal detail, absolutely no text, no letters, no words, no numbers, no signage. Scene: An open door with a voice echoing into an empty room."
PRN-043,everyone,Pronoun,,"Flat vector illustration, thick uniform outline, flat colour fills only, no gradients, no shading, no texture, simple geometric shapes, single centred subject, plain pale background, generous margins, minimal detail, absolutely no text, no letters, no words, no numbers, no signage. Scene: A large group of people raising their hands together at once."
PRN-044,no one,Pronoun,,"Flat vector illustration, thick uniform outline, flat colour fills only, no gradients, no shading, no texture, simple geometric shapes, single centred subject, plain pale background, generous margins, minimal detail, absolutely no text, no letters, no words, no numbers, no signage. Scene: An empty chair at a table set for a dinner party."
PRN-045,somebody,Pronoun,,"Flat vector illustration, thick uniform outline, flat colour fills only, no gradients, no shading, no texture, simple geometric shapes, single centred subject, plain pale background, generous margins, minimal detail, absolutely no text, no letters, no words, no numbers, no signage. Scene: A shadow moving just out of sight around a corner."
PRN-046,anybody,Pronoun,,"Flat vector illustration, thick uniform outline, flat colour fills only, no gradients, no shading, no texture, simple geometric shapes, single centred subject, plain pale background, generous margins, minimal detail, absolutely no text, no letters, no words, no numbers, no signage. Scene: A hand knocking on a closed door with no answer."
PRN-047,everybody,Pronoun,,"Flat vector illustration, thick uniform outline, flat colour fills only, no gradients, no shading, no texture, simple geometric shapes, single centred subject, plain pale background, generous margins, minimal detail, absolutely no text, no letters, no words, no numbers, no signage. Scene: A crowded stadium with everyone cheering together."
PRN-048,nobody,Pronoun,,"Flat vector illustration, thick uniform outline, flat colour fills only, no gradients, no shading, no texture, simple geometric shapes, single centred subject, plain pale background, generous margins, minimal detail, absolutely no text, no letters, no words, no numbers, no signage. Scene: A single empty chair in the middle of a large, silent room."
PRN-049,something,Pronoun,,"Flat vector illustration, thick uniform outline, flat colour fills only, no gradients, no shading, no texture, simple geometric shapes, single centred subject, plain pale background, generous margins, minimal detail, absolutely no text, no letters, no words, no numbers, no signage. Scene: A wrapped box with an unknown object inside."
PRN-050,anything,Pronoun,,"Flat vector illustration, thick uniform outline, flat colour fills only, no gradients, no shading, no texture, simple geometric shapes, single centred subject, plain pale background, generous margins, minimal detail, absolutely no text, no letters, no words, no numbers, no signage. Scene: An open hand offering to help with an unspecified task."
PRP-001,about,Preposition,YES,"Flat vector illustration, thick uniform outline, flat colour fills only, no gradients, no shading, no texture, simple geometric shapes, single centred subject, plain pale background, generous margins, minimal detail, absolutely no text, no letters, no words, no numbers, no signage. Scene: A speech bubble surrounding a single topic word."
PRP-002,above,Preposition,,"Flat vector illustration, thick uniform outline, flat colour fills only, no gradients, no shading, no texture, simple geometric shapes, single centred subject, plain pale background, generous margins, minimal detail, absolutely no text, no letters, no words, no numbers, no signage. Scene: A bird soaring high above a mountain peak."
PRP-003,across,Preposition,,"Flat vector illustration, thick uniform outline, flat colour fills only, no gradients, no shading, no texture, simple geometric shapes, single centred subject, plain pale background, generous margins, minimal detail, absolutely no text, no letters, no words, no numbers, no signage. Scene: A dotted line stretching from one riverbank straight to the other."
PRP-004,against,Preposition,,"Flat vector illustration, thick uniform outline, flat colour fills only, no gradients, no shading, no texture, simple geometric shapes, single centred subject, plain pale background, generous margins, minimal detail, absolutely no text, no letters, no words, no numbers, no signage. Scene: Two arm-wrestlers pushing against each other's hands."
PRP-005,along,Preposition,,"Flat vector illustration, thick uniform outline, flat colour fills only, no gradients, no shading, no texture, simple geometric shapes, single centred subject, plain pale background, generous margins, minimal detail, absolutely no text, no letters, no words, no numbers, no signage. Scene: A long, winding path following the edge of a river."
PRP-006,among,Preposition,,"Flat vector illustration, thick uniform outline, flat colour fills only, no gradients, no shading, no texture, simple geometric shapes, single centred subject, plain pale background, generous margins, minimal detail, absolutely no text, no letters, no words, no numbers, no signage. Scene: A single red flower standing out among a field of white ones."
PRP-007,around,Preposition,,"Flat vector illustration, thick uniform outline, flat colour fills only, no gradients, no shading, no texture, simple geometric shapes, single centred subject, plain pale background, generous margins, minimal detail, absolutely no text, no letters, no words, no numbers, no signage. Scene: A circle of friends sitting together around a table."
PRP-008,at,Preposition,,"Flat vector illustration, thick uniform outline, flat colour fills only, no gradients, no shading, no texture, simple geometric shapes, single centred subject, plain pale background, generous margins, minimal detail, absolutely no text, no letters, no words, no numbers, no signage. Scene: A pin marking an exact point on a map."
PRP-009,behind,Preposition,,"Flat vector illustration, thick uniform outline, flat colour fills only, no gradients, no shading, no texture, simple geometric shapes, single centred subject, plain pale background, generous margins, minimal detail, absolutely no text, no letters, no words, no numbers, no signage. Scene: A shadow hiding just behind a half-open door."
PRP-010,below,Preposition,,"Flat vector illustration, thick uniform outline, flat colour fills only, no gradients, no shading, no texture, simple geometric shapes, single centred subject, plain pale background, generous margins, minimal detail, absolutely no text, no letters, no words, no numbers, no signage. Scene: A submarine gliding quietly below the surface of the ocean."
PRP-011,beneath,Preposition,,"Flat vector illustration, thick uniform outline, flat colour fills only, no gradients, no shading, no texture, simple geometric shapes, single centred subject, plain pale background, generous margins, minimal detail, absolutely no text, no letters, no words, no numbers, no signage. Scene: A hidden treasure chest buried beneath the sand."
PRP-012,beside,Preposition,,"Flat vector illustration, thick uniform outline, flat colour fills only, no gradients, no shading, no texture, simple geometric shapes, single centred subject, plain pale background, generous margins, minimal detail, absolutely no text, no letters, no words, no numbers, no signage. Scene: Two chairs pushed close together, side by side."
PRP-013,besides,Preposition,,"Flat vector illustration, thick uniform outline, flat colour fills only, no gradients, no shading, no texture, simple geometric shapes, single centred subject, plain pale background, generous margins, minimal detail, absolutely no text, no letters, no words, no numbers, no signage. Scene: A shopping cart with one extra item added on top of the pile."
PRP-014,between,Preposition,,"Flat vector illustration, thick uniform outline, flat colour fills only, no gradients, no shading, no texture, simple geometric shapes, single centred subject, plain pale background, generous margins, minimal detail, absolutely no text, no letters, no words, no numbers, no signage. Scene: An arrow pointing to the exact midpoint of two objects."
PRP-015,beyond,Preposition,,"Flat vector illustration, thick uniform outline, flat colour fills only, no gradients, no shading, no texture, simple geometric shapes, single centred subject, plain pale background, generous margins, minimal detail, absolutely no text, no letters, no words, no numbers, no signage. Scene: A hiker standing at the edge of a cliff, looking toward distant mountains."
PRP-016,by,Preposition,,"Flat vector illustration, thick uniform outline, flat colour fills only, no gradients, no shading, no texture, simple geometric shapes, single centred subject, plain pale background, generous margins, minimal detail, absolutely no text, no letters, no words, no numbers, no signage. Scene: A calendar with a circle drawn around a due date."
PRP-017,despite,Preposition,,"Flat vector illustration, thick uniform outline, flat colour fills only, no gradients, no shading, no texture, simple geometric shapes, single centred subject, plain pale background, generous margins, minimal detail, absolutely no text, no letters, no words, no numbers, no signage. Scene: A small plant pushing up through a crack in solid concrete."
PRP-018,down,Preposition,,"Flat vector illustration, thick uniform outline, flat colour fills only, no gradients, no shading, no texture, simple geometric shapes, single centred subject, plain pale background, generous margins, minimal detail, absolutely no text, no letters, no words, no numbers, no signage. Scene: An arrow pointing straight toward the ground."
PRP-019,during,Preposition,,"Flat vector illustration, thick uniform outline, flat colour fills only, no gradients, no shading, no texture, simple geometric shapes, single centred subject, plain pale background, generous margins, minimal detail, absolutely no text, no letters, no words, no numbers, no signage. Scene: A clock face with a shaded section marking one part of the day."
PRP-020,except,Preposition,,"Flat vector illustration, thick uniform outline, flat colour fills only, no gradients, no shading, no texture, simple geometric shapes, single centred subject, plain pale background, generous margins, minimal detail, absolutely no text, no letters, no words, no numbers, no signage. Scene: A row of identical boxes with one box marked with an ""X"" to show it's left out."
PRP-021,for,Preposition,,"Flat vector illustration, thick uniform outline, flat colour fills only, no gradients, no shading, no texture, simple geometric shapes, single centred subject, plain pale background, generous margins, minimal detail, absolutely no text, no letters, no words, no numbers, no signage. Scene: A wrapped present with a tag reading someone's name."
PRP-022,from,Preposition,,"Flat vector illustration, thick uniform outline, flat colour fills only, no gradients, no shading, no texture, simple geometric shapes, single centred subject, plain pale background, generous margins, minimal detail, absolutely no text, no letters, no words, no numbers, no signage. Scene: A dotted line on a map starting at one city and pointing outward."
PRP-023,in,Preposition,,"Flat vector illustration, thick uniform outline, flat colour fills only, no gradients, no shading, no texture, simple geometric shapes, single centred subject, plain pale background, generous margins, minimal detail, absolutely no text, no letters, no words, no numbers, no signage. Scene: A ball resting inside a bowl."
PRP-024,inside,Preposition,,"Flat vector illustration, thick uniform outline, flat colour fills only, no gradients, no shading, no texture, simple geometric shapes, single centred subject, plain pale background, generous margins, minimal detail, absolutely no text, no letters, no words, no numbers, no signage. Scene: A gift hidden inside a wrapped box."
PRP-025,into,Preposition,,"Flat vector illustration, thick uniform outline, flat colour fills only, no gradients, no shading, no texture, simple geometric shapes, single centred subject, plain pale background, generous margins, minimal detail, absolutely no text, no letters, no words, no numbers, no signage. Scene: An arrow curving from outside a box to its inside."
PRP-026,near,Preposition,,"Flat vector illustration, thick uniform outline, flat colour fills only, no gradients, no shading, no texture, simple geometric shapes, single centred subject, plain pale background, generous margins, minimal detail, absolutely no text, no letters, no words, no numbers, no signage. Scene: Two dots on a map placed very close together."
PRP-027,of,Preposition,,"Flat vector illustration, thick uniform outline, flat colour fills only, no gradients, no shading, no texture, simple geometric shapes, single centred subject, plain pale background, generous margins, minimal detail, absolutely no text, no letters, no words, no numbers, no signage. Scene: A slice cut from a whole pizza, showing ""a piece of"" the larger whole."
PRP-028,off,Preposition,,"Flat vector illustration, thick uniform outline, flat colour fills only, no gradients, no shading, no texture, simple geometric shapes, single centred subject, plain pale background, generous margins, minimal detail, absolutely no text, no letters, no words, no numbers, no signage. Scene: A light switch flipped down to the ""off"" position."
PRP-029,on,Preposition,,"Flat vector illustration, thick uniform outline, flat colour fills only, no gradients, no shading, no texture, simple geometric shapes, single centred subject, plain pale background, generous margins, minimal detail, absolutely no text, no letters, no words, no numbers, no signage. Scene: A cup sitting on top of a saucer."
PRP-030,onto,Preposition,,"Flat vector illustration, thick uniform outline, flat colour fills only, no gradients, no shading, no texture, simple geometric shapes, single centred subject, plain pale background, generous margins, minimal detail, absolutely no text, no letters, no words, no numbers, no signage. Scene: A ball bouncing up and landing squarely onto a table."
PRP-031,out,Preposition,,"Flat vector illustration, thick uniform outline, flat colour fills only, no gradients, no shading, no texture, simple geometric shapes, single centred subject, plain pale background, generous margins, minimal detail, absolutely no text, no letters, no words, no numbers, no signage. Scene: An open door with someone stepping through it, leaving a room."
PRP-032,outside,Preposition,,"Flat vector illustration, thick uniform outline, flat colour fills only, no gradients, no shading, no texture, simple geometric shapes, single centred subject, plain pale background, generous margins, minimal detail, absolutely no text, no letters, no words, no numbers, no signage. Scene: A person standing just beyond a closed front door."
PRP-033,over,Preposition,,"Flat vector illustration, thick uniform outline, flat colour fills only, no gradients, no shading, no texture, simple geometric shapes, single centred subject, plain pale background, generous margins, minimal detail, absolutely no text, no letters, no words, no numbers, no signage. Scene: A bridge arching over a wide river."
PRP-034,past,Preposition,,"Flat vector illustration, thick uniform outline, flat colour fills only, no gradients, no shading, no texture, simple geometric shapes, single centred subject, plain pale background, generous margins, minimal detail, absolutely no text, no letters, no words, no numbers, no signage. Scene: A clock hand ticking just beyond the twelve."
PRP-035,through,Preposition,,"Flat vector illustration, thick uniform outline, flat colour fills only, no gradients, no shading, no texture, simple geometric shapes, single centred subject, plain pale background, generous margins, minimal detail, absolutely no text, no letters, no words, no numbers, no signage. Scene: A beam of light passing through a narrow window."
PRP-036,throughout,Preposition,,"Flat vector illustration, thick uniform outline, flat colour fills only, no gradients, no shading, no texture, simple geometric shapes, single centred subject, plain pale background, generous margins, minimal detail, absolutely no text, no letters, no words, no numbers, no signage. Scene: A single thread running unbroken through an entire piece of fabric."
PRP-037,till,Preposition,,"Flat vector illustration, thick uniform outline, flat colour fills only, no gradients, no shading, no texture, simple geometric shapes, single centred subject, plain pale background, generous margins, minimal detail, absolutely no text, no letters, no words, no numbers, no signage. Scene: A countdown timer ticking down toward zero."
PRP-038,to,Preposition,,"Flat vector illustration, thick uniform outline, flat colour fills only, no gradients, no shading, no texture, simple geometric shapes, single centred subject, plain pale background, generous margins, minimal detail, absolutely no text, no letters, no words, no numbers, no signage. Scene: A signpost with an arrow pointing toward a distant destination."
PRP-039,toward,Preposition,,"Flat vector illustration, thick uniform outline, flat colour fills only, no gradients, no shading, no texture, simple geometric shapes, single centred subject, plain pale background, generous margins, minimal detail, absolutely no text, no letters, no words, no numbers, no signage. Scene: A compass needle steadily pointing toward one direction."
PRP-040,towards,Preposition,,"Flat vector illustration, thick uniform outline, flat colour fills only, no gradients, no shading, no texture, simple geometric shapes, single centred subject, plain pale background, generous margins, minimal detail, absolutely no text, no letters, no words, no numbers, no signage. Scene: A flock of birds all flying towards the same distant point."
PRP-041,under,Preposition,,"Flat vector illustration, thick uniform outline, flat colour fills only, no gradients, no shading, no texture, simple geometric shapes, single centred subject, plain pale background, generous margins, minimal detail, absolutely no text, no letters, no words, no numbers, no signage. Scene: A small dog curled up under a large wooden table."
PRP-042,underneath,Preposition,,"Flat vector illustration, thick uniform outline, flat colour fills only, no gradients, no shading, no texture, simple geometric shapes, single centred subject, plain pale background, generous margins, minimal detail, absolutely no text, no letters, no words, no numbers, no signage. Scene: Lifting a rug to reveal a hidden trapdoor underneath."
PRP-043,up,Preposition,,"Flat vector illustration, thick uniform outline, flat colour fills only, no gradients, no shading, no texture, simple geometric shapes, single centred subject, plain pale background, generous margins, minimal detail, absolutely no text, no letters, no words, no numbers, no signage. Scene: A rocket launching straight up into the sky."
PRP-044,upon,Preposition,,"Flat vector illustration, thick uniform outline, flat colour fills only, no gradients, no shading, no texture, simple geometric shapes, single centred subject, plain pale background, generous margins, minimal detail, absolutely no text, no letters, no words, no numbers, no signage. Scene: An old storybook opening to its very first line."
PRP-045,with,Preposition,,"Flat vector illustration, thick uniform outline, flat colour fills only, no gradients, no shading, no texture, simple geometric shapes, single centred subject, plain pale background, generous margins, minimal detail, absolutely no text, no letters, no words, no numbers, no signage. Scene: Two puzzle pieces fitting together side by side."
PRP-046,within,Preposition,,"Flat vector illustration, thick uniform outline, flat colour fills only, no gradients, no shading, no texture, simple geometric shapes, single centred subject, plain pale background, generous margins, minimal detail, absolutely no text, no letters, no words, no numbers, no signage. Scene: A circle drawn around a smaller shape, showing it stays inside the boundary."
PRP-047,without,Preposition,,"Flat vector illustration, thick uniform outline, flat colour fills only, no gradients, no shading, no texture, simple geometric shapes, single centred subject, plain pale background, generous margins, minimal detail, absolutely no text, no letters, no words, no numbers, no signage. Scene: An empty chair at a table where someone used to sit."
PRP-048,according to,Preposition,,"Flat vector illustration, thick uniform outline, flat colour fills only, no gradients, no shading, no texture, simple geometric shapes, single centred subject, plain pale background, generous margins, minimal detail, absolutely no text, no letters, no words, no numbers, no signage. Scene: A finger pointing at a printed report as the source of information."
PRP-049,because of,Preposition,,"Flat vector illustration, thick uniform outline, flat colour fills only, no gradients, no shading, no texture, simple geometric shapes, single centred subject, plain pale background, generous margins, minimal detail, absolutely no text, no letters, no words, no numbers, no signage. Scene: A row of dominoes -- one falling because of the one before it."
PRP-050,in front of,Preposition,,"Flat vector illustration, thick uniform outline, flat colour fills only, no gradients, no shading, no texture, simple geometric shapes, single centred subject, plain pale background, generous margins, minimal detail, absolutely no text, no letters, no words, no numbers, no signage. Scene: A person standing directly facing a closed door."
PRP-051,instead of,Preposition,,"Flat vector illustration, thick uniform outline, flat colour fills only, no gradients, no shading, no texture, simple geometric shapes, single centred subject, plain pale background, generous margins, minimal detail, absolutely no text, no letters, no words, no numbers, no signage. Scene: A hand swapping one puzzle piece for another."
PRP-052,next to,Preposition,,"Flat vector illustration, thick uniform outline, flat colour fills only, no gradients, no shading, no texture, simple geometric shapes, single centred subject, plain pale background, generous margins, minimal detail, absolutely no text, no letters, no words, no numbers, no signage. Scene: Two houses built right beside each other on the same street."
PRP-053,out of,Preposition,,"Flat vector illustration, thick uniform outline, flat colour fills only, no gradients, no shading, no texture, simple geometric shapes, single centred subject, plain pale background, generous margins, minimal detail, absolutely no text, no letters, no words, no numbers, no signage. Scene: A genie escaping out of a bottle."
PRP-054,due to,Preposition,,"Flat vector illustration, thick uniform outline, flat colour fills only, no gradients, no shading, no texture, simple geometric shapes, single centred subject, plain pale background, generous margins, minimal detail, absolutely no text, no letters, no words, no numbers, no signage. Scene: A signboard reading ""Delayed"" with a small note explaining the cause."
PRP-055,in spite of,Preposition,,"Flat vector illustration, thick uniform outline, flat colour fills only, no gradients, no shading, no texture, simple geometric shapes, single centred subject, plain pale background, generous margins, minimal detail, absolutely no text, no letters, no words, no numbers, no signage. Scene: A single candle staying lit in spite of a strong wind blowing around it."
PRP-056,on behalf of,Preposition,,"Flat vector illustration, thick uniform outline, flat colour fills only, no gradients, no shading, no texture, simple geometric shapes, single centred subject, plain pale background, generous margins, minimal detail, absolutely no text, no letters, no words, no numbers, no signage. Scene: One person standing at a podium, speaking for a whole group behind them."
PRP-057,prior to,Preposition,,"Flat vector illustration, thick uniform outline, flat colour fills only, no gradients, no shading, no texture, simple geometric shapes, single centred subject, plain pale background, generous margins, minimal detail, absolutely no text, no letters, no words, no numbers, no signage. Scene: A calendar page turned back to an earlier date."
PRP-058,close to,Preposition,,"Flat vector illustration, thick uniform outline, flat colour fills only, no gradients, no shading, no texture, simple geometric shapes, single centred subject, plain pale background, generous margins, minimal detail, absolutely no text, no letters, no words, no numbers, no signage. Scene: Two friends standing shoulder to shoulder, almost touching."
PRP-059,far from,Preposition,,"Flat vector illustration, thick uniform outline, flat colour fills only, no gradients, no shading, no texture, simple geometric shapes, single centred subject, plain pale background, generous margins, minimal detail, absolutely no text, no letters, no words, no numbers, no signage. Scene: Two pins on a map placed at opposite ends, very far apart."
PRP-060,along with,Preposition,,"Flat vector illustration, thick uniform outline, flat colour fills only, no gradients, no shading, no texture, simple geometric shapes, single centred subject, plain pale background, generous margins, minimal detail, absolutely no text, no letters, no words, no numbers, no signage. Scene: A line of ducklings walking along with their mother."
PRP-061,apart from,Preposition,,"Flat vector illustration, thick uniform outline, flat colour fills only, no gradients, no shading, no texture, simple geometric shapes, single centred subject, plain pale background, generous margins, minimal detail, absolutely no text, no letters, no words, no numbers, no signage. Scene: One item lifted out of a row of boxes and set to the side."
PRP-062,regardless of,Preposition,,"Flat vector illustration, thick uniform outline, flat colour fills only, no gradients, no shading, no texture, simple geometric shapes, single centred subject, plain pale background, generous margins, minimal detail, absolutely no text, no letters, no words, no numbers, no signage. Scene: A door staying open in a storm, unaffected by the wind outside."
PRP-063,in addition to,Preposition,,"Flat vector illustration, thick uniform outline, flat colour fills only, no gradients, no shading, no texture, simple geometric shapes, single centred subject, plain pale background, generous margins, minimal detail, absolutely no text, no letters, no words, no numbers, no signage. Scene: A plus sign connecting two boxes on a list."
PRP-064,in case of,Preposition,,"Flat vector illustration, thick uniform outline, flat colour fills only, no gradients, no shading, no texture, simple geometric shapes, single centred subject, plain pale background, generous margins, minimal detail, absolutely no text, no letters, no words, no numbers, no signage. Scene: A red ""break glass in case of fire"" box mounted on a wall."
PRP-065,by means of,Preposition,,"Flat vector illustration, thick uniform outline, flat colour fills only, no gradients, no shading, no texture, simple geometric shapes, single centred subject, plain pale background, generous margins, minimal detail, absolutely no text, no letters, no words, no numbers, no signage. Scene: One gear turning another gear -- a tool driving a result."
PRP-066,on top of,Preposition,,"Flat vector illustration, thick uniform outline, flat colour fills only, no gradients, no shading, no texture, simple geometric shapes, single centred subject, plain pale background, generous margins, minimal detail, absolutely no text, no letters, no words, no numbers, no signage. Scene: A pile of boxes with one more box balanced right on top."
PRP-067,on account of,Preposition,,"Flat vector illustration, thick uniform outline, flat colour fills only, no gradients, no shading, no texture, simple geometric shapes, single centred subject, plain pale background, generous margins, minimal detail, absolutely no text, no letters, no words, no numbers, no signage. Scene: A ledger book opened to a page explaining a formal reason."
PRP-068,for the sake of,Preposition,,"Flat vector illustration, thick uniform outline, flat colour fills only, no gradients, no shading, no texture, simple geometric shapes, single centred subject, plain pale background, generous margins, minimal detail, absolutely no text, no letters, no words, no numbers, no signage. Scene: Two hands shaking, with a small heart symbol between them."
PRP-069,with regard to,Preposition,,"Flat vector illustration, thick uniform outline, flat colour fills only, no gradients, no shading, no texture, simple geometric shapes, single centred subject, plain pale background, generous margins, minimal detail, absolutely no text, no letters, no words, no numbers, no signage. Scene: A magnifying glass focused on one line of a document."
PRP-070,in relation to,Preposition,,"Flat vector illustration, thick uniform outline, flat colour fills only, no gradients, no shading, no texture, simple geometric shapes, single centred subject, plain pale background, generous margins, minimal detail, absolutely no text, no letters, no words, no numbers, no signage. Scene: Two dots on a graph connected by a line showing their relationship."
CNJ-001,and,Conjunction,,"Flat vector illustration, thick uniform outline, flat colour fills only, no gradients, no shading, no texture, simple geometric shapes, single centred subject, plain pale background, generous margins, minimal detail, absolutely no text, no letters, no words, no numbers, no signage. Scene: Two puzzle pieces clicking together into one."
CNJ-002,but,Conjunction,,"Flat vector illustration, thick uniform outline, flat colour fills only, no gradients, no shading, no texture, simple geometric shapes, single centred subject, plain pale background, generous margins, minimal detail, absolutely no text, no letters, no words, no numbers, no signage. Scene: A road sign showing an arrow suddenly turning the opposite way."
CNJ-003,or,Conjunction,,"Flat vector illustration, thick uniform outline, flat colour fills only, no gradients, no shading, no texture, simple geometric shapes, single centred subject, plain pale background, generous margins, minimal detail, absolutely no text, no letters, no words, no numbers, no signage. Scene: A signpost pointing two directions at a fork in the road."
CNJ-004,nor,Conjunction,,"Flat vector illustration, thick uniform outline, flat colour fills only, no gradients, no shading, no texture, simple geometric shapes, single centred subject, plain pale background, generous margins, minimal detail, absolutely no text, no letters, no words, no numbers, no signage. Scene: Two closed doors side by side, both marked ""no."""
CNJ-005,so,Conjunction,,"Flat vector illustration, thick uniform outline, flat colour fills only, no gradients, no shading, no texture, simple geometric shapes, single centred subject, plain pale background, generous margins, minimal detail, absolutely no text, no letters, no words, no numbers, no signage. Scene: One domino falling into the next."
CNJ-006,yet,Conjunction,,"Flat vector illustration, thick uniform outline, flat colour fills only, no gradients, no shading, no texture, simple geometric shapes, single centred subject, plain pale background, generous margins, minimal detail, absolutely no text, no letters, no words, no numbers, no signage. Scene: A small seed growing into a surprisingly tall tree."
CNJ-007,although,Conjunction,,"Flat vector illustration, thick uniform outline, flat colour fills only, no gradients, no shading, no texture, simple geometric shapes, single centred subject, plain pale background, generous margins, minimal detail, absolutely no text, no letters, no words, no numbers, no signage. Scene: A small crack in a wall that the whole structure still stands strong despite."
CNJ-008,though,Conjunction,,"Flat vector illustration, thick uniform outline, flat colour fills only, no gradients, no shading, no texture, simple geometric shapes, single centred subject, plain pale background, generous margins, minimal detail, absolutely no text, no letters, no words, no numbers, no signage. Scene: A friendly nudge added at the end of a sentence, like an afterthought."
CNJ-009,even though,Conjunction,,"Flat vector illustration, thick uniform outline, flat colour fills only, no gradients, no shading, no texture, simple geometric shapes, single centred subject, plain pale background, generous margins, minimal detail, absolutely no text, no letters, no words, no numbers, no signage. Scene: A small plant pushing up through a crack in solid concrete."
CNJ-010,because,Conjunction,,"Flat vector illustration, thick uniform outline, flat colour fills only, no gradients, no shading, no texture, simple geometric shapes, single centred subject, plain pale background, generous margins, minimal detail, absolutely no text, no letters, no words, no numbers, no signage. Scene: An arrow pointing from a cause straight to its effect."
CNJ-011,since,Conjunction,,"Flat vector illustration, thick uniform outline, flat colour fills only, no gradients, no shading, no texture, simple geometric shapes, single centred subject, plain pale background, generous margins, minimal detail, absolutely no text, no letters, no words, no numbers, no signage. Scene: A timeline with a pin marking the exact starting point."
CNJ-012,unless,Conjunction,,"Flat vector illustration, thick uniform outline, flat colour fills only, no gradients, no shading, no texture, simple geometric shapes, single centred subject, plain pale background, generous margins, minimal detail, absolutely no text, no letters, no words, no numbers, no signage. Scene: A locked gate that opens only for one specific key."
CNJ-013,while,Conjunction,,"Flat vector illustration, thick uniform outline, flat colour fills only, no gradients, no shading, no texture, simple geometric shapes, single centred subject, plain pale background, generous margins, minimal detail, absolutely no text, no letters, no words, no numbers, no signage. Scene: Two clock hands moving together, side by side."
CNJ-014,whereas,Conjunction,,"Flat vector illustration, thick uniform outline, flat colour fills only, no gradients, no shading, no texture, simple geometric shapes, single centred subject, plain pale background, generous margins, minimal detail, absolutely no text, no letters, no words, no numbers, no signage. Scene: A balanced scale with two clearly different weights on each side."
CNJ-015,if,Conjunction,,"Flat vector illustration, thick uniform outline, flat colour fills only, no gradients, no shading, no texture, simple geometric shapes, single centred subject, plain pale background, generous margins, minimal detail, absolutely no text, no letters, no words, no numbers, no signage. Scene: A branching path splitting into two possible directions."
CNJ-016,until,Conjunction,,"Flat vector illustration, thick uniform outline, flat colour fills only, no gradients, no shading, no texture, simple geometric shapes, single centred subject, plain pale background, generous margins, minimal detail, absolutely no text, no letters, no words, no numbers, no signage. Scene: A finish-line tape stretched across a track, marking the stopping point."
CNJ-017,when,Conjunction,,"Flat vector illustration, thick uniform outline, flat colour fills only, no gradients, no shading, no texture, simple geometric shapes, single centred subject, plain pale background, generous margins, minimal detail, absolutely no text, no letters, no words, no numbers, no signage. Scene: A clock hand landing exactly on a marked hour."
CNJ-018,whenever,Conjunction,,"Flat vector illustration, thick uniform outline, flat colour fills only, no gradients, no shading, no texture, simple geometric shapes, single centred subject, plain pale background, generous margins, minimal detail, absolutely no text, no letters, no words, no numbers, no signage. Scene: A door that's always unlocked, ready to open at any moment."
CNJ-019,before,Conjunction,,"Flat vector illustration, thick uniform outline, flat colour fills only, no gradients, no shading, no texture, simple geometric shapes, single centred subject, plain pale background, generous margins, minimal detail, absolutely no text, no letters, no words, no numbers, no signage. Scene: A calendar page flipped back to an earlier date."
CNJ-020,after,Conjunction,,"Flat vector illustration, thick uniform outline, flat colour fills only, no gradients, no shading, no texture, simple geometric shapes, single centred subject, plain pale background, generous margins, minimal detail, absolutely no text, no letters, no words, no numbers, no signage. Scene: A finish line crossed, with the next event starting just beyond it."
CNJ-021,as,Conjunction,,"Flat vector illustration, thick uniform outline, flat colour fills only, no gradients, no shading, no texture, simple geometric shapes, single centred subject, plain pale background, generous margins, minimal detail, absolutely no text, no letters, no words, no numbers, no signage. Scene: Two paths running perfectly parallel, side by side."
CNJ-022,as if,Conjunction,,"Flat vector illustration, thick uniform outline, flat colour fills only, no gradients, no shading, no texture, simple geometric shapes, single centred subject, plain pale background, generous margins, minimal detail, absolutely no text, no letters, no words, no numbers, no signage. Scene: A mirror reflecting an image slightly different from reality."
CNJ-023,as though,Conjunction,,"Flat vector illustration, thick uniform outline, flat colour fills only, no gradients, no shading, no texture, simple geometric shapes, single centred subject, plain pale background, generous margins, minimal detail, absolutely no text, no letters, no words, no numbers, no signage. Scene: A shadow that moves slightly out of sync with the person casting it."
CNJ-024,so that,Conjunction,,"Flat vector illustration, thick uniform outline, flat colour fills only, no gradients, no shading, no texture, simple geometric shapes, single centred subject, plain pale background, generous margins, minimal detail, absolutely no text, no letters, no words, no numbers, no signage. Scene: An arrow drawn from an action straight to its intended goal."
CNJ-025,in order that,Conjunction,,"Flat vector illustration, thick uniform outline, flat colour fills only, no gradients, no shading, no texture, simple geometric shapes, single centred subject, plain pale background, generous margins, minimal detail, absolutely no text, no letters, no words, no numbers, no signage. Scene: A row of dominoes carefully arranged in order, set up for a purpose."
CNJ-026,however,Conjunction,,"Flat vector illustration, thick uniform outline, flat colour fills only, no gradients, no shading, no texture, simple geometric shapes, single centred subject, plain pale background, generous margins, minimal detail, absolutely no text, no letters, no words, no numbers, no signage. Scene: A pause button pressed right before the sentence changes direction."
CNJ-027,therefore,Conjunction,,"Flat vector illustration, thick uniform outline, flat colour fills only, no gradients, no shading, no texture, simple geometric shapes, single centred subject, plain pale background, generous margins, minimal detail, absolutely no text, no letters, no words, no numbers, no signage. Scene: An equals sign at the end of a math equation, pointing to the answer."
CNJ-028,moreover,Conjunction,,"Flat vector illustration, thick uniform outline, flat colour fills only, no gradients, no shading, no texture, simple geometric shapes, single centred subject, plain pale background, generous margins, minimal detail, absolutely no text, no letters, no words, no numbers, no signage. Scene: A second brick placed firmly on top of the first, strengthening the wall."
CNJ-029,furthermore,Conjunction,,"Flat vector illustration, thick uniform outline, flat colour fills only, no gradients, no shading, no texture, simple geometric shapes, single centred subject, plain pale background, generous margins, minimal detail, absolutely no text, no letters, no words, no numbers, no signage. Scene: A staircase, each additional step adding height to an argument."
CNJ-030,nevertheless,Conjunction,,"Flat vector illustration, thick uniform outline, flat colour fills only, no gradients, no shading, no texture, simple geometric shapes, single centred subject, plain pale background, generous margins, minimal detail, absolutely no text, no letters, no words, no numbers, no signage. Scene: A small boat sailing steadily through a storm."
CNJ-031,nonetheless,Conjunction,,"Flat vector illustration, thick uniform outline, flat colour fills only, no gradients, no shading, no texture, simple geometric shapes, single centred subject, plain pale background, generous margins, minimal detail, absolutely no text, no letters, no words, no numbers, no signage. Scene: A candle flame that keeps burning steadily despite a draft."
CNJ-032,otherwise,Conjunction,,"Flat vector illustration, thick uniform outline, flat colour fills only, no gradients, no shading, no texture, simple geometric shapes, single centred subject, plain pale background, generous margins, minimal detail, absolutely no text, no letters, no words, no numbers, no signage. Scene: A fork in the road with a warning sign pointing to the riskier path."
CNJ-033,instead,Conjunction,,"Flat vector illustration, thick uniform outline, flat colour fills only, no gradients, no shading, no texture, simple geometric shapes, single centred subject, plain pale background, generous margins, minimal detail, absolutely no text, no letters, no words, no numbers, no signage. Scene: One puzzle piece swapped out for a different one that fits better."
CNJ-034,likewise,Conjunction,,"Flat vector illustration, thick uniform outline, flat colour fills only, no gradients, no shading, no texture, simple geometric shapes, single centred subject, plain pale background, generous margins, minimal detail, absolutely no text, no letters, no words, no numbers, no signage. Scene: Two mirrors reflecting the exact same image back and forth."
CNJ-035,similarly,Conjunction,,"Flat vector illustration, thick uniform outline, flat colour fills only, no gradients, no shading, no texture, simple geometric shapes, single centred subject, plain pale background, generous margins, minimal detail, absolutely no text, no letters, no words, no numbers, no signage. Scene: Two identical shapes placed side by side on a page."
CNJ-036,consequently,Conjunction,,"Flat vector illustration, thick uniform outline, flat colour fills only, no gradients, no shading, no texture, simple geometric shapes, single centred subject, plain pale background, generous margins, minimal detail, absolutely no text, no letters, no words, no numbers, no signage. Scene: One domino toppling a whole line of others in sequence."
CNJ-037,thus,Conjunction,,"Flat vector illustration, thick uniform outline, flat colour fills only, no gradients, no shading, no texture, simple geometric shapes, single centred subject, plain pale background, generous margins, minimal detail, absolutely no text, no letters, no words, no numbers, no signage. Scene: A neat conclusion drawn at the bottom of a formal document."
CNJ-038,hence,Conjunction,,"Flat vector illustration, thick uniform outline, flat colour fills only, no gradients, no shading, no texture, simple geometric shapes, single centred subject, plain pale background, generous margins, minimal detail, absolutely no text, no letters, no words, no numbers, no signage. Scene: A signpost reading ""FROM HERE"" pointing straight to a conclusion."
CNJ-039,accordingly,Conjunction,,"Flat vector illustration, thick uniform outline, flat colour fills only, no gradients, no shading, no texture, simple geometric shapes, single centred subject, plain pale background, generous margins, minimal detail, absolutely no text, no letters, no words, no numbers, no signage. Scene: A compass needle turning to match a new direction."
CNJ-040,in addition,Conjunction,,"Flat vector illustration, thick uniform outline, flat colour fills only, no gradients, no shading, no texture, simple geometric shapes, single centred subject, plain pale background, generous margins, minimal detail, absolutely no text, no letters, no words, no numbers, no signage. Scene: A plus sign added at the end of a growing list."
CNJ-041,on the other hand,Conjunction,,"Flat vector illustration, thick uniform outline, flat colour fills only, no gradients, no shading, no texture, simple geometric shapes, single centred subject, plain pale background, generous margins, minimal detail, absolutely no text, no letters, no words, no numbers, no signage. Scene: Two open palms held up like a scale, one on each side."
CNJ-042,in contrast,Conjunction,,"Flat vector illustration, thick uniform outline, flat colour fills only, no gradients, no shading, no texture, simple geometric shapes, single centred subject, plain pale background, generous margins, minimal detail, absolutely no text, no letters, no words, no numbers, no signage. Scene: A black-and-white photo placed next to a bright, colorful one."
CNJ-043,for example,Conjunction,,"Flat vector illustration, thick uniform outline, flat colour fills only, no gradients, no shading, no texture, simple geometric shapes, single centred subject, plain pale background, generous margins, minimal detail, absolutely no text, no letters, no words, no numbers, no signage. Scene: A magnifying glass zooming in on one item from a larger group."
CNJ-044,for instance,Conjunction,,"Flat vector illustration, thick uniform outline, flat colour fills only, no gradients, no shading, no texture, simple geometric shapes, single centred subject, plain pale background, generous margins, minimal detail, absolutely no text, no letters, no words, no numbers, no signage. Scene: A single puzzle piece lifted out to show how the whole picture fits together."
CNJ-045,in fact,Conjunction,,"Flat vector illustration, thick uniform outline, flat colour fills only, no gradients, no shading, no texture, simple geometric shapes, single centred subject, plain pale background, generous margins, minimal detail, absolutely no text, no letters, no words, no numbers, no signage. Scene: A stamp marked ""TRUE"" pressing down firmly on a document."
CNJ-046,in other words,Conjunction,,"Flat vector illustration, thick uniform outline, flat colour fills only, no gradients, no shading, no texture, simple geometric shapes, single centred subject, plain pale background, generous margins, minimal detail, absolutely no text, no letters, no words, no numbers, no signage. Scene: The same sentence rewritten in simpler handwriting underneath the original."
CNJ-047,as a result,Conjunction,,"Flat vector illustration, thick uniform outline, flat colour fills only, no gradients, no shading, no texture, simple geometric shapes, single centred subject, plain pale background, generous margins, minimal detail, absolutely no text, no letters, no words, no numbers, no signage. Scene: One domino falling and knocking over the next one in line."
CNJ-048,on the contrary,Conjunction,,"Flat vector illustration, thick uniform outline, flat colour fills only, no gradients, no shading, no texture, simple geometric shapes, single centred subject, plain pale background, generous margins, minimal detail, absolutely no text, no letters, no words, no numbers, no signage. Scene: A hand raised flat, firmly stopping and reversing an incorrect idea."
CNJ-049,either...or,Conjunction,,"Flat vector illustration, thick uniform outline, flat colour fills only, no gradients, no shading, no texture, simple geometric shapes, single centred subject, plain pale background, generous margins, minimal detail, absolutely no text, no letters, no words, no numbers, no signage. Scene: Two doors side by side, with a sign pointing to only one."
CNJ-050,neither...nor,Conjunction,,"Flat vector illustration, thick uniform outline, flat colour fills only, no gradients, no shading, no texture, simple geometric shapes, single centred subject, plain pale background, generous margins, minimal detail, absolutely no text, no letters, no words, no numbers, no signage. Scene: Two empty boxes, both crossed out with an X."
CNJ-051,both...and,Conjunction,,"Flat vector illustration, thick uniform outline, flat colour fills only, no gradients, no shading, no texture, simple geometric shapes, single centred subject, plain pale background, generous margins, minimal detail, absolutely no text, no letters, no words, no numbers, no signage. Scene: Two hands linked together, holding up one shared object."
CNJ-052,not only...but also,Conjunction,,"Flat vector illustration, thick uniform outline, flat colour fills only, no gradients, no shading, no texture, simple geometric shapes, single centred subject, plain pale background, generous margins, minimal detail, absolutely no text, no letters, no words, no numbers, no signage. Scene: One gift box opened to reveal a second, bigger surprise inside."
CNJ-053,whether...or,Conjunction,,"Flat vector illustration, thick uniform outline, flat colour fills only, no gradients, no shading, no texture, simple geometric shapes, single centred subject, plain pale background, generous margins, minimal detail, absolutely no text, no letters, no words, no numbers, no signage. Scene: A coin spinning in the air, not yet landed on either side."
CNJ-054,provided that,Conjunction,,"Flat vector illustration, thick uniform outline, flat colour fills only, no gradients, no shading, no texture, simple geometric shapes, single centred subject, plain pale background, generous margins, minimal detail, absolutely no text, no letters, no words, no numbers, no signage. Scene: A contract with one key clause underlined in red."
CNJ-055,as long as,Conjunction,,"Flat vector illustration, thick uniform outline, flat colour fills only, no gradients, no shading, no texture, simple geometric shapes, single centred subject, plain pale background, generous margins, minimal detail, absolutely no text, no letters, no words, no numbers, no signage. Scene: A rope stretched between two points, holding steady as long as both ends stay fixed."
CNJ-056,even if,Conjunction,,"Flat vector illustration, thick uniform outline, flat colour fills only, no gradients, no shading, no texture, simple geometric shapes, single centred subject, plain pale background, generous margins, minimal detail, absolutely no text, no letters, no words, no numbers, no signage. Scene: A candle flame that stays lit even as wind blows against it."
CNJ-057,such that,Conjunction,,"Flat vector illustration, thick uniform outline, flat colour fills only, no gradients, no shading, no texture, simple geometric shapes, single centred subject, plain pale background, generous margins, minimal detail, absolutely no text, no letters, no words, no numbers, no signage. Scene: Gears fitted together such that turning one moves all the others in sequence."
CNJ-058,in case,Conjunction,,"Flat vector illustration, thick uniform outline, flat colour fills only, no gradients, no shading, no texture, simple geometric shapes, single centred subject, plain pale background, generous margins, minimal detail, absolutely no text, no letters, no words, no numbers, no signage. Scene: A spare key hidden under a doormat, just in case the main one is lost."
CNJ-059,given that,Conjunction,,"Flat vector illustration, thick uniform outline, flat colour fills only, no gradients, no shading, no texture, simple geometric shapes, single centred subject, plain pale background, generous margins, minimal detail, absolutely no text, no letters, no words, no numbers, no signage. Scene: A fact placed on one side of a scale, tipping the decision on the other side."
CNJ-060,granted that,Conjunction,,"Flat vector illustration, thick uniform outline, flat colour fills only, no gradients, no shading, no texture, simple geometric shapes, single centred subject, plain pale background, generous margins, minimal detail, absolutely no text, no letters, no words, no numbers, no signage. Scene: One hand offering a small concession before the other hand makes a firmer point."
